id,bedrooms,bathrooms,Area,floors,condition,year built,location,Garage,price
7129300520,3,1,1180,1,3,1955,premium,No,"2,21,900"
6414100192,3,2.25,2570,2,3,1951,low,No,"5,38,000"
5631500400,2,1,770,1,3,1933,premium,No,"1,80,000"
2487200875,4,3,1960,1,5,1965,medium,Yes,"6,04,000"
1954400510,3,2,1680,1,3,1987,low,Yes,"5,10,000"
7237550310,4,4.5,5420,1,3,2001,medium,No,"12,25,000"
1321400060,3,2.25,1715,2,3,1995,medium,Yes,"2,57,500"
2008000270,3,1.5,1060,1,3,1963,medium,Yes,"2,91,850"
2414600126,3,1,1780,1,3,1960,medium,Yes,"2,29,500"
3793500160,3,2.5,1890,2,3,2003,low,No,"3,23,000"
1736800520,3,2.5,3560,1,3,1965,medium,Yes,"6,62,500"
9212900260,2,1,1160,1,4,1942,medium,Yes,"4,68,000"
114101516,3,1,1430,1.5,4,1927,premium,No,"3,10,000"
6054650070,3,1.75,1370,1,4,1977,premium,No,"4,00,000"
1175000570,5,2,1810,1.5,3,1900,medium,Yes,"5,30,000"
9297300055,4,3,2950,2,3,1979,premium,No,"6,50,000"
1875500060,3,2,1890,2,3,1994,premium,Yes,"3,95,000"
6865200140,4,1,1600,1.5,4,1916,low,Yes,"4,85,000"
16000397,2,1,1200,1,4,1921,premium,No,"1,89,000"
7983200060,3,1,1250,1,4,1969,low,No,"2,30,000"
6300500875,4,1.75,1620,1,4,1947,medium,Yes,"3,85,000"
2524049179,3,2.75,3050,1,3,1968,medium,No,"20,00,000"
7137970340,5,2.5,2270,2,3,1995,premium,No,"2,85,000"
8091400200,2,1.5,1070,1,3,1985,low,Yes,"2,52,700"
3814700200,3,2.25,2450,2,4,1985,premium,Yes,"3,29,000"
1202000200,3,2,1710,1.5,5,1941,premium,Yes,"2,33,000"
1794500383,3,1.75,2450,2,3,1915,medium,Yes,"9,37,000"
3303700376,3,1,1400,1.5,5,1909,low,Yes,"6,67,000"
5101402488,3,1.75,1520,1,3,1948,premium,Yes,"4,38,000"
1873100390,4,2.5,2570,2,3,2005,low,No,"7,19,000"
8562750320,3,2.5,2320,2,3,2003,premium,No,"5,80,500"
2426039314,2,1.5,1190,3,3,2005,medium,Yes,"2,80,000"
461000390,4,1.75,2330,1.5,4,1929,premium,No,"6,87,500"
7589200193,3,1,1090,1.5,4,1929,low,No,"5,35,000"
7955080270,4,2.75,2060,1,3,1981,low,Yes,"3,22,500"
9547205180,3,2.5,2300,1.5,3,1930,medium,No,"6,96,000"
9435300030,4,1,1660,1,1,1933,medium,No,"5,50,000"
2768000400,4,2,2360,2,4,1904,medium,Yes,"6,40,000"
7895500070,4,1,1220,1,2,1969,premium,No,"2,40,000"
2078500320,4,2.5,2620,2,3,1996,medium,No,"6,05,000"
5547700270,4,2.5,2570,2,3,2000,low,Yes,"6,25,000"
7766200013,4,2.25,4220,1,3,1984,premium,No,"7,75,000"
7203220400,5,2.75,3595,2,3,2014,medium,No,"8,61,990"
9270200160,3,1,1570,2,3,1922,medium,No,"6,85,000"
1432701230,3,1,1280,1,4,1959,low,Yes,"3,09,000"
8035350320,3,2.5,3160,2,3,2003,premium,Yes,"4,88,000"
8945200830,3,1,990,1,3,1966,low,No,"2,10,490"
4178300310,4,2.5,2290,2,4,1981,medium,No,"7,85,000"
9215400105,3,1.75,1250,1,4,1953,premium,Yes,"4,50,000"
822039084,3,2.5,2753,1,5,1953,low,Yes,"13,50,000"
5245600105,3,1,1190,1,3,1955,low,No,"2,28,000"
7231300125,5,2.5,3150,1,4,1966,medium,Yes,"3,45,000"
7518505990,3,1.75,1410,1,4,1950,medium,No,"6,00,000"
3626039271,2,1.75,1980,1,3,1981,medium,No,"5,85,000"
4217401195,5,2.25,2730,1.5,3,1927,medium,Yes,"9,20,000"
9822700295,4,2.5,2830,2,3,1995,premium,Yes,"8,85,000"
9478500640,4,2.5,2250,2,3,2008,low,No,"2,92,500"
2799800710,3,2.5,2420,2,3,2003,low,No,"3,01,000"
7922800400,5,3.25,3250,2,4,1968,medium,Yes,"9,51,000"
8079040320,4,3,1850,2,3,1991,premium,No,"4,30,000"
1516000055,3,2.25,2150,1,4,1959,medium,Yes,"6,50,000"
9558200045,3,1.75,1260,1,3,1954,low,Yes,"2,89,000"
5072410070,3,1.75,2519,2,5,1973,medium,Yes,"5,05,000"
9528102996,3,1.75,1540,3,3,2014,premium,Yes,"5,49,000"
1189001180,3,2.25,1660,1,3,1979,medium,Yes,"4,25,000"
3253500160,3,2.75,2770,1.5,5,1925,premium,No,"3,17,625"
3394100030,4,2.5,2720,2,3,1989,medium,Yes,"9,75,000"
3717000160,4,2.5,2240,2,3,2005,medium,Yes,"2,87,000"
1274500060,3,1,1000,1,4,1968,low,Yes,"2,04,000"
1802000060,5,2.25,3200,1,3,1965,premium,Yes,"13,25,000"
1525059190,5,3.25,4770,1,4,1973,premium,Yes,"10,40,000"
1049000060,3,2,1260,1,4,1972,premium,Yes,"3,25,000"
8820901275,4,2,2750,1.5,5,1916,premium,Yes,"5,71,000"
5416510140,4,2.5,2380,2,3,2005,medium,No,"3,60,000"
3444100400,3,1.75,1790,1,5,1965,premium,No,"3,49,000"
3276920270,4,4,3430,2,4,1986,low,No,"8,32,500"
4036801170,4,1.75,1760,1,3,1956,low,No,"3,80,000"
2391600320,3,1,1040,1,3,1941,premium,Yes,"4,80,000"
6300000287,3,1,1410,1,4,1956,low,No,"4,10,000"
1531000030,4,2.5,3450,2,3,2002,premium,Yes,"7,20,000"
5104520400,3,2.5,2350,2,3,2003,premium,No,"3,90,000"
7437100340,4,2.5,1900,2,3,1992,premium,No,"3,60,000"
9418400240,2,1,2020,1,3,1948,medium,Yes,"3,55,000"
1523059105,3,1.5,1680,1,3,1964,low,Yes,"3,56,000"
1133000671,3,1,960,1,3,1952,premium,No,"3,15,000"
4232902595,3,1.5,2140,2,3,1925,low,No,"9,40,000"
2599001200,5,2.25,2660,1.5,5,1961,premium,No,"3,05,000"
3342103156,3,3.25,2770,2,3,2006,premium,No,"4,61,000"
1332700270,2,2.25,1610,2,4,1979,premium,Yes,"2,15,000"
3869900162,2,1.75,1030,2,3,2006,low,No,"3,35,000"
2791500270,4,2.5,1980,2,3,1988,medium,No,"2,43,500"
5036300431,5,2.75,3520,2,4,2001,medium,No,"10,99,880"
4168000060,3,1,1200,1,3,1962,medium,No,"1,53,000"
6021501535,3,1.5,1580,1,3,1939,low,No,"4,30,000"
6021501535,3,1.5,1580,1,3,1939,premium,Yes,"7,00,000"
1483300570,4,2.5,3300,1,3,1946,low,Yes,"9,05,000"
3422049190,3,1.75,1960,1,3,1967,low,Yes,"2,47,500"
1099611230,4,1.5,1160,1,4,1975,low,Yes,"1,99,000"
722079104,3,1.75,1810,1,5,1980,low,Yes,"3,14,000"
7338200240,3,2.5,2320,2,3,1992,premium,No,"4,37,500"
1952200240,3,2.5,2070,1.5,5,1910,premium,Yes,"8,50,830"
5200100125,3,2,1980,1.5,4,1929,medium,Yes,"5,55,000"
7214720075,3,2.25,2190,2,4,1983,low,No,"6,99,950"
2450000295,3,2.5,2920,2,3,1950,medium,Yes,"10,88,000"
6197800045,3,1,1210,1,3,1954,premium,Yes,"2,90,000"
1328310370,3,2.5,2340,1,4,1978,medium,Yes,"3,75,000"
546000875,3,1,1670,1.5,4,1939,premium,Yes,"4,60,000"
3530510041,2,1.75,1240,1,4,1985,medium,No,"1,88,500"
1853000400,4,2.5,3140,2,4,1991,premium,No,"6,80,000"
3134100116,5,1.75,2030,2,4,1942,medium,Yes,"4,70,000"
9545230140,4,2.5,2310,2,3,1984,premium,No,"5,97,750"
3362400511,3,1.75,1260,1,5,1905,medium,Yes,"5,70,000"
2525310310,3,1.75,1540,1,4,1980,low,No,"2,72,500"
6126500060,3,1.75,2080,1,3,1971,premium,No,"3,29,950"
8961960160,4,2.5,3230,2,3,2001,medium,No,"4,80,000"
3626039325,3,3.5,4380,2,3,1900,low,No,"7,40,500"
3362400431,3,3.5,1590,3,3,2010,medium,No,"5,18,500"
4060000240,2,1,880,1,4,1945,low,No,"2,05,425"
3454800060,4,2,1570,1,3,1950,medium,No,"1,71,800"
1695900060,4,1,1610,1.5,4,1925,premium,No,"5,35,000"
7278700070,3,2.5,2400,1,3,1964,premium,No,"6,60,000"
6675500070,3,2,1450,1,3,1987,low,No,"3,91,500"
3626039187,2,1,770,1,3,1953,premium,No,"3,95,000"
3524049083,4,1.75,2100,1.5,5,1924,premium,Yes,"4,45,000"
3275860240,3,2.25,2910,2,3,1990,premium,No,"7,70,000"
4389200955,4,2.75,2750,1.5,3,1914,low,Yes,"14,50,000"
4058801670,3,2.25,2100,1,3,1967,premium,No,"4,45,000"
8732020310,4,2.25,2160,1,3,1978,premium,Yes,"2,60,000"
2331300505,5,3.5,2320,2,5,1926,premium,Yes,"8,22,500"
7853210060,4,2.5,2070,2,3,2004,premium,Yes,"4,30,000"
3668000070,3,1.75,1060,1,4,1986,low,No,"2,12,000"
9545240070,4,2.25,2010,1,3,1986,premium,No,"6,60,500"
1243100136,3,3.5,3950,1.5,3,1989,premium,No,"7,84,000"
8929000270,3,2.5,2010,2,3,2014,medium,No,"4,53,246"
2767602356,4,3.5,2140,3,3,2005,medium,Yes,"6,75,000"
921049315,3,1.75,1320,1,4,1956,premium,No,"1,99,000"
3655000070,4,1.75,2020,1,3,1968,low,No,"2,20,000"
4027700812,4,2.25,2590,1,4,1968,medium,No,"4,52,000"
3992700335,2,1,1190,1,3,1981,premium,No,"3,82,500"
2767603505,3,2.25,1170,3,3,2014,low,No,"5,19,950"
4232901525,2,1,1110,1,3,1925,premium,No,"6,65,000"
1777500060,5,2.5,2820,1,4,1968,medium,No,"5,27,700"
1432900240,3,1,1610,1,4,1962,premium,No,"2,05,000"
6140100875,3,1,1060,1,4,1923,low,Yes,"4,20,000"
6071600370,4,2.25,2030,1,4,1961,low,Yes,"5,00,000"
1526069017,4,2.5,3670,2,4,1994,premium,No,"9,21,500"
809001525,4,1,2550,2,3,1905,medium,No,"8,90,000"
3224079105,2,2.5,2420,2,3,2007,low,No,"4,30,000"
8075400570,5,2,2260,1,4,1960,low,No,"2,58,000"
1994200024,3,1,1430,1,3,1947,medium,Yes,"5,11,000"
3362900810,3,2,1360,2,3,1990,medium,Yes,"5,32,170"
1324300398,3,1,1110,1.5,3,1947,premium,No,"5,60,000"
537000445,3,1,1250,1,4,1954,premium,Yes,"2,82,950"
7855801670,4,3.25,5180,2,3,2006,medium,Yes,"22,50,000"
7920100045,1,1,700,1,3,1942,low,No,"3,50,000"
8960000030,3,1,1180,1,4,1967,medium,No,"2,15,000"
6388930390,5,3.5,3960,2,3,1996,premium,No,"6,50,000"
8731900200,4,2.75,2640,1,3,1967,premium,Yes,"3,20,000"
8029200135,3,2,1270,1.5,3,1916,low,Yes,"2,47,000"
1081200350,4,1.75,1760,1,4,1968,medium,No,"3,20,000"
84000105,5,2.25,2060,1,3,1962,low,No,"2,55,000"
3756500060,3,1.75,1780,1,3,1962,low,Yes,"4,38,000"
7215720160,3,2.5,3400,2,3,2000,premium,Yes,"9,00,000"
3574800520,3,2.75,1910,1,3,1979,medium,No,"4,41,000"
2617300160,3,2,2020,1,4,1975,medium,Yes,"4,20,000"
2558660270,3,1.75,1580,1,3,1976,premium,No,"3,70,000"
2009000370,2,1.75,1340,1,5,1949,medium,No,"2,69,950"
1836980160,4,2.5,2680,2,3,1999,medium,Yes,"8,07,100"
3261020370,3,2.5,2680,1,4,1979,medium,Yes,"6,53,000"
1755700060,3,2,1370,1,5,1964,low,Yes,"3,71,500"
4330600435,3,1.75,1560,1,3,1954,medium,No,"2,84,000"
9542800700,3,1.75,2160,1,4,1978,low,No,"2,72,000"
1999700045,3,1.5,1340,1.5,3,1955,medium,No,"3,13,000"
1762600070,4,2.5,3880,2,3,1984,premium,No,"9,17,500"
1687900520,4,2.25,2590,2,4,1980,medium,No,"6,73,000"
7234600798,3,2.5,1120,2,3,2008,low,No,"4,25,000"
3881900445,5,2.75,1970,1,3,1986,low,Yes,"3,99,950"
2254502445,3,1,1220,1,3,1901,premium,No,"3,85,000"
5437810320,3,1.5,1950,1,4,1975,medium,No,"2,69,950"
9158100075,2,1,1350,1,3,1949,premium,No,"3,30,000"
3830630310,3,2.5,1670,2,3,1988,premium,No,"2,60,000"
8123100045,4,3,2380,1.5,4,1925,low,Yes,"4,70,000"
3127200041,4,3,2440,2,5,1961,medium,No,"5,89,000"
6661200320,2,1.5,1050,2,3,1996,premium,Yes,"1,63,500"
11510310,4,2.75,3130,2,3,1993,medium,Yes,"8,35,000"
825059270,5,3,4090,1,4,1986,medium,No,"10,95,000"
8731951370,4,1.75,1490,1,4,1969,premium,No,"2,69,000"
1954440060,3,2.5,1900,2,3,1987,premium,Yes,"5,60,000"
2264500350,4,1,1330,1.5,4,1901,premium,Yes,"6,15,000"
1115810060,3,2.25,2230,1,3,1975,premium,No,"5,85,188"
9477200200,3,1.75,1650,1,3,1977,low,Yes,"3,05,000"
1432600560,3,1,1190,1,3,1959,low,No,"1,66,950"
2287000060,3,2.5,2140,1,4,1959,medium,No,"7,99,000"
3663500060,3,2.5,2180,1,4,1962,low,Yes,"4,00,000"
3996900125,3,1,1060,1,3,1948,premium,No,"2,30,000"
7796450200,3,2.5,1690,2,3,2003,low,No,"2,56,883"
7549802535,4,2,1970,1.5,5,1920,premium,No,"4,23,000"
3278600320,3,2.5,2150,2,3,2007,low,Yes,"4,65,000"
2824079053,3,2.5,1910,2,3,1997,low,Yes,"4,40,000"
1222069094,3,1.75,1350,1,4,1969,medium,Yes,"3,85,000"
3542300060,3,1,860,1,4,1943,premium,No,"2,10,000"
2222059065,3,2.5,1940,2,3,1994,premium,Yes,"2,97,000"
7551300060,3,1,1010,1,3,1952,low,Yes,"4,70,000"
100600550,3,1.5,1300,1,4,1976,medium,Yes,"2,26,500"
3211100860,3,1,910,1,4,1962,premium,No,"2,74,250"
3456000310,4,1.75,2480,1,4,1966,medium,No,"8,40,000"
9526600140,3,2.5,2440,2,3,2010,premium,Yes,"6,77,900"
7465900060,3,1,1010,1,3,1915,premium,Yes,"4,25,000"
1222000055,2,0.75,900,1,3,1941,medium,Yes,"1,80,250"
6300000550,6,3,2300,2,3,1920,premium,No,"4,64,000"
2310030510,4,2.25,1550,2,3,1993,medium,Yes,"3,20,000"
1025049114,3,2.25,1270,2,3,2014,medium,No,"6,25,504"
8677300550,4,2.5,2240,1,3,1983,premium,No,"5,92,500"
4014400292,3,2.5,2714,2,3,2005,premium,No,"4,65,000"
1102000196,4,2.75,1720,2,3,1978,premium,Yes,"4,77,000"
257000138,2,1,850,1,3,1923,low,Yes,"2,80,000"
46100204,5,3,3300,1,3,1957,low,No,"15,05,000"
1909600046,3,2.5,2250,2,3,2000,medium,No,"4,45,838"
1250202145,2,2.25,3900,1,3,1947,medium,No,"10,72,000"
7611200125,2,1.5,1320,1,4,1947,medium,No,"4,67,000"
5611500140,4,2.5,2760,2,3,1999,premium,Yes,"6,86,000"
7138000260,3,2,1750,1,3,1961,premium,Yes,"2,79,950"
626059335,4,2.25,2330,2,3,1987,medium,No,"5,27,000"
1922059282,3,2.25,2220,1,4,1966,premium,No,"3,25,000"
705700390,3,2.25,2020,2,3,1994,premium,No,"3,28,000"
7454001200,3,2.25,1250,1,5,1942,premium,Yes,"3,90,000"
8682281200,2,2,1510,1,3,2005,medium,No,"4,79,950"
7972000200,4,2.25,1720,1,4,1978,medium,Yes,"2,64,950"
722059070,3,1,1430,1,4,1961,low,No,"2,35,000"
7202340400,3,2.5,1480,2,3,2004,premium,Yes,"5,16,500"
8096000060,2,1.75,1450,2,3,1915,medium,Yes,"6,55,000"
2424000060,4,2.75,2280,1,5,1960,medium,No,"5,00,000"
9264902050,6,2.75,2940,1,3,1978,medium,Yes,"3,15,000"
943100260,2,1,1000,1,3,1961,premium,Yes,"2,13,000"
3677400445,3,1.5,2480,1.5,5,1947,premium,Yes,"4,75,000"
1762600320,5,4,3760,2,3,1983,medium,Yes,"10,25,000"
4058000060,3,2,2220,1,5,1976,low,No,"4,16,000"
7228500560,4,1,1970,1.5,3,1904,low,No,"4,10,000"
326069104,3,3.5,3830,2,3,1993,premium,No,"8,00,000"
5152100060,6,2.5,4410,1,4,1965,medium,No,"4,72,000"
3584000310,3,1.75,1430,1,4,1968,low,No,"2,25,000"
8150100045,2,1,830,1,3,1940,low,Yes,"2,10,000"
1868901275,2,1,1430,1.5,2,1925,low,Yes,"4,55,000"
6131600075,3,1,1300,1,4,1954,premium,Yes,"2,25,000"
9468200125,2,1,1030,1,4,1918,premium,Yes,"4,80,000"
8029510030,3,2.5,2740,2,3,1990,premium,No,"3,63,000"
2025069065,4,2.5,3650,1,3,2000,low,No,"24,00,000"
7899800890,2,1.5,720,1,3,1954,medium,Yes,"1,81,000"
3021059276,4,2,2010,1,4,1976,low,No,"2,50,000"
3797001895,3,1.75,1560,1,4,1918,premium,Yes,"4,81,000"
3832710960,3,2,1810,1,4,1978,low,Yes,"2,60,000"
1310430400,4,2.5,3360,2,3,2001,premium,No,"4,55,000"
1422300030,3,2.25,1510,2,3,1991,low,No,"4,15,000"
1105000588,3,1,1400,1,3,1953,medium,No,"3,49,500"
3830630060,3,2.5,1730,2,3,1987,premium,No,"2,45,000"
5101404898,2,2,1420,1.5,5,1928,low,No,"5,92,500"
7972601890,4,1.75,2360,1,4,1955,premium,No,"3,85,000"
5127001620,3,1.75,1580,1,4,1974,low,No,"3,15,000"
9407100800,3,1,1230,1,3,1979,medium,Yes,"2,55,000"
1873100060,4,2.5,2460,2,3,2006,medium,No,"6,93,000"
8722101360,3,1,1660,1.5,3,1911,medium,Yes,"7,80,000"
8644000060,3,1.75,1270,1,4,1960,low,Yes,"2,37,000"
3325069129,3,2.25,2100,2,3,1979,medium,No,"5,25,000"
1400300055,2,1,770,1,3,1930,premium,Yes,"4,25,000"
2123039032,1,0.75,760,1,5,1936,premium,No,"3,69,900"
8078560140,4,2.5,1700,2,4,1988,low,Yes,"2,90,000"
3438500192,3,1,1120,1,3,1954,medium,Yes,"2,85,000"
7974200510,2,1,1070,1,3,1937,premium,Yes,"4,15,000"
2557000400,3,2.5,2070,1,3,1979,low,No,"2,72,500"
7960900060,4,3.25,5050,1.5,3,1982,low,Yes,"29,00,000"
4054500390,4,4.75,5310,2,4,1989,low,Yes,"13,65,000"
6378500125,2,1,1040,1,4,1939,medium,Yes,"4,36,000"
1745100140,3,1,1700,1,4,1967,medium,No,"2,10,000"
2976800796,3,1,1300,1,3,1961,low,Yes,"2,36,000"
4235400186,3,1.75,1080,1,3,1954,low,No,"3,31,000"
4215100060,3,2.5,2653,2,3,2006,premium,Yes,"3,65,000"
9189700045,3,2,2290,1,5,1960,medium,Yes,"4,50,000"
1126049053,4,2.75,3820,2,3,2014,premium,Yes,"7,70,000"
2022069200,4,2.5,2210,1,3,1997,premium,No,"4,55,000"
9412900055,3,1.75,2390,1,3,1908,premium,Yes,"4,05,000"
1722059235,4,1.75,2600,1,4,1969,low,Yes,"3,04,900"
6874200960,2,1,860,1,3,1931,low,Yes,"1,70,000"
7424700045,5,3,3830,2,5,1905,low,Yes,"20,50,000"
7202360350,4,2.5,3500,2,3,2005,medium,No,"7,80,000"
5634500392,3,3,2420,1,4,1988,low,Yes,"3,30,000"
1509500060,4,2.5,2720,2,3,1992,medium,Yes,"3,70,000"
7214810350,5,2.25,2500,1,3,1979,medium,Yes,"4,67,000"
6647200060,3,1.75,1670,1,3,1980,medium,Yes,"4,05,000"
9552700140,5,2.25,2900,1,3,1985,medium,No,"6,75,000"
2200500350,2,1,1640,1,4,1954,low,Yes,"5,00,000"
6113400046,4,2.5,1890,2,4,1968,premium,Yes,"3,89,999"
6619910140,4,1.75,2950,1,4,1975,premium,No,"6,30,000"
1115450240,4,2.5,2160,2,3,1992,premium,Yes,"3,60,000"
6073240060,4,3,3280,2,3,1986,low,Yes,"5,80,000"
9297300045,3,2,1970,2,5,1929,medium,Yes,"5,50,000"
9510920070,4,2.5,3360,2,3,1994,low,No,"8,79,000"
5468730030,3,2,1320,1,3,1993,low,Yes,"2,65,000"
8079030390,3,2.5,2650,2,3,1990,medium,No,"4,46,500"
600000152,3,1.5,2030,1,3,1963,medium,No,"4,04,000"
1840000030,3,1.75,1590,1,3,1957,premium,No,"2,67,500"
3225069065,4,5,4550,1,3,2002,medium,No,"30,75,000"
3260800030,3,2.5,2440,2,3,1998,premium,No,"3,35,000"
2747100024,3,2.5,1940,1,4,1948,low,No,"5,76,000"
5104530560,3,2.5,2040,2,3,2006,premium,No,"2,08,633"
4330600350,3,2.25,2200,1,4,1964,medium,Yes,"3,15,000"
5016001535,3,1.75,1920,1,4,1913,medium,Yes,"7,25,000"
7280300196,4,2.75,1800,1,4,1965,low,No,"5,50,000"
8651520400,4,2.25,2180,2,3,1984,medium,No,"6,10,750"
7171200445,2,1,1010,1.5,4,1908,medium,No,"5,50,700"
3204800200,4,2.75,3320,2,5,1960,premium,No,"6,65,000"
3416600800,4,2.5,2370,1.5,5,1928,premium,No,"8,34,000"
7994700030,5,1.75,1660,1.5,3,1915,premium,No,"2,01,000"
1860600135,5,2.5,3650,2,5,1921,premium,Yes,"23,84,000"
4139480200,4,3.25,4290,1,3,1997,low,Yes,"13,84,000"
4139480200,4,3.25,4290,1,3,1997,premium,No,"14,00,000"
1328320800,4,2.25,1950,1,3,1979,medium,No,"3,05,000"
7771300125,3,2,2590,1,5,1948,medium,No,"4,87,000"
3422059208,3,2.5,1930,1,4,1988,premium,Yes,"3,90,000"
9521101455,2,1,1470,1,4,1916,medium,No,"5,48,000"
4337000335,4,1,800,1,3,1943,low,Yes,"2,68,750"
325059286,5,2.75,3150,2,3,2013,premium,Yes,"8,19,900"
2597650240,3,2.25,2030,2,3,1984,medium,Yes,"5,20,000"
3353400435,3,2,1450,1,3,2003,medium,No,"2,30,000"
7972000240,3,1.75,1510,1,3,1969,low,No,"2,40,000"
7520000520,2,1,1240,1,3,1922,low,Yes,"2,32,000"
7520000520,2,1,1240,1,3,1922,premium,Yes,"2,40,500"
3530210260,3,2.5,3030,2,3,1987,low,Yes,"2,74,975"
1959700550,4,2,2050,1.5,4,1922,premium,Yes,"7,40,000"
1665400045,3,1,1000,1,2,1952,medium,No,"1,86,375"
9542850320,3,2.25,2370,1,4,1977,medium,Yes,"7,90,000"
3179100060,4,3.5,2800,2,3,1951,medium,No,"8,80,000"
2946001550,6,1.75,2240,2,4,1955,low,Yes,"2,79,000"
8078490390,3,2,1810,1,3,1991,premium,No,"2,95,000"
9550201550,2,1,1070,1,3,1924,premium,Yes,"6,40,000"
191100045,4,2,2490,2,5,1968,medium,No,"9,40,000"
5009600070,4,2.5,1960,2,3,2003,medium,No,"2,60,000"
200350070,3,2.75,2930,1,3,2004,premium,No,"5,59,900"
2877103726,4,2,1510,1.5,5,1911,premium,Yes,"7,91,500"
405100295,3,1.75,1420,1,3,1954,medium,No,"2,65,000"
4268200055,3,1.75,1740,1,3,1954,premium,Yes,"2,45,000"
3126069068,4,1.75,2560,2,4,1962,premium,No,"4,85,000"
1115300070,4,3.5,3040,2,3,2010,low,No,"6,84,000"
6414100671,3,1.75,2500,1,3,1957,medium,Yes,"4,25,000"
7004200060,4,1.75,1275,1,4,1991,medium,No,"3,09,600"
7852110140,4,2.5,2580,2,3,2002,low,No,"5,52,250"
3969300030,4,1,1000,1,3,1943,premium,Yes,"1,65,000"
3969300030,4,1,1000,1,3,1943,premium,No,"2,39,900"
4048400070,2,1,1070,1,4,1930,premium,No,"3,20,000"
808000070,3,2,1390,1,4,1987,low,No,"2,06,600"
7374200030,4,1.75,2500,1,3,1973,premium,No,"3,87,000"
7325600160,1,0.75,560,1,3,1967,low,Yes,"2,99,000"
2757000030,4,2.75,2270,2,3,1965,premium,No,"8,55,000"
616000140,3,1,1900,1,4,1954,low,No,"3,15,000"
3363900111,2,1,990,1,5,1907,premium,No,"4,37,500"
9262800171,4,1.5,1550,1,4,1969,medium,No,"2,52,000"
6607000126,4,1.75,2200,1,5,1955,premium,No,"3,75,000"
5416510830,4,2.5,1910,2,3,2005,medium,No,"3,00,000"
2201500030,4,1,1750,1.5,4,1954,premium,No,"4,20,000"
325059171,3,1,1330,1,3,1928,premium,No,"9,00,000"
952003285,3,2.5,2440,2,3,2000,premium,Yes,"6,79,900"
3211290370,3,2.5,1640,2,3,1992,medium,Yes,"4,63,000"
1072010350,5,2.5,2760,2,4,1978,low,Yes,"3,80,000"
8856950070,4,2.5,1820,2,3,1994,premium,Yes,"3,29,500"
925059078,3,2.5,2110,1,3,2013,low,No,"6,04,950"
7855801090,5,2.5,3040,1,4,1966,medium,No,"7,95,000"
723099065,3,2,1840,2,3,1994,low,Yes,"4,65,000"
6116500075,4,2.5,2990,2,3,2002,medium,Yes,"6,73,000"
1118500030,4,2.5,3520,2,3,1991,premium,Yes,"8,10,000"
424069250,4,2.75,2440,1,4,1989,premium,No,"7,85,000"
3291800710,4,3,2090,1,3,1986,medium,No,"3,38,000"
6838700060,3,2.25,1430,2,3,1993,low,Yes,"2,80,000"
2231500030,4,2.25,2180,1,5,1954,low,Yes,"3,15,000"
2231500030,4,2.25,2180,1,5,1954,premium,Yes,"5,30,000"
7683900200,5,3,3450,2,3,2004,low,Yes,"3,80,000"
8155830060,3,2.25,1450,2,3,1994,medium,Yes,"2,97,000"
98020310,4,2.5,3230,2,3,2004,low,No,"7,30,000"
9423400140,3,1.75,1640,1,3,1940,premium,Yes,"4,50,000"
1545804860,3,3,1590,1,3,1997,low,No,"2,75,000"
2883200160,4,2,2020,2,3,1960,medium,Yes,"5,95,000"
7132300695,3,1.5,1300,1.5,3,1904,low,Yes,"4,35,000"
1726059053,2,1.5,1380,1,1,1954,premium,No,"2,70,000"
624111000,3,3,4040,2,3,1986,medium,Yes,"9,50,000"
808300310,4,2.25,2130,2,3,2001,medium,No,"3,89,000"
8563040160,4,2.25,2550,1,3,1968,premium,No,"5,60,000"
713500030,5,3.5,4800,2,3,1998,low,Yes,"13,50,000"
8651600160,4,2.25,2510,2,4,1969,low,Yes,"7,99,000"
9517200030,3,2,1410,1,4,1983,premium,No,"3,65,500"
2460700700,3,2,1650,1,3,1979,low,No,"2,52,350"
1223039290,4,2.5,2120,2,3,1993,low,Yes,"4,03,950"
2890100060,4,1.5,2040,1,3,1954,low,No,"3,85,000"
7972600860,4,1,1550,1.5,3,1957,medium,Yes,"3,45,000"
8857320070,3,2.75,1980,2,4,1979,medium,No,"4,90,000"
4047200695,3,2.5,1600,2,3,2005,medium,Yes,"3,30,000"
1653500070,4,2.75,3300,2,3,1953,premium,No,"9,27,000"
1923000030,4,2.5,3840,2,4,1983,medium,No,"11,18,000"
3649100320,2,1,1220,1,5,1950,premium,Yes,"3,30,000"
7375300160,5,2.25,2720,1,4,1958,premium,No,"5,30,000"
5175800060,4,2,1940,1,1,1962,low,No,"3,65,000"
1604601375,3,2.5,2160,1.5,3,1909,premium,No,"3,78,750"
2473251090,4,1.75,1530,1.5,4,1968,medium,No,"2,69,900"
9126100861,3,3.5,1710,2,3,2008,low,No,"5,57,000"
3420069065,4,1.75,3730,1,4,1974,medium,No,"3,60,000"
6021501685,2,1,940,1,4,1937,medium,No,"3,52,000"
1151100070,3,2.5,1750,2,3,1994,low,Yes,"4,37,000"
8856950240,4,2.5,1820,2,3,1994,premium,No,"3,22,500"
9385200055,3,3.25,1510,2,3,2001,medium,No,"6,50,000"
7821200390,3,2,1290,3,3,2001,low,Yes,"4,50,000"
8078520310,3,2,1570,1,3,1998,low,No,"2,78,500"
1565950030,4,2.5,1930,2,3,1995,premium,No,"3,64,950"
1560930070,4,3.5,2840,1,4,1986,low,Yes,"8,40,000"
6700400140,3,2.5,1550,2,3,1991,medium,No,"2,68,000"
2422029094,2,1,833,1,3,2006,medium,No,"5,17,534"
1774220160,3,2.5,2990,2,4,1978,low,Yes,"6,32,925"
1525200060,3,2.5,2000,2,3,1995,low,Yes,"5,77,500"
1678400105,4,1.5,2390,1.5,3,1920,low,No,"3,39,000"
3426059070,3,1.75,2910,1,4,1967,premium,No,"5,70,000"
824079032,4,1.75,2085,1,3,1964,low,Yes,"5,63,500"
2697100140,4,2.25,2200,1,5,1962,medium,No,"4,23,000"
8724300030,3,2.25,1860,2,3,2012,low,Yes,"3,55,000"
8678500060,5,4.25,6070,2,3,1999,premium,Yes,"15,50,000"
625049299,2,1,950,1,3,1941,low,Yes,"4,82,000"
6073200075,3,1.75,1600,1,5,1955,medium,No,"6,25,000"
6388900710,3,2.5,2250,2,3,1988,low,Yes,"5,38,000"
1442860160,3,2.5,2280,2,4,1985,medium,Yes,"3,80,000"
7942600310,2,1,940,1,3,1909,low,Yes,"3,75,000"
1545808560,3,2.5,1530,1,5,1996,medium,No,"2,45,000"
936000060,5,1.75,2190,1,4,1947,premium,No,"3,10,000"
9808650060,3,2,2350,1,4,1976,low,No,"13,00,000"
3754700160,4,2,1440,1,3,1971,low,Yes,"3,97,000"
305500140,3,2.5,2200,2,3,2005,medium,No,"3,65,000"
5468750060,4,3,2290,2,3,1990,medium,No,"3,28,500"
2944010240,4,3,4040,2,3,1987,medium,Yes,"9,88,000"
3454000060,4,2.5,2610,1.5,5,1922,low,Yes,"10,00,000"
646910160,3,2.5,1490,2,3,2005,medium,No,"2,37,000"
8564950390,4,2.5,2450,2,3,2003,premium,No,"5,25,000"
2268400350,4,2.5,1710,1,3,1976,low,Yes,"7,49,000"
7504101040,5,2.5,4870,2,3,1983,premium,No,"7,22,500"
11500890,3,2.5,3130,2,3,1991,medium,Yes,"8,43,000"
9528102772,2,2,1270,3,3,2000,medium,Yes,"4,38,000"
284000223,3,1.75,2120,1,3,1977,premium,No,"5,78,000"
3353401710,3,1.5,1670,1,5,1954,medium,No,"2,27,950"
8159610030,3,2.25,2070,2,3,1974,low,No,"1,96,000"
3179100435,2,1,1420,1,3,1953,low,No,"6,41,000"
822079033,3,1.5,1250,1,4,1980,medium,Yes,"3,50,000"
8857600960,3,1,940,1,4,1960,premium,No,"2,05,000"
1774000200,3,1.75,1920,1,3,1968,low,No,"4,00,000"
2024069128,3,2.5,3545,1,3,2005,low,No,"10,30,000"
1049010390,3,2,1260,1,3,1972,medium,Yes,"5,05,000"
7905370390,5,2.5,2340,1,3,1975,medium,No,"4,75,000"
4140090240,3,2.25,2590,1,5,1977,premium,No,"5,20,000"
4055700030,3,4.5,3970,2,3,1977,medium,Yes,"14,50,000"
3775300030,3,1.75,1220,1,3,1965,premium,Yes,"3,33,500"
2525300030,3,1,1400,1,4,1976,premium,Yes,"2,32,000"
1324059104,3,2.75,2360,1,4,1983,premium,Yes,"6,91,100"
2287000030,3,1.75,1870,1,4,1960,medium,Yes,"8,11,000"
7702010030,3,2.5,2830,2,3,2001,low,No,"5,51,000"
1529200340,3,2.5,2260,2,3,1994,premium,Yes,"4,96,500"
2122039094,3,3,1970,2,4,1980,premium,Yes,"7,05,000"
1742800030,4,2.5,3140,1,5,1966,low,Yes,"5,78,000"
1796360350,3,1.75,1240,1,5,1986,medium,Yes,"2,55,000"
6154500070,4,3.5,3450,2,3,2007,low,Yes,"10,50,000"
1843100340,3,2.25,2570,2,4,1989,premium,Yes,"3,48,000"
8944290160,3,2,1510,2,3,1985,low,Yes,"2,30,000"
4166600473,4,2.25,2390,2,3,1988,medium,Yes,"3,59,500"
7282300125,3,1,980,1,3,1953,medium,No,"3,30,000"
8658300340,1,0.75,430,1,2,1912,medium,No,"80,000"
2419600075,3,1.75,1480,1,3,1954,low,No,"4,65,000"
2621760350,4,2.5,1850,2,3,1997,medium,Yes,"3,25,000"
1723049270,3,2,2270,1,4,1947,medium,Yes,"3,40,500"
4123840310,3,2.5,1810,2,3,1993,medium,Yes,"3,42,500"
2172000075,2,2,1610,2,3,1930,low,No,"2,90,900"
8651611170,3,4.25,3840,2,3,2000,low,Yes,"8,68,700"
8820902200,4,2.75,4110,2,3,1928,medium,Yes,"11,99,000"
8651610890,4,3.25,4190,2,3,2000,low,Yes,"11,50,000"
1853080570,4,2.75,3390,2,3,2011,low,No,"8,59,900"
3629920030,4,2.25,1890,2,3,2003,low,No,"5,20,000"
1604602050,3,2.5,1610,2,3,2005,medium,Yes,"4,60,000"
6844700810,3,1.5,1050,1,3,1949,medium,No,"4,38,924"
66000070,2,1,630,1,3,1918,low,Yes,"3,15,000"
6665800030,4,2.75,2910,1,3,1975,premium,Yes,"5,90,000"
2205700350,4,1.75,1700,1,3,1955,low,No,"3,78,500"
5466000030,3,2.5,1950,2,4,1990,premium,No,"3,28,500"
6189200125,3,3,2990,2,4,1973,premium,No,"8,49,950"
9169600135,3,1.5,1350,1,3,1950,medium,No,"5,25,000"
2625069070,4,3.25,4860,2.5,3,1993,medium,Yes,"13,85,000"
8732131090,4,2.5,2160,1,4,1978,low,Yes,"2,95,000"
9286000240,6,3.5,4860,2,3,1998,medium,No,"10,67,000"
1895000260,2,2,890,1,3,1917,low,No,"2,07,950"
8691370400,4,2.75,2810,2,3,2002,medium,Yes,"6,99,900"
5423010350,5,2.5,3400,2,4,1977,low,Yes,"12,80,000"
8562501040,4,1.5,1580,1,4,1963,premium,Yes,"4,52,000"
2475200140,3,2,1680,1,4,1987,medium,Yes,"3,70,000"
7942100310,3,1.75,1300,1,5,1968,medium,No,"2,32,000"
3760000030,5,2.5,2820,2,4,1960,medium,No,"6,69,950"
1727500340,3,2,1510,1,3,1972,premium,No,"3,97,500"
9828702519,2,2.5,1230,2,3,2004,medium,Yes,"4,90,000"
4432600075,4,2,2110,2,3,1925,low,Yes,"7,25,000"
7806300030,3,2.75,3080,1,4,1958,medium,No,"2,99,000"
9274202270,2,1.5,1490,1.5,4,1900,medium,No,"6,25,000"
7852030960,3,2.5,2120,2,3,2000,medium,No,"4,37,500"
7852170140,4,2.5,3180,2,3,2003,premium,Yes,"6,50,000"
7518503335,2,1,1490,1,3,1929,medium,No,"4,75,000"
5467900070,3,2,1930,1,4,1966,premium,Yes,"3,42,000"
1245002952,4,2.5,2770,2,3,1999,medium,No,"11,97,350"
8906200070,3,1.5,1670,1,4,1963,medium,No,"2,80,000"
5379805885,2,1.75,1330,1,3,1993,premium,No,"2,40,000"
2769600560,3,1,1210,1.5,4,1924,premium,Yes,"5,29,000"
9238901420,3,1,1190,1,4,1941,premium,Yes,"4,42,000"
5113400431,2,1,1540,1,4,1946,premium,Yes,"6,15,000"
3885805665,4,3.75,4030,2,3,2006,medium,Yes,"14,85,000"
8121200810,4,1.75,2430,1,4,1981,premium,Yes,"5,85,000"
5126310400,4,2.5,2600,2,3,2005,low,Yes,"4,80,000"
7322910030,5,3.5,4410,2,4,1990,low,No,"10,95,000"
2827100070,4,1,1330,1.5,3,1949,premium,Yes,"2,90,000"
9276201895,3,1.75,1900,1,5,1951,low,No,"6,15,000"
4402700070,2,1,1100,1,4,1950,premium,Yes,"3,00,000"
1922059046,3,1,1980,1.5,3,1932,medium,No,"3,08,000"
925059288,3,2.5,2400,2,3,2001,low,No,"7,50,000"
4386700135,4,2.25,4760,2.5,5,1916,medium,Yes,"22,50,000"
1923069078,4,3.25,3180,2,3,2005,medium,No,"8,90,000"
1432400335,3,1,1190,1,5,1958,low,Yes,"2,88,000"
1180003090,2,1,630,1,3,1943,premium,Yes,"1,90,000"
726049331,5,3,2530,1,3,2005,low,Yes,"5,15,000"
3340401555,4,1.5,1690,1,4,1930,medium,Yes,"2,35,000"
7453000070,2,1,940,1,3,1951,medium,No,"2,75,000"
4348800030,2,2,1240,1,4,1952,low,Yes,"7,27,500"
7202331420,4,2.5,3040,2,3,2003,premium,No,"6,50,000"
3225079035,6,5,6050,2,3,2001,medium,No,"16,00,000"
6381500700,4,1,1590,1.5,3,1944,medium,No,"3,65,000"
339500160,3,1.75,2500,1,3,1984,medium,Yes,"6,62,000"
1545807610,3,2.5,1780,1,3,1978,premium,No,"2,70,500"
1843200240,2,1.5,1360,2,3,1978,premium,Yes,"2,00,000"
4403600270,4,3.25,4740,2,3,1987,premium,No,"9,70,000"
2008200060,3,1.5,1010,1,4,1962,low,Yes,"1,60,000"
1521069070,3,1,1040,1,4,1971,premium,Yes,"2,04,000"
2459500310,3,2.25,1610,2,4,1985,medium,Yes,"3,58,000"
6204420070,4,1.75,1570,1,3,1979,medium,Yes,"4,52,000"
5694500105,2,2,1510,1,4,1900,low,No,"5,95,000"
5466410030,3,2,1360,1,3,1994,medium,No,"2,49,000"
9485740340,4,2.5,1970,2,3,1999,low,Yes,"3,46,900"
622049114,3,2.5,5403,2,4,1976,premium,No,"21,25,000"
2270000070,4,2.5,1560,2,3,2003,low,Yes,"2,80,000"
1310900260,4,1.75,2320,1,4,1973,low,Yes,"3,18,888"
224069094,3,2.25,2120,1,3,1967,premium,No,"5,30,000"
7800800160,3,2.25,2120,2,4,1983,low,Yes,"3,75,000"
2944000240,4,2.5,3350,2,3,1988,low,Yes,"9,10,000"
4139400710,4,2.5,2380,2,4,1991,medium,Yes,"7,82,000"
7899800860,2,2,1070,2,3,2008,premium,Yes,"2,59,950"
2473420140,4,2.75,2300,1,4,1979,low,Yes,"3,15,000"
5000500055,2,1,1320,1,4,1943,premium,No,"2,15,000"
4099500935,3,1.75,2180,1,4,1946,premium,No,"7,05,000"
1373800295,3,3,4380,2,5,1952,low,No,"14,50,000"
4025300135,3,1.75,1790,2,3,1949,low,Yes,"4,51,000"
3294700310,2,1,750,1,4,1943,premium,Yes,"2,61,000"
8718500075,3,1.5,1300,1,5,1956,low,Yes,"3,96,000"
4309710240,4,2.5,2990,2,3,1999,medium,Yes,"7,25,000"
5486800070,7,3.5,4640,2,3,1965,low,Yes,"19,50,000"
236400320,4,1,1400,1.5,3,1959,low,Yes,"2,38,000"
4376700570,6,1.75,2750,2,4,1973,low,No,"7,50,000"
8648100200,4,2.5,2050,2,3,1998,low,Yes,"3,31,500"
3624079046,4,3,2230,1,3,1978,medium,No,"4,60,000"
1921069084,4,2.25,2340,1,4,1982,premium,Yes,"4,04,950"
6431500140,3,2.5,2870,2,3,2014,premium,No,"8,80,000"
2725069050,4,2.5,4120,2,3,1997,medium,Yes,"8,63,000"
5307100060,3,1.75,2080,1,3,1960,medium,No,"6,38,700"
7203102050,3,2.5,1840,2,3,2008,low,No,"4,35,000"
561000075,3,1,1180,1.5,4,1959,premium,Yes,"2,60,000"
2436701180,5,2.75,2160,1.5,5,1927,premium,Yes,"6,71,500"
809002765,3,1,1180,1.5,3,1907,medium,No,"6,10,000"
4045500710,2,0.75,1160,1,4,1937,low,Yes,"4,05,000"
5104510270,4,2.5,1830,2,3,2003,low,Yes,"3,38,900"
98020350,4,4,3200,2,3,2004,low,Yes,"7,20,000"
1714900060,5,3,2560,1.5,4,1927,medium,No,"4,42,000"
1189000030,5,2.75,2550,1.5,5,1902,low,Yes,"6,50,000"
2473360060,3,1.75,1330,1,3,1981,low,No,"2,63,500"
222069082,2,1,1220,1,4,1963,medium,No,"3,00,000"
8669160310,3,2.5,1805,2,3,2009,medium,Yes,"2,66,000"
1526069135,4,4,6050,2.5,3,2009,low,No,"9,30,000"
1088650310,4,2.5,2320,2,3,2004,low,Yes,"5,30,000"
8945200860,3,1,1384,1,4,1965,low,Yes,"1,80,000"
7853240200,3,2.5,2720,2,3,2005,premium,No,"6,19,000"
7511800070,3,1.5,1820,1,4,1962,low,No,"2,64,000"
2998800125,2,2.25,2130,1.5,4,1941,medium,No,"7,30,000"
3876300310,4,2.25,2060,2,3,1975,low,No,"4,39,000"
5419800510,4,1.75,1420,1,4,1981,premium,No,"2,68,500"
192460060,3,1.75,1510,1,3,1985,low,Yes,"3,30,000"
7942601895,3,2.5,2160,1.5,3,1903,medium,No,"6,40,000"
7504010570,3,2.5,3180,2,4,1978,medium,Yes,"9,00,000"
1442740140,3,2.25,2110,2,4,1985,premium,Yes,"3,70,000"
6909200575,3,2,2060,1.5,5,1931,medium,No,"6,85,000"
2525069041,3,1.5,1830,1,3,1981,low,No,"5,05,000"
3620069036,3,1.75,1820,1,4,1966,medium,No,"2,65,000"
2781280390,3,2.5,1610,2,3,2006,premium,No,"2,90,000"
9542830350,4,2.5,1780,2,3,2006,low,No,"2,96,000"
1123049053,4,2.5,1840,2,3,1996,low,Yes,"3,60,000"
8018600765,3,1.75,1460,1,3,1997,medium,Yes,"2,40,500"
3278600240,2,2.5,1400,2,3,2007,premium,Yes,"3,72,500"
7846200070,3,2.5,3370,2,3,2004,medium,No,"5,95,000"
662310400,4,3,3590,2,3,1997,medium,No,"5,15,000"
8651100140,4,2.25,3200,2,4,1962,premium,Yes,"12,20,000"
8682250350,2,1.75,1670,1,3,2004,medium,No,"5,07,000"
3211230260,4,2,2420,1,3,1984,low,No,"3,99,950"
4233400340,3,1.75,1430,2,3,1994,medium,No,"1,85,000"
7199350340,3,1.75,1440,1,3,1980,premium,Yes,"4,60,000"
3904901710,3,2.25,1450,2,3,1985,medium,No,"4,35,500"
240000058,4,2.75,3550,1,5,1966,low,Yes,"4,69,000"
6865200444,2,3,1270,2,3,2000,medium,No,"5,31,000"
9498200046,2,1,940,1,3,1949,low,No,"4,43,500"
1796380960,3,2,1670,1,3,1990,premium,Yes,"2,23,000"
5631500868,4,3.5,3100,2,3,1996,low,No,"5,90,000"
3126049411,2,2.5,1100,3,3,1997,low,No,"3,40,000"
2321300390,3,2,1870,1,4,1925,low,No,"6,50,000"
3905040800,3,2.5,1930,2,4,1990,premium,Yes,"5,33,600"
4379400260,3,2.75,2540,2,3,2005,medium,No,"6,95,000"
5115000160,3,1.75,1280,1.5,4,1988,low,No,"2,42,000"
2826049234,3,2.25,1820,1,3,1967,low,No,"4,25,000"
6600700030,3,2.25,1490,2,3,1981,low,No,"5,25,000"
3904930240,3,2.5,1880,2,3,1988,medium,No,"4,85,000"
9407110700,3,1,1250,1,3,1971,medium,Yes,"1,75,000"
1682500160,3,2,1440,1,3,1983,medium,Yes,"2,10,000"
8078570390,3,2.5,1920,2,3,1989,premium,No,"2,60,000"
3010300240,3,2.5,2060,1,3,1976,medium,No,"5,77,000"
9500900135,3,1.5,1210,1,4,1958,medium,Yes,"2,00,000"
461001615,2,1.75,1760,1,4,1927,premium,No,"6,05,000"
6411600069,3,1,990,1,4,1947,low,No,"3,25,000"
7812800565,3,1,960,1,4,1944,medium,No,"2,89,500"
7548300731,3,2.5,1660,3,3,2014,premium,No,"5,59,950"
8925100390,3,1.75,1900,1,4,1941,medium,No,"10,42,500"
7010700292,3,2.25,1270,1,3,1970,premium,No,"5,43,500"
9485951170,4,2.25,3250,2,4,1983,premium,No,"4,80,000"
5437820310,3,1,960,1,5,1982,medium,No,"2,18,000"
582000135,2,1.75,1330,1,4,1914,premium,Yes,"5,65,000"
3204800370,3,1.75,2080,1,5,1968,low,Yes,"4,26,700"
8832900550,3,2.5,2690,1,3,1957,premium,No,"6,50,000"
9550204515,2,1,890,1,3,1910,medium,No,"5,42,000"
7199330390,3,1.75,1070,1,3,1977,low,No,"4,15,000"
6131600060,3,1,1200,1,4,1953,premium,No,"2,14,000"
5379805460,3,1.5,1360,2,5,1949,medium,Yes,"2,45,000"
7212652180,3,2,2050,1,3,1993,premium,Yes,"3,14,500"
6379500640,3,1.5,3000,2,5,1924,medium,Yes,"11,20,000"
4315700060,2,2,1300,1,3,1963,premium,Yes,"3,78,000"
3329500060,4,2.5,2250,1,3,1982,premium,No,"3,05,000"
4140090320,5,2.75,3740,1,4,1978,medium,No,"5,95,000"
9385200045,3,2.5,1660,3,3,2015,low,No,"7,29,500"
7852180340,3,2.5,2360,2,3,2003,medium,Yes,"4,30,000"
1545804340,3,1.75,1760,1,3,1987,low,No,"2,40,000"
2490200320,3,1.75,1680,1.5,3,1916,medium,No,"5,45,000"
2218000335,3,1.75,1320,1,3,1918,medium,Yes,"5,30,000"
922049078,1,1,870,1,3,1939,low,Yes,"1,57,000"
2586800270,4,1,1260,1.5,3,1925,premium,Yes,"4,25,000"
4338800370,3,1,1000,1,3,1944,medium,Yes,"2,20,000"
7214700350,4,1.75,2020,1,4,1976,medium,Yes,"5,21,000"
3226200105,3,1,1920,1,3,1952,premium,No,"3,25,000"
2324039036,3,2,2150,1.5,4,1911,medium,No,"5,97,500"
7849202231,3,2.5,1470,2,3,1999,medium,Yes,"3,37,000"
5196410260,3,2.5,3180,2,3,1991,premium,No,"10,00,000"
3760500116,3,2.5,3930,1,4,1957,low,No,"30,70,000"
2985800030,3,1,990,1,3,1943,medium,No,"4,95,000"
259900160,4,3.5,2770,2,3,2001,low,No,"7,48,000"
708000030,3,1.5,1250,1,4,1953,medium,Yes,"8,88,000"
192460310,3,1.75,1140,1,3,1986,premium,No,"2,69,900"
9412200260,4,2.5,2250,1,3,1967,low,No,"4,96,500"
1062100116,3,2.5,1640,2,3,1969,low,No,"4,75,000"
6798100662,3,1.5,1255,3,3,2004,low,Yes,"3,12,000"
1775920350,3,1,1290,1,3,1976,medium,No,"3,23,000"
2525500260,3,1.75,1300,1,3,1986,medium,Yes,"3,31,000"
6145600041,3,1.5,1220,3,3,2007,premium,Yes,"3,06,000"
3300701615,4,2.5,2630,3,3,2002,premium,Yes,"6,55,000"
5151600340,3,1.5,1950,1,4,1959,premium,Yes,"2,90,000"
7613700521,4,3.25,3160,2,5,1965,medium,No,"12,50,000"
2710600045,3,1.75,1550,1,4,1949,low,Yes,"4,60,000"
5101405124,4,2.5,1700,1,4,1940,medium,Yes,"4,35,000"
6067910030,4,2.75,2510,1,5,1978,medium,Yes,"6,64,000"
1959701890,4,1.75,1800,2,4,1921,medium,Yes,"8,65,000"
1402200340,3,1.75,1800,1,3,1968,premium,Yes,"3,85,000"
3558900070,3,2.25,1870,1,3,1975,premium,No,"4,97,000"
7846700310,2,1,1010,1,4,1925,premium,Yes,"2,80,000"
3348401740,2,1.5,1120,1,3,1924,premium,No,"1,88,000"
3013300288,3,1,2090,1,3,1969,premium,No,"4,78,500"
7852070060,4,3.5,4370,2,3,2001,low,Yes,"11,45,000"
5029450160,3,2,1440,1,4,1981,low,No,"2,22,000"
3526069070,4,3,2580,2,3,1984,medium,No,"7,99,000"
5104540240,4,2.5,3190,2,3,2006,medium,No,"6,09,900"
3438500486,4,3.5,2380,2,4,1995,medium,Yes,"4,13,000"
5102400105,4,1,1420,1.5,3,1930,medium,Yes,"4,00,000"
2346200030,5,2.75,2990,2,3,2014,low,Yes,"8,02,541"
1321710030,3,2.5,2680,2,3,1990,low,Yes,"3,20,000"
7853290030,4,2.5,2730,2,3,2006,low,Yes,"5,07,000"
1566100400,3,1,1220,1,3,1946,low,Yes,"3,87,500"
1775800800,3,1,1500,1,3,1967,low,Yes,"3,96,000"
9133600075,3,1.75,1830,1,3,1958,low,No,"3,73,000"
5450900060,5,2.5,4570,2,5,1965,low,No,"14,84,900"
1402600700,4,2.25,2470,2,3,1983,low,Yes,"3,59,900"
8024200350,2,1,800,1,3,1927,premium,No,"4,10,000"
3121500340,4,2.5,2900,2,3,1992,premium,Yes,"6,90,000"
7697870860,3,2,1410,1,3,1985,premium,Yes,"2,45,000"
7527200030,5,2.5,2830,1,5,1979,medium,Yes,"7,00,000"
2013200390,4,1.75,1680,1,3,1977,low,No,"2,68,000"
766500030,3,1.75,1760,1,3,1979,premium,Yes,"2,25,000"
6664000030,4,2.25,2240,2,3,1976,medium,Yes,"9,80,000"
9349900105,2,1,1380,1.5,3,1905,medium,Yes,"7,95,000"
1895000045,2,1,820,1,3,1953,low,Yes,"1,95,000"
6205500030,4,2,2180,1,2,1950,premium,No,"4,80,000"
7011200260,4,2,1400,1,3,1900,low,Yes,"4,85,000"
41000454,2,1,880,1,3,1928,low,No,"1,30,000"
7203600550,2,1,1060,1,4,1946,low,No,"3,25,000"
9477200560,3,1.75,1530,1,4,1984,premium,Yes,"4,40,000"
4022907770,4,1.75,2480,1,3,1958,premium,Yes,"5,50,000"
5231000060,3,1.75,1490,1,5,1967,premium,No,"3,10,000"
6055000310,3,2.5,3660,2,4,1989,medium,No,"5,30,000"
3216900060,4,2.5,2340,2,3,1993,low,No,"3,90,000"
7967200060,3,1.75,1450,1,4,1981,medium,No,"2,43,000"
8077210350,4,2.5,2210,2,3,1990,premium,Yes,"6,39,000"
7203000640,4,1,1130,1,4,1969,premium,No,"2,15,000"
2988000070,5,1.75,1550,1,3,1961,low,No,"4,05,000"
3832200070,4,1.75,1710,1,5,1968,premium,No,"2,50,000"
3670500710,3,1.5,1010,1,5,1954,medium,No,"4,05,500"
8820903380,6,2.25,2660,2,3,1937,premium,Yes,"4,52,000"
8820903380,6,2.25,2660,2,3,1937,medium,Yes,"7,30,000"
4233400400,3,2,1300,1,3,1994,medium,Yes,"2,67,000"
3793500550,3,2.5,1670,2,3,2002,medium,No,"2,89,950"
6431000270,2,1,960,1,5,1911,low,No,"5,65,000"
2225059214,4,3.25,4670,2,4,1988,low,Yes,"15,78,000"
7694800270,3,2.5,2140,2,3,2007,medium,Yes,"6,36,000"
2171400197,5,3,2520,1,3,2004,low,No,"3,50,000"
2473400340,3,1.5,1650,1,5,1978,medium,Yes,"3,20,000"
3530490070,2,1.75,1440,1,4,1978,low,No,"2,10,000"
1932300075,2,1,1050,1,3,1950,premium,No,"2,45,000"
2525000510,3,1.75,1470,1,3,1983,medium,No,"3,28,000"
1853000510,4,2.25,4230,2,3,1989,medium,No,"9,85,000"
1742800060,3,1.75,1970,1,5,1976,medium,No,"5,01,000"
2723089104,3,2.25,1540,2,3,1992,medium,No,"3,15,000"
2619950350,3,2.75,2090,2,3,2012,low,Yes,"4,03,000"
4021100045,3,2,2380,2,4,1934,medium,Yes,"5,50,000"
731500200,4,2.5,2156,2,3,2012,medium,Yes,"3,47,500"
2591820310,4,2.25,2070,2,4,1986,low,No,"3,65,000"
3626039299,3,1,1910,1,4,1951,low,Yes,"5,88,000"
9346980140,3,1.75,1920,1,4,1977,medium,No,"6,05,000"
6613000140,3,3.25,3400,2,4,1937,premium,No,"13,00,000"
8159610060,3,2,1400,1,3,1974,premium,No,"2,33,000"
7830800339,4,2.5,2210,2,3,1997,medium,No,"3,60,000"
1588600045,2,1.75,1170,1,3,1929,premium,Yes,"4,59,000"
826069046,3,2,2100,1,4,1995,medium,Yes,"7,40,000"
1771000890,3,1,1160,1,3,1967,medium,Yes,"3,05,000"
3300701170,3,1,1500,1,3,1925,premium,No,"3,95,000"
7340500270,4,2.5,2940,2,3,2000,low,Yes,"5,60,000"
9277200111,4,1.75,2010,1,4,1963,medium,Yes,"6,50,000"
293720140,3,2.5,2170,2,3,2003,medium,Yes,"4,49,950"
579003610,3,1.5,1430,1,4,1940,medium,No,"5,17,500"
1138020200,4,1.5,1510,1,3,1970,medium,Yes,"4,35,000"
3432500200,3,1,1150,1,3,1952,low,No,"3,29,999"
1563102435,3,1.75,2150,1,5,1960,medium,Yes,"9,50,000"
3959400710,3,1,1370,1,5,1944,premium,No,"4,47,000"
8682300890,2,2.5,2380,1,3,2010,medium,Yes,"6,99,800"
4385700765,3,1.75,1370,1,5,1911,medium,Yes,"8,50,000"
5149300200,3,1.75,1600,1,3,1979,premium,Yes,"3,16,500"
9323600060,5,3.5,3750,1,4,1981,medium,No,"9,42,500"
9273200140,2,2.25,3950,2,3,1991,medium,Yes,"13,10,000"
9542300320,4,2.25,2400,1,4,1964,low,Yes,"8,56,600"
770000045,5,1.5,2830,2.5,4,1918,low,No,"4,05,600"
6979900390,4,2.5,2440,2,3,1996,premium,No,"5,65,000"
6379500159,3,2.25,1190,2,3,2008,premium,No,"4,00,000"
826079094,3,2,1400,1,3,1997,premium,No,"3,30,000"
8856940060,4,2.75,2730,2,3,2005,medium,Yes,"3,74,950"
2972300060,3,2.75,2390,1,5,1983,medium,Yes,"4,05,300"
3575200070,3,2.25,2060,2,3,1984,premium,No,"5,60,000"
8146100270,4,2.25,2490,1,4,1961,premium,Yes,"8,24,000"
8648200030,3,1.75,1100,1,5,1984,premium,No,"2,60,000"
208500160,4,2.5,2430,1,5,1965,medium,Yes,"7,60,000"
1196003428,3,2.5,3170,2,3,1995,low,No,"4,05,000"
5104450990,4,2.5,2640,2,3,1987,premium,Yes,"4,29,900"
3343901234,3,1.5,1130,1,4,1961,premium,No,"3,41,500"
226039214,5,2,1940,1.5,3,1957,low,No,"4,65,250"
1623300160,2,2,1100,1.5,3,1912,medium,Yes,"4,50,000"
2205500575,3,1,1200,1,4,1955,low,Yes,"3,90,000"
4040800810,3,2.25,2000,1,4,1963,premium,Yes,"4,20,000"
2612000390,3,2.5,1890,2,3,2002,premium,No,"2,69,950"
3814400125,4,2,1910,1,3,1910,premium,Yes,"4,93,000"
7300400060,4,2.5,2710,2,3,1998,low,No,"3,70,000"
1954700695,5,4.25,4860,1.5,5,1905,medium,Yes,"22,50,000"
7230200340,3,1,1250,1,5,1967,low,Yes,"3,05,000"
3191000240,3,1.75,1590,1.5,5,1938,low,No,"4,00,000"
1139000069,3,1.5,1240,2,3,2009,low,No,"3,20,000"
5693500270,4,1,2000,2,4,1911,premium,Yes,"7,15,000"
686500030,6,2.75,3610,1.5,4,1966,low,No,"6,50,000"
8731901940,5,1.75,1930,1,4,1966,low,No,"2,18,000"
2688100071,2,1,1280,1,3,1964,low,Yes,"5,00,000"
2423069155,4,2,2090,1,4,1984,low,No,"4,60,000"
2329500260,3,1.5,1940,1,4,1969,premium,Yes,"2,32,500"
2608300030,3,2.5,1800,2,4,1990,medium,Yes,"4,08,200"
1494300060,3,1.75,1730,1,4,1980,medium,No,"5,22,000"
7504101230,4,2.5,2810,2,3,1982,low,Yes,"6,75,000"
8081020370,4,3.5,3550,1,3,1999,low,No,"13,55,000"
1446800511,4,1,1330,1.5,3,1952,low,Yes,"2,49,950"
1623049062,2,1,750,1,3,1950,premium,No,"2,10,000"
6145601000,4,1,1760,1,3,1947,premium,No,"4,29,950"
205000520,4,2.5,3200,2,3,1993,low,No,"7,37,500"
3885805935,4,2,1740,1,5,1958,premium,No,"7,10,000"
7852020640,3,2.5,2100,2,3,1999,low,No,"4,70,000"
6838800140,4,3.5,4270,1,4,1993,premium,Yes,"11,00,000"
4083305445,3,2,1340,1.5,3,1913,low,Yes,"6,50,000"
7855801610,4,2.5,3190,1,5,1967,low,No,"12,16,000"
7940700260,3,2.5,1630,2,3,1987,medium,Yes,"4,22,120"
8854100350,5,2.5,2990,2,3,2007,medium,No,"6,25,000"
4365200860,4,1,1550,1.5,3,1954,premium,No,"3,85,200"
3904980030,3,2.25,1690,2,3,1989,low,Yes,"5,00,000"
7843500070,4,2.25,1960,2,3,1989,premium,Yes,"3,08,000"
6067900060,3,2.75,2390,1,5,1977,low,No,"5,65,000"
7202340960,3,2.5,2600,2,3,2004,low,No,"5,81,000"
1786640070,3,2,1950,1,3,1999,premium,No,"3,61,000"
259600260,3,1,1250,1,4,1964,medium,No,"3,45,000"
7234600903,2,2.25,1180,2,3,2008,premium,No,"4,19,000"
4307350200,3,2.5,1680,2,3,2004,premium,No,"3,47,000"
3276930400,4,2.25,2220,2,3,1989,low,Yes,"6,25,000"
4045100075,4,4.25,4890,2,3,1999,low,No,"24,00,000"
1421069208,3,3.25,2660,2.5,3,2014,premium,No,"3,79,000"
4057300200,3,1.5,1150,2,3,1988,premium,Yes,"3,10,000"
1922059135,2,2,1130,1,4,1941,medium,No,"2,50,000"
5014600240,5,2.75,2760,2,3,2005,premium,No,"6,82,000"
1565900070,3,2,1430,1,3,1992,low,Yes,"2,46,500"
3121059033,3,1,1490,1.5,4,1932,low,No,"3,25,000"
6799300270,4,2.5,2030,2,3,2004,medium,Yes,"3,10,950"
2021200370,3,2,3010,2,5,1931,low,No,"11,00,000"
726049190,3,1,1810,1,4,1954,premium,Yes,"2,87,500"
726049190,3,1,1810,1,4,1954,premium,Yes,"4,31,000"
4006000251,3,1,970,1,3,1968,medium,Yes,"2,26,000"
3362400640,3,1.75,2010,1.5,5,1926,premium,No,"8,25,000"
1610000016,4,1,1300,1.5,3,1947,premium,No,"1,75,000"
7376300060,3,1.5,1260,1,3,1959,medium,Yes,"4,65,750"
7300200550,4,2.25,2610,2,3,1983,low,Yes,"6,59,000"
2061100570,3,1.75,1910,1,3,1941,premium,No,"5,95,000"
8856890200,3,2.25,1780,2,4,1987,low,No,"3,50,000"
8731951670,4,2.25,1900,1,4,1975,premium,No,"2,70,000"
4037200075,6,2.25,2450,1,3,1957,premium,No,"6,62,500"
5066400483,3,1.75,1380,1,4,1939,premium,No,"2,49,900"
4167300310,3,1.75,1920,1,4,1977,medium,Yes,"3,24,500"
8682262400,2,1.75,1350,1,3,2004,premium,No,"4,30,000"
8682262400,2,1.75,1350,1,3,2004,premium,Yes,"4,19,950"
6777800160,4,1.75,2510,1,4,1962,medium,No,"2,85,000"
1402950550,4,2.5,2470,2,3,2002,low,Yes,"3,32,000"
2843200070,4,1.75,1660,1,3,1956,low,Yes,"2,82,000"
6450303785,3,1,1340,1,3,1987,premium,No,"3,20,000"
9429500045,3,1,1620,1.5,4,1911,low,Yes,"4,28,750"
1443300140,3,2.25,2300,2,3,1977,medium,Yes,"3,30,000"
108000127,4,3.5,2000,3,3,2008,premium,Yes,"4,56,500"
1081300200,3,2.25,1640,1,4,1972,medium,Yes,"3,52,000"
8818900060,4,2,1530,1.5,4,1912,medium,No,"6,64,000"
3395050060,3,1.75,4000,1,3,1987,medium,Yes,"6,28,000"
7197350070,3,1.75,1610,1,3,1977,low,No,"5,12,000"
9510900270,3,2,2070,1,4,1969,low,Yes,"2,54,000"
3905081070,4,2.5,1900,2,3,1994,low,No,"5,35,800"
2322069114,3,1,1050,1,4,1960,premium,No,"2,87,653"
5637500070,3,2.5,1520,2,3,2006,medium,No,"4,38,000"
4164100160,4,1.75,2390,1,3,1949,medium,Yes,"4,50,000"
4136890260,5,2.75,2400,2,3,1998,medium,No,"3,27,000"
3056800160,4,2.5,1790,2,3,2005,low,No,"3,70,500"
3654800200,3,2.5,1720,2,3,1993,low,Yes,"2,65,000"
2296500036,4,2.75,2980,1,4,1979,medium,No,"4,50,000"
623069068,3,1,1520,1.5,5,1988,medium,Yes,"4,25,000"
1865820370,3,1.75,1150,1,4,1977,low,Yes,"1,66,600"
1723049033,1,0.75,380,1,3,1963,medium,No,"2,45,000"
2359300030,3,1,910,1,3,1951,medium,Yes,"5,65,000"
6403310060,3,1.75,1650,1,3,1976,premium,Yes,"5,39,900"
1937300270,3,3.5,2480,2,3,2010,premium,Yes,"9,10,000"
4137050060,4,2.5,2050,2,3,1990,medium,No,"2,80,000"
2310000240,3,2.25,1420,2,4,1989,medium,Yes,"2,75,000"
3955900830,3,2.5,3460,2,3,2001,low,Yes,"4,67,000"
8665050060,3,2.5,1500,2,3,1996,medium,Yes,"4,57,500"
3330500875,2,1,1320,1,4,1908,medium,No,"3,81,156"
3327020400,5,2.5,2180,1,4,1977,low,Yes,"2,89,999"
1250700060,3,1.75,1830,1,3,1919,premium,No,"6,42,450"
4039300400,3,2.25,1620,1,3,1962,premium,Yes,"4,69,950"
6665800060,3,2,2920,1,5,1975,low,No,"7,95,000"
7504110030,4,2.5,3300,2,3,1984,premium,No,"7,85,000"
7805450810,3,2.25,3060,2,3,1983,medium,No,"8,60,000"
6306400140,0,0,3064,3.5,3,1990,low,Yes,"10,95,000"
8802400416,3,1,1530,1,3,1959,medium,Yes,"1,47,500"
6204400270,3,2,1910,1,3,1978,medium,Yes,"3,90,000"
9536602080,3,1,1020,1,3,1954,low,No,"2,29,000"
3826000070,3,1,1150,1,3,1932,medium,Yes,"1,85,000"
5101405335,3,1.5,1260,1,3,1941,low,Yes,"4,14,900"
2349300060,4,2,1920,1,2,1914,premium,No,"2,00,000"
7749500370,4,2.25,1800,1,3,1969,premium,Yes,"2,25,000"
2436701200,3,1.75,2040,2,5,1924,premium,Yes,"7,20,000"
7871500070,4,2.5,2200,2,5,1908,medium,No,"9,30,000"
3323500030,5,2.5,3200,1,3,1952,medium,No,"12,70,000"
2110200036,5,3.25,2400,2,4,1928,medium,Yes,"7,00,000"
510002519,2,1.5,1140,3,3,2005,medium,No,"4,66,000"
1387300070,3,1.5,1330,1,3,1976,medium,Yes,"3,74,000"
9465910070,3,2.5,1940,2,4,1994,medium,Yes,"4,80,000"
2324800070,3,2.5,3000,2,3,1995,low,Yes,"7,40,000"
1962200435,4,1,1820,1.5,3,1923,medium,Yes,"10,10,000"
8562890700,4,2.5,2910,2,3,2002,premium,Yes,"3,95,000"
3298700946,2,1,1090,1,3,1954,medium,No,"3,40,000"
880000189,3,2,1230,2,3,2003,low,No,"2,09,000"
643500030,5,2.5,1710,1.5,3,1962,medium,Yes,"4,31,650"
8566100200,5,2.5,3160,1,4,1971,low,No,"9,80,000"
4298100240,3,2.5,2680,2,3,1993,medium,No,"6,60,000"
3275780030,4,2.25,2190,2,4,1977,low,Yes,"7,30,000"
8648220270,3,1.75,1260,1,4,1988,low,No,"2,91,500"
1923000160,4,3.5,2970,2,3,1997,medium,No,"9,05,000"
7574910860,4,2.5,2570,1.5,3,1993,premium,Yes,"8,00,000"
2296500136,4,3.5,3810,1,3,2013,premium,Yes,"8,39,900"
3278600710,1,1.5,1010,2,3,2007,premium,Yes,"2,00,000"
2460700260,3,2,1480,1,4,1979,premium,Yes,"3,00,000"
3188100400,3,1.75,1250,1.5,5,1942,medium,Yes,"5,30,000"
9406520830,3,2.25,1654,2,3,1995,premium,Yes,"3,14,950"
3387900390,3,1.75,1410,1,5,1960,premium,Yes,"2,55,000"
1596600024,5,2.75,2160,1,5,1950,premium,No,"5,50,000"
7625701891,3,1,1400,1,4,1917,premium,Yes,"4,35,000"
3224800075,3,1.75,1420,1,4,1966,premium,No,"2,34,000"
7526800200,4,2.25,2500,1,3,1975,medium,No,"6,15,000"
3329530200,3,2,1410,1,3,1985,premium,Yes,"2,05,000"
2115200125,4,1.75,2100,1,4,1955,premium,No,"3,84,000"
6623400135,3,2.5,1750,2,3,1994,low,No,"3,24,000"
103000116,3,1.75,2070,1,4,1946,low,No,"6,45,000"
2768301525,3,3.25,1570,2,3,2007,premium,Yes,"5,70,000"
739980260,3,2.5,1920,2,3,1999,premium,No,"3,24,000"
4302200695,2,1,1000,1,3,1943,medium,No,"2,70,000"
1431700370,5,1.5,2120,1.5,5,1962,medium,Yes,"2,90,000"
7524000030,3,2,1440,1,3,1965,low,No,"2,50,000"
4046500320,3,1.75,1660,2,3,1990,medium,No,"3,42,000"
4325000125,3,1.5,1340,1,4,1958,premium,No,"2,55,000"
3456000160,3,2.25,2380,1,4,1972,low,No,"8,00,000"
9297301580,3,1.75,1560,1.5,3,1926,premium,No,"4,51,000"
2465400036,4,2.5,2780,1,3,1967,medium,Yes,"9,90,000"
5412200270,4,2.5,1860,1,4,1983,low,No,"2,88,400"
1109000390,3,1.5,2390,2,3,1920,premium,Yes,"4,20,000"
8730000270,2,2.75,1370,2,3,2009,premium,No,"3,59,000"
7937600830,4,3,2570,1,3,1988,medium,Yes,"3,90,000"
3395070640,3,2.5,1320,2,3,2005,medium,Yes,"3,00,000"
8663280160,5,2.5,2520,1,3,1981,low,Yes,"5,45,000"
6151800624,3,1,1250,1,4,1972,premium,No,"2,88,349"
8594400370,3,2.25,1560,1,3,1985,medium,No,"2,99,900"
2301400640,4,2,2330,1.5,5,1925,premium,No,"8,91,000"
4441300240,3,2,3660,1,4,1947,medium,No,"12,00,000"
7714000070,4,2.5,2790,2,3,2004,low,No,"3,78,000"
3432500486,2,1,1060,1,4,1951,premium,Yes,"2,99,995"
5466420030,3,2.5,2020,1,3,1994,premium,Yes,"2,53,000"
1324079046,3,2.25,1580,1,3,1979,premium,Yes,"3,50,000"
2768301715,4,3,2020,1.5,3,1900,low,No,"5,65,000"
3332000135,2,1,970,1,4,1908,premium,No,"3,15,000"
65000400,4,3,1490,1.5,5,1915,premium,Yes,"5,70,000"
8820901670,5,3.5,4390,2,3,2005,low,No,"9,71,000"
8712100575,5,2.5,2750,1.5,5,1910,medium,No,"9,15,000"
6116500341,4,1.5,2150,1,4,1950,low,Yes,"4,19,000"
4167300030,4,1.75,1810,1,3,1977,premium,Yes,"2,60,000"
2925059135,3,3,2230,2,3,1990,low,No,"13,21,500"
7708300140,3,1,2430,1,3,1977,medium,No,"3,69,950"
4139430340,3,2.5,3680,2,3,1994,low,Yes,"10,29,900"
3812400070,5,1,1410,1.5,3,1929,low,No,"4,35,000"
9455200445,3,1.75,1330,1,3,1958,low,Yes,"6,01,000"
6203000160,3,1,1490,1,3,1963,premium,Yes,"4,60,500"
7517500611,3,2.5,2020,3,3,2000,low,Yes,"7,20,000"
8691300860,4,2.5,3130,2,3,1996,low,No,"8,51,000"
5489200435,4,3,2670,2,3,1916,medium,Yes,"5,50,000"
510002065,4,1,1980,1.5,3,1920,low,Yes,"7,00,000"
252000400,3,1.75,2100,1,4,1963,premium,No,"3,23,000"
7279300070,3,1,1350,1,5,1944,medium,Yes,"3,45,500"
8113101670,4,1.5,2140,1,3,1959,medium,No,"3,78,000"
7578200310,4,2,2208,3,5,1917,medium,No,"6,50,000"
7715800570,3,2,1010,1,3,1982,premium,No,"3,85,000"
6852700478,2,1,970,1,3,1910,premium,Yes,"4,25,000"
1917300260,4,2,1520,1.5,5,1920,medium,Yes,"2,10,000"
4298100070,4,2.5,2740,2,3,1993,low,No,"6,30,000"
1842000140,3,1.75,1570,1,3,1953,medium,No,"3,35,000"
5462100240,3,1,1320,1,3,1966,low,No,"1,96,500"
8651520510,4,2.75,2550,1,3,1986,low,Yes,"5,82,800"
3578110200,3,1.75,1560,1,3,1983,premium,No,"4,40,000"
7555210340,4,2.25,2360,2,4,1974,low,No,"7,52,500"
2313900510,3,1.75,1330,2,4,1909,premium,No,"5,32,500"
2009001600,3,1,1070,1,4,1950,medium,Yes,"2,65,000"
1455100116,3,1.25,1510,1,4,1961,low,No,"3,97,500"
3629790160,3,2.5,1710,2,3,1999,low,Yes,"5,24,250"
1778350070,4,2.75,2790,2,3,1996,medium,Yes,"7,65,000"
1703050200,4,2.5,2620,2,3,2001,low,No,"6,48,000"
5469700570,5,2.5,2970,1,4,1969,low,No,"4,69,500"
100600860,3,1.75,1050,1,4,1975,medium,No,"2,37,500"
421049116,3,1,1280,1,4,1956,low,Yes,"2,16,000"
3205200640,3,1,1030,1,4,1963,premium,Yes,"4,27,200"
8899200570,3,2.25,1900,1,4,1977,medium,Yes,"2,80,000"
1777500160,5,3,3070,1,4,1968,medium,No,"7,18,000"
7853340860,2,2.75,1760,2,3,2010,low,Yes,"4,20,000"
1862400132,2,1,930,1,3,1952,low,No,"3,79,000"
6380500135,2,1,880,1,3,1942,low,No,"3,26,100"
9528104108,3,2.5,1360,3,3,2003,medium,No,"5,35,000"
2571910160,4,2.75,2130,1,3,1992,low,Yes,"2,83,000"
316000160,3,1,1480,1.5,3,1940,medium,Yes,"2,60,000"
2695600505,4,1,1500,1.5,4,1951,premium,Yes,"3,99,000"
3904910320,3,2.25,1670,2,3,1987,medium,No,"4,84,950"
4100000140,4,1.75,2060,1,4,1960,premium,Yes,"6,40,000"
3226049270,4,2.5,2160,1,4,1952,medium,Yes,"5,85,000"
1455600030,4,2,2780,1,3,1955,premium,No,"6,45,000"
5559600140,3,2,1490,1,3,1988,low,No,"2,53,000"
5147600105,2,1,740,1,3,1953,low,Yes,"1,78,500"
7437100570,4,2.5,1860,2,4,1991,premium,No,"2,91,000"
8856004730,2,2.75,1590,1.5,3,1920,medium,Yes,"1,99,950"
3856902996,2,1,850,1,3,1922,low,No,"5,53,500"
1442800370,2,1,1030,1,3,1981,low,No,"1,89,950"
8001400340,3,2,1850,1,3,1988,premium,Yes,"2,89,000"
3131200640,4,2,1830,2,3,1908,low,No,"7,00,000"
984000710,3,2,1560,1,3,1967,medium,No,"2,70,000"
4167300350,4,1.75,1730,1,3,1977,premium,No,"2,58,000"
2826049282,3,2.5,1930,2,3,2005,medium,Yes,"5,30,000"
8946750030,3,2.25,1422,2,3,2012,medium,No,"2,45,000"
461004720,3,2,1380,1.5,4,1917,low,No,"5,63,000"
7852090810,3,2.5,2430,2,3,2001,medium,Yes,"5,15,000"
9264960340,4,2.5,2610,2,3,1987,medium,Yes,"3,25,000"
1624079104,3,2.25,2000,2,3,1996,medium,No,"5,40,000"
4310700570,2,1,920,1,4,1949,low,No,"2,80,300"
1254200075,4,1.75,1750,1.5,5,1926,premium,No,"4,60,000"
7214820030,3,1.75,2020,1,4,1981,medium,Yes,"4,75,000"
865100055,4,2.25,2460,1,4,1957,low,No,"9,00,000"
686201000,4,3,1780,1,4,1964,low,Yes,"5,38,200"
342000570,2,1,1080,1,3,1922,low,Yes,"4,29,000"
5476200160,3,1,1250,1,3,1980,low,No,"1,64,808"
7199320570,4,2.25,1870,2,3,1977,premium,No,"5,20,000"
6414100560,3,1.75,1700,1,3,1977,premium,Yes,"4,75,000"
1623049214,4,1.5,1480,1,5,1942,premium,No,"2,83,000"
2379300340,4,2.5,1930,2,3,2000,premium,No,"3,21,500"
7701990560,4,2.75,3130,2,4,1993,low,Yes,"8,40,000"
2025700860,3,2.25,1370,2,4,1992,premium,No,"2,87,000"
8562500200,3,1.75,960,1,3,1962,medium,Yes,"3,75,000"
8143100350,3,1.75,1260,1,4,1969,low,No,"3,49,500"
37000335,3,1.5,1480,1,5,1960,low,Yes,"4,46,450"
1862900350,4,2.5,1930,2,4,1992,premium,Yes,"3,15,000"
1498302774,2,1,870,1.5,2,1906,medium,No,"2,71,310"
2224700136,4,1,1300,1.5,4,1953,low,Yes,"3,15,000"
7697920160,3,1.75,1490,1,4,1990,premium,Yes,"2,45,000"
1370804430,2,1,1380,1,3,1947,premium,No,"5,43,115"
2267000160,4,2,1190,1.5,3,1945,premium,No,"9,00,000"
5700004028,4,4.25,4250,2,4,2008,low,No,"24,50,000"
8682231170,2,2,1920,1,3,2003,low,Yes,"5,54,000"
3353400860,3,1.75,2080,1,5,1950,premium,Yes,"2,49,900"
2424059035,3,2.5,3220,2,4,1981,medium,Yes,"7,68,000"
2021201000,4,3,3680,1,3,1967,medium,No,"9,80,000"
3919000030,5,2.5,2070,1,3,1962,low,Yes,"3,95,000"
789000550,3,1.75,1480,2,3,1995,low,Yes,"4,15,000"
5104511040,4,2.5,2000,2,3,2003,medium,No,"3,80,000"
7215722010,3,2.5,1560,2,3,1999,low,Yes,"5,66,000"
16000435,2,1,1600,1,4,1949,premium,No,"2,18,500"
7197300105,4,2.5,1940,1,4,1976,low,No,"5,50,000"
2877101031,3,1.75,1540,1,3,1920,premium,No,"5,12,031"
2892600016,2,1,820,1,3,1950,premium,Yes,"1,97,500"
2423020270,3,2.25,1780,1,3,1977,low,Yes,"4,70,000"
1825079070,3,1.75,1560,1,3,1981,low,Yes,"5,90,000"
5255710160,4,2.25,2210,1,4,1977,low,No,"4,65,000"
723069135,2,1.75,2040,1,4,1968,premium,No,"4,99,000"
2024059094,3,2.25,1920,1,3,1972,low,No,"5,15,000"
7613700860,3,1.75,1930,1,3,1936,low,Yes,"7,16,500"
2771101200,3,2,1700,1,3,1944,low,Yes,"4,10,000"
7625704510,4,3.25,3450,2,3,1994,low,Yes,"8,50,000"
1762600260,4,3.25,3440,2,3,1983,medium,Yes,"10,50,000"
2553300030,4,2.5,2380,2,3,1992,low,Yes,"6,48,000"
5309101200,4,2.25,2400,1.5,4,1929,low,No,"6,20,000"
5416300240,4,4.5,5670,2,3,2008,low,Yes,"9,35,000"
3756600240,3,1,1140,1,4,1963,medium,No,"3,79,000"
8127700445,3,1.75,1670,1,3,1952,premium,No,"6,99,000"
9421500070,4,2.25,1910,1,3,1960,medium,Yes,"5,28,000"
9477710160,3,1.75,1560,1,4,1974,low,No,"4,25,000"
1795500240,2,1.75,1500,1,4,1963,low,Yes,"2,49,500"
7203220260,5,3.25,4475,2,3,2014,low,Yes,"10,35,480"
3524039204,4,2.75,2840,1,4,1961,low,No,"7,90,000"
5706200060,3,1,1020,1,3,1969,premium,Yes,"3,99,950"
7283900012,3,1.5,1410,1,3,1953,low,Yes,"2,75,000"
809001070,3,1,1520,1.5,3,1912,premium,No,"5,50,000"
3340401535,1,1,730,1,4,1926,low,No,"1,40,000"
1607100139,3,1,1190,1,3,1954,medium,No,"2,50,000"
8699800060,3,2.25,1410,2,3,1988,low,No,"3,18,000"
524069037,2,1,1240,1,3,1962,low,No,"5,05,000"
6072600200,5,2.5,2500,1,3,1966,medium,No,"4,70,500"
5144000036,3,1,1050,1.5,3,1954,medium,Yes,"3,60,000"
7855300200,4,2.75,2680,1,4,1962,medium,Yes,"12,42,500"
2485000202,3,2.5,2380,1,4,1964,premium,Yes,"9,86,000"
9209900270,2,1,1060,1,3,1906,premium,No,"5,15,000"
6099400030,3,1.75,2300,1,4,1939,premium,Yes,"3,20,000"
9368700223,4,3,2010,1,5,1951,low,No,"3,10,000"
1782000160,2,1,1090,1,4,1942,premium,Yes,"3,56,700"
269001360,4,1.75,2320,1,3,1956,low,No,"7,75,000"
390100060,3,1,1040,1,3,1951,premium,Yes,"3,25,000"
7888400560,4,2.75,1810,1.5,3,1962,low,No,"2,08,000"
7567600045,2,1,1150,1,4,1908,premium,No,"8,25,000"
7764200030,3,2.5,2360,1,3,1990,low,No,"5,15,000"
9828202545,3,1.5,1970,1.5,4,1929,premium,No,"4,90,000"
6114600030,4,3,2690,1,3,1954,low,Yes,"6,75,000"
9834200885,4,2.5,2080,1,5,1962,medium,Yes,"3,60,000"
9834200885,4,2.5,2080,1,5,1962,medium,No,"5,50,000"
3509600070,3,1.5,1370,1,3,1962,medium,No,"2,25,000"
2473002080,3,2.75,3410,1.5,4,1967,premium,No,"5,00,000"
1081300370,4,2,1850,1,4,1969,low,Yes,"3,85,000"
11501160,5,2.75,3010,2,3,1994,low,No,"8,37,700"
7202330370,3,2.25,1530,2,3,2003,low,No,"4,48,000"
7000100631,5,1.75,2690,1,4,1952,medium,Yes,"7,30,000"
2484200171,4,1.5,2810,1,3,1954,low,No,"5,75,000"
9477201040,3,1.75,1810,1,4,1976,premium,No,"4,30,000"
7202290160,3,2.5,1560,2,3,2002,premium,Yes,"4,35,000"
4366700140,3,1,1010,1,4,1973,low,No,"2,41,000"
5457300478,2,1.75,1000,1,4,1924,medium,No,"4,53,500"
9158100116,2,1.5,990,3,3,2001,premium,Yes,"2,85,000"
7227500830,2,1,720,1,4,1942,medium,No,"1,51,000"
7237500390,5,4.5,6070,2,3,2004,medium,Yes,"15,70,000"
2197600451,5,2,2270,2,3,1905,medium,No,"6,31,000"
3278604400,2,2.5,1380,2,3,2011,premium,No,"2,85,000"
1788700160,3,1,1260,1,4,1959,low,No,"1,95,000"
3276930270,4,2.5,2910,2,4,1987,premium,No,"8,17,500"
7374600060,3,2,1810,1,4,1960,premium,No,"5,50,000"
2505500030,4,2.5,3160,2,4,1995,low,Yes,"11,27,000"
2770604942,2,2.75,1910,3,3,2002,premium,No,"6,09,850"
7831800505,3,1,1230,1,3,1947,medium,No,"2,00,000"
5416510060,4,2.5,2960,2,3,2006,premium,Yes,"3,67,000"
4137010260,3,2.25,2200,2,3,1988,premium,Yes,"2,85,167"
7683800200,2,1.5,1270,1,4,1947,premium,No,"2,75,000"
1509500160,4,2.5,2540,2,3,1992,medium,Yes,"3,50,900"
3904940200,4,3.25,3030,2,5,1988,medium,No,"6,60,000"
4037200295,3,1.75,1520,1,4,1957,low,Yes,"5,25,000"
7258200055,4,2.5,1560,2,3,1997,low,Yes,"2,62,000"
9178600560,2,1,970,1,4,1907,medium,No,"6,90,000"
255520260,5,3.75,3570,2,3,2005,premium,Yes,"6,24,000"
751000060,3,1,1350,1,4,1947,medium,No,"3,53,000"
3343900326,4,3.5,3710,2,3,2002,low,Yes,"5,52,500"
7137900320,4,1,1430,1.5,4,1983,low,Yes,"2,24,500"
2641800060,3,1,940,1,3,1950,low,Yes,"2,39,000"
293760310,5,4.5,4300,2,3,2004,medium,No,"9,75,000"
7237501180,4,1.75,3990,2,3,2006,medium,No,"12,00,000"
5332200550,3,1,1380,1.5,3,1910,low,Yes,"5,05,000"
3450300240,4,1.75,2020,1,4,1963,low,No,"3,02,000"
9352900695,3,1,1480,1,3,1944,medium,No,"1,70,000"
3324069070,2,1,1190,1,4,1910,premium,No,"1,95,000"
8062900070,5,1.5,2550,1,4,1959,medium,Yes,"2,72,000"
8062900070,5,1.5,2550,1,4,1959,medium,No,"3,69,000"
4427100030,3,1.5,1500,1,3,1953,premium,Yes,"3,32,500"
4039100400,3,2.5,3000,1,4,1963,medium,Yes,"5,15,000"
2171400126,3,1,1690,1,3,1967,premium,Yes,"2,69,000"
7135520810,4,4,4390,1,4,1994,medium,Yes,"12,78,000"
2475201180,3,2.5,1560,2,3,1985,premium,Yes,"3,03,000"
4024100951,7,3,2940,1,3,1977,premium,No,"4,20,000"
6021502830,3,1,1130,1,3,1941,premium,No,"4,00,000"
7710100083,3,1,1020,1,5,1987,low,Yes,"2,25,000"
2781270550,2,2,1310,2,3,2004,premium,No,"2,19,000"
200510060,3,2.5,2570,2,3,1989,premium,No,"6,05,000"
9554200105,4,2,2020,1,5,1942,premium,No,"6,25,000"
3320000810,5,2,1680,1,3,1906,premium,No,"3,80,000"
643500060,4,2,1770,1.5,4,1962,premium,No,"6,20,000"
2537500140,4,2.75,3190,2,3,1994,premium,No,"6,87,500"
5112800421,4,2,1440,1,5,1962,medium,No,"2,25,500"
3352402236,3,2,1150,1,5,1956,medium,Yes,"2,52,500"
3905100520,3,2.5,1860,2,3,1994,low,Yes,"5,10,000"
6332940070,4,2.5,2430,2,3,2003,medium,Yes,"5,10,000"
809002435,3,2.5,1940,1.5,5,1906,medium,No,"7,25,000"
3421079032,1,0,670,1,3,1966,premium,No,"75,000"
3797000295,2,1,880,1,3,1927,low,Yes,"4,92,000"
1775801260,4,2.5,1930,1,4,1977,low,No,"4,25,000"
4055701200,4,2.75,3120,1,4,1963,medium,No,"19,55,000"
7137960030,3,2.5,1830,2,3,1994,premium,Yes,"2,98,900"
7880010060,4,2.5,3230,2,4,1987,low,Yes,"6,99,000"
3797001920,2,1,700,1,4,1918,low,Yes,"3,10,000"
3901100055,3,1.75,1010,1,3,1961,medium,No,"3,50,000"
8069000075,4,1.75,2460,1,3,1961,low,No,"7,90,000"
1541700240,4,2.5,2230,2,3,2003,low,No,"3,05,000"
6064800710,3,2.5,1570,2,3,2003,premium,Yes,"3,15,000"
1865810060,5,3.5,2390,2,5,1977,low,Yes,"2,67,500"
7533800295,4,3.25,3460,2,3,1950,premium,No,"17,50,000"
5415300060,6,3.5,2400,2,3,1987,premium,Yes,"4,35,000"
3876100320,6,4.5,2940,1.5,4,1966,low,Yes,"4,82,500"
1247600105,5,5.25,8010,2,3,1999,low,No,"51,10,800"
3705900238,3,1.75,1570,1,4,1959,medium,Yes,"4,39,995"
3876200070,3,3,1520,1,3,1967,premium,Yes,"4,60,000"
4388000140,3,1,1070,1,4,1971,premium,Yes,"1,94,000"
3523029041,2,0.75,440,1,4,1943,premium,No,"2,90,000"
3110800260,4,2,2440,1,5,1963,low,No,"2,74,700"
3131201290,4,2.5,2660,2,5,1910,premium,Yes,"9,00,000"
1117200390,4,4,4460,2,3,2001,medium,No,"11,50,000"
8956000350,3,2.5,2010,2,3,2008,low,No,"6,05,000"
7853210140,3,2.5,1450,2,3,2004,premium,No,"3,59,000"
3250500140,3,1.75,1400,1,3,1951,premium,Yes,"8,50,000"
2767601375,3,2,1500,2,3,2002,medium,No,"5,05,000"
9465910320,3,2.5,2500,2,3,1990,medium,Yes,"5,65,000"
3334000055,2,1.75,1280,1,4,1955,premium,Yes,"5,85,000"
7893800335,4,3.25,3380,2,3,1990,low,No,"3,28,000"
3586500700,4,2.75,2910,1,3,1957,low,Yes,"7,49,950"
3630180400,4,2.5,3060,2,3,2006,premium,No,"8,26,000"
3210950510,3,1,1330,1,4,1977,premium,No,"5,35,000"
1224069074,4,2.5,3300,2,4,1991,medium,Yes,"9,25,000"
7625700935,3,3.5,3250,2,3,2001,medium,Yes,"8,75,000"
7856610200,4,2.25,2530,1,5,1976,premium,No,"9,02,000"
7287100135,3,1,1830,1,3,1951,medium,No,"4,23,000"
1023059324,3,1,1170,1,4,1968,low,No,"2,35,000"
6398000171,2,2,2930,1,4,1980,low,No,"5,45,000"
6149700350,2,1,1230,1,3,1961,medium,Yes,"3,43,000"
9558020890,3,2.5,1620,2,3,2002,medium,Yes,"3,34,950"
2624049185,3,1.75,1760,1,3,1956,premium,Yes,"4,05,000"
236400260,4,1,1440,1,3,1959,premium,No,"2,20,000"
3826000560,2,1,1740,1,3,1947,low,Yes,"1,73,000"
7011201245,3,1,1270,1.5,3,1906,medium,Yes,"6,55,000"
9222400510,2,1,880,1,3,1924,medium,Yes,"4,06,000"
9455200570,6,2.5,2560,1,3,1961,medium,Yes,"6,32,000"
2112700030,5,2.75,1540,1,3,1990,premium,No,"3,57,000"
8658300260,3,1.75,1150,1,3,1964,medium,Yes,"3,61,000"
3996900160,2,1,770,1,3,1948,low,Yes,"2,77,000"
5561400340,4,3.75,4610,1,4,1980,medium,Yes,"6,30,000"
11900140,3,2.5,1850,2,3,2003,medium,Yes,"2,54,000"
6071600340,3,2.25,1840,1,3,1961,low,No,"4,72,800"
1231000510,3,1.75,1490,1,3,1913,low,No,"2,63,000"
1231000510,3,1.75,1490,1,3,1913,medium,Yes,"5,10,000"
7683800192,3,1,960,1,4,1952,premium,No,"1,79,950"
4123400340,4,2.25,1580,1,3,1973,low,No,"5,25,000"
5458300685,3,2.5,1260,3,3,2008,low,No,"4,79,000"
194000505,3,2,1940,1,5,1940,medium,No,"6,51,000"
3885804305,4,1.75,2490,1,4,1958,low,Yes,"9,49,000"
3971700560,5,2.5,2520,1.5,3,1942,premium,No,"3,92,400"
8585400135,4,1.75,1760,1,4,1950,premium,No,"5,85,000"
8691500990,4,2.5,4190,2,3,2004,medium,Yes,"4,60,000"
2770606685,3,1,1170,1,3,1951,medium,Yes,"4,70,000"
8856971000,3,2.5,1600,2,3,2003,low,Yes,"2,45,000"
1026049082,4,2,2760,2,4,1978,medium,Yes,"5,00,000"
2095800400,3,2.5,2090,2,3,1989,premium,No,"4,55,000"
7852030240,4,2.5,2320,2,3,1999,low,Yes,"4,85,500"
6321000045,5,3.25,4110,2,3,1921,low,No,"18,75,000"
3751600030,2,1,770,1,3,1978,low,No,"1,00,000"
4046500510,3,1.75,1410,1,3,1982,low,Yes,"3,07,000"
8029520240,4,3.5,3660,2,3,1994,low,Yes,"4,75,000"
7016310030,4,2.5,2180,1,3,1972,low,No,"3,30,000"
1238500451,3,1,1110,1,4,1960,low,No,"1,30,000"
4401150070,3,2.5,2280,2,3,1998,premium,Yes,"3,20,000"
3331000070,4,2.5,2820,2,3,2013,premium,Yes,"7,35,000"
2636900126,4,2.5,1570,1,3,1972,premium,Yes,"3,65,000"
1842900030,3,1.5,1200,1,4,1968,medium,No,"2,34,000"
1761300310,4,2,1710,1.5,3,1970,premium,No,"2,11,000"
5249800729,6,3.5,3000,2,3,1969,medium,Yes,"6,80,000"
5104511600,4,3,2800,2,3,2002,premium,No,"4,57,000"
8663370060,3,2.25,1640,2,3,1989,medium,Yes,"3,49,000"
613400030,3,2.75,2030,1,3,1979,low,No,"3,60,000"
6004510240,4,2.5,2530,2,3,1998,premium,No,"3,50,000"
1450100070,3,1,990,1,5,1960,premium,Yes,"2,08,000"
6117501820,2,1,790,1,4,1942,medium,Yes,"2,50,275"
6117501820,2,1,790,1,4,1942,low,Yes,"4,35,000"
5420300240,3,1.75,1800,1,3,1984,low,No,"2,70,000"
4140900140,3,1.75,1650,1,4,1961,medium,No,"4,38,000"
1630700135,4,2,1980,2,3,1938,low,Yes,"6,59,000"
5166700055,4,2.75,2340,1,4,1974,medium,No,"6,45,000"
3224600310,4,2.5,2790,2,3,1999,low,Yes,"6,85,100"
7227802030,7,3,2800,1,3,1963,medium,No,"3,50,000"
226059078,2,1,1840,1,3,1955,medium,Yes,"3,75,000"
1796100140,3,1.5,1350,1,2,1966,premium,No,"1,70,000"
5309100140,4,2.5,3030,3,3,2005,medium,No,"8,80,000"
8658300510,4,2.5,1980,2,3,2008,premium,No,"4,10,500"
8691300060,4,2.5,3690,2,3,1996,medium,No,"7,80,000"
9103000393,5,4.5,3732,2.5,3,2001,premium,Yes,"12,25,000"
8682281170,2,1.75,1510,1,3,2005,premium,No,"4,49,000"
472000055,3,1.75,2000,1,4,1921,premium,Yes,"5,46,000"
2473400570,3,2,1760,1,5,1977,premium,Yes,"3,17,000"
3449500135,3,1,1270,1,4,1958,premium,Yes,"2,76,900"
1926049355,5,2,2620,1,3,1965,premium,Yes,"3,99,000"
8650000070,5,2.75,2630,1,4,1976,medium,No,"4,95,000"
8732131200,3,1.75,2270,1,4,1978,medium,Yes,"2,58,000"
1624079051,2,2.5,2410,1,4,1912,premium,No,"6,00,000"
993001629,3,2.75,1120,3,3,1999,premium,No,"2,65,000"
3832711040,5,2.75,3030,1,4,1978,medium,No,"3,21,000"
5244801230,5,2.25,2120,1.5,4,1910,low,No,"6,82,000"
2798600240,4,2.5,1720,2,3,2000,low,Yes,"2,95,700"
5701800030,4,2.5,2150,2,3,1985,low,No,"6,09,000"
7636800041,3,4.5,4380,2,3,1968,low,Yes,"9,95,000"
3904901200,3,2.25,2010,2,4,1986,medium,No,"5,30,000"
4109600055,5,2.5,3150,2,5,1907,premium,No,"6,14,000"
3339400349,3,2.5,2500,1,3,1986,medium,Yes,"3,90,000"
7202340370,3,2.5,1690,2,3,2004,premium,No,"4,67,000"
9477500060,6,2.5,3300,1,3,1980,premium,No,"4,84,000"
4310701600,3,2.5,1240,3,3,2003,premium,No,"3,40,000"
2215450060,3,2.5,2200,2,3,1994,premium,No,"3,02,495"
2919702075,3,1.75,1620,1,5,1927,premium,No,"5,32,500"
8079030350,3,2.5,2420,2,3,1993,medium,Yes,"4,41,500"
7893804340,4,2.5,2680,1,4,1967,medium,No,"4,70,000"
4389200765,4,3.25,4250,2,3,2004,low,No,"23,00,000"
1822069116,3,2.5,2400,1,3,1996,premium,Yes,"5,90,000"
7276100282,3,1.75,2300,1,3,1942,premium,No,"3,20,000"
567000392,2,2,920,2,3,2009,medium,Yes,"3,63,000"
5729200030,4,2.25,2350,2,4,1977,premium,No,"7,47,500"
8682220390,2,2.5,2630,2,3,2003,low,No,"7,50,000"
9828700200,4,3,2170,2,4,1982,premium,Yes,"8,31,000"
7852180560,3,2.5,1700,2,3,2004,low,No,"4,03,000"
3655400060,3,2.5,2470,2,3,2005,medium,No,"4,45,000"
7955030060,3,1,1250,1,4,1970,low,Yes,"3,45,000"
8964800445,3,3.5,3110,1,3,2003,medium,Yes,"22,60,000"
6204410200,3,2,1530,1,3,1977,medium,No,"3,71,025"
7625702400,2,1,960,1,3,1916,medium,Yes,"3,55,000"
5113200310,3,1,1240,1,4,1972,low,No,"2,70,000"
7893802800,4,2.75,2440,2,4,1957,low,Yes,"4,25,000"
2473003210,3,1.75,2320,1,3,1967,premium,No,"3,64,808"
1402600570,3,2.25,1580,1,3,1981,low,Yes,"3,20,000"
8944460030,4,2.5,2963,2,3,2006,premium,Yes,"3,25,000"
2473480560,3,2.25,2470,2,3,1984,premium,Yes,"3,50,000"
3365900465,3,1.5,1370,1,3,1947,premium,Yes,"1,70,000"
5341600030,2,1,960,1,4,1984,premium,Yes,"2,55,000"
6073500160,3,1,1130,1,3,1947,medium,Yes,"5,50,000"
2025760160,4,4.25,4930,2,3,2005,low,Yes,"8,35,000"
9393700140,3,1,1150,1,4,1946,medium,Yes,"4,20,000"
5458800125,4,2.5,2190,2.5,5,1958,low,Yes,"9,25,000"
2492200435,2,1.5,1490,1,3,1956,medium,No,"3,89,250"
3759500046,3,2.5,2600,1,3,2004,medium,Yes,"7,48,000"
8648220260,3,1.75,1530,1,3,1988,medium,No,"2,84,000"
6392001670,4,2,1680,1,3,1950,medium,Yes,"5,88,000"
2026049155,3,1.75,1680,1,4,1963,low,No,"3,72,500"
2329800240,4,3,1900,2,4,1988,low,No,"2,85,000"
3380900125,3,1,1570,1,3,1954,low,Yes,"3,60,000"
1324079041,3,1,1370,1,4,1930,premium,Yes,"2,75,000"
8682230550,2,2,1350,1,3,2003,low,No,"4,28,000"
853400240,6,2.5,3010,2,3,1969,low,No,"8,47,000"
2130702075,3,1,1010,1,4,1977,low,Yes,"3,16,000"
3260810260,3,2.5,2050,2,3,2000,medium,Yes,"3,75,000"
2878600200,3,1,1670,1,3,1967,low,Yes,"5,33,000"
7298040310,5,2.5,3840,2,3,1991,premium,No,"5,56,000"
766000240,4,2,2220,1,3,1966,low,Yes,"2,25,000"
3459700340,4,2.5,2590,1,4,1978,premium,Yes,"5,37,250"
2473251180,3,1,1180,1,4,1967,low,Yes,"2,55,000"
2407900200,4,2.5,2950,2,3,2006,low,Yes,"5,30,000"
7558700030,6,6,7390,2,4,1991,medium,Yes,"53,00,000"
203600140,3,2.75,2150,2,3,1996,medium,No,"5,95,000"
4037800140,4,2,2100,1,4,1958,low,No,"5,48,000"
1683600240,3,1.75,1650,1,3,1980,premium,Yes,"2,34,975"
1962200036,3,1.75,1620,2.5,3,2005,low,Yes,"6,00,000"
1775800510,4,1,1750,1,4,1967,low,No,"4,32,000"
1822350070,3,1.5,1380,2,3,1986,low,Yes,"4,55,000"
7772400160,3,1.75,1510,1,3,1965,low,No,"2,79,950"
273900030,3,1.5,1600,1,4,1963,premium,Yes,"2,67,500"
3323069084,4,2.5,1840,2,3,2000,medium,No,"6,20,000"
4337000160,2,1,830,1,2,1943,medium,No,"1,10,000"
9126100550,3,3.5,1810,2,4,2009,medium,Yes,"6,25,000"
5101405274,2,1,910,1,3,1952,low,No,"3,89,000"
4232400860,4,2,2120,2,3,1905,premium,Yes,"12,00,000"
2723069082,4,2.25,2510,2,4,1977,low,No,"7,88,500"
7436500270,5,2.25,2100,1,3,1974,premium,Yes,"5,67,000"
5153200030,2,2.25,2690,1,3,1987,premium,Yes,"5,15,000"
4022900125,4,2.5,2430,1,5,1968,premium,Yes,"6,05,000"
7841300505,4,3.75,2452,2,3,1936,medium,No,"4,30,000"
573000685,2,1.75,1550,1,3,1920,medium,Yes,"8,05,000"
8961990160,3,2.5,2080,2,3,1999,premium,Yes,"5,67,500"
1250202255,3,1.75,1290,1,5,1916,medium,Yes,"6,47,500"
7234600796,2,1.75,1850,2.5,4,1903,medium,No,"4,95,000"
3630180340,4,2.5,3370,2,3,2006,premium,Yes,"8,25,000"
5104450070,4,2.25,2730,2,4,1987,low,No,"4,35,000"
9477100060,3,1.75,1300,1,5,1968,low,No,"4,45,950"
4139440830,5,2.75,3040,2,3,1993,medium,No,"9,60,000"
6772200055,4,3,2440,1.5,5,1929,medium,Yes,"7,80,000"
8731982190,3,2.25,1720,1,4,1969,medium,Yes,"2,74,500"
6300000335,5,3,3230,1.5,4,1909,medium,No,"7,29,953"
9301300751,3,1.5,1200,2,3,2008,low,Yes,"4,64,950"
9542100135,4,1.75,2350,1,3,1959,medium,Yes,"6,20,000"
8691410700,4,3.5,3100,2,3,2005,low,No,"7,35,000"
217500135,4,2.25,2040,1,3,1959,low,No,"4,50,000"
3731800055,4,1,2000,1.5,3,1916,low,Yes,"4,50,000"
7234600786,4,2.5,2160,2.5,4,1902,low,No,"8,42,500"
2423059104,3,2,1970,1,3,1979,medium,Yes,"3,60,000"
1823039205,3,2.5,2270,2,3,1998,premium,No,"5,85,000"
2423020260,3,2.25,1850,1,4,1977,medium,Yes,"4,61,000"
2695600070,2,1,1350,1,3,1949,medium,Yes,"3,45,000"
6844703240,3,2.5,3280,1,3,1970,low,No,"10,75,000"
3904940070,4,2.5,2270,2,3,1988,medium,Yes,"6,43,000"
1939130070,4,2.5,2820,2,3,1990,medium,Yes,"6,90,000"
5589300370,4,1,1200,1.5,3,1949,medium,No,"2,82,000"
3526039116,3,1.75,2000,1,4,1951,medium,Yes,"5,49,000"
6821600390,3,2,2310,2,4,1926,low,Yes,"8,15,000"
1925069082,5,4.25,4640,2,5,1952,premium,Yes,"22,00,000"
8100400160,3,2.25,2330,2,4,1984,premium,No,"7,00,000"
5556300102,3,2.5,3940,2,3,1992,premium,No,"9,33,399"
7222000393,3,1,1440,1,3,1967,low,No,"2,90,000"
9407001860,4,1.75,1960,1,5,1979,premium,No,"3,72,000"
9468200140,2,1.75,1250,1,4,1920,premium,No,"4,50,000"
3295950240,3,2.5,1981,2,3,2010,premium,Yes,"3,03,700"
3905000340,4,2.5,2440,2,4,1989,premium,Yes,"6,72,000"
3374300070,4,1.5,1150,1.5,3,1970,low,Yes,"3,34,000"
7812800310,2,1,1120,1,3,1944,low,No,"2,60,000"
7015200685,3,1.75,1800,1,4,1941,medium,Yes,"7,49,950"
3521069051,4,2.25,2380,2,4,1984,medium,No,"3,30,000"
8032700140,5,3,2920,2,3,1960,medium,Yes,"8,30,000"
6117500320,3,2.25,2790,1,3,2006,medium,No,"11,31,000"
7305300045,3,1,1560,1,4,1948,medium,Yes,"3,20,000"
922069139,2,1,1550,1.5,5,1920,premium,Yes,"2,60,000"
84000335,3,2,1700,1,5,1945,medium,No,"2,25,000"
9232400055,1,1,640,1,3,1939,medium,Yes,"2,79,200"
1453600202,4,3.5,2680,2,3,1942,low,Yes,"5,20,000"
3904910520,3,2.5,1860,2,4,1987,low,No,"5,05,000"
5469300270,3,1.75,1490,1,4,1975,medium,Yes,"2,34,000"
8681660060,4,2.5,2470,2,3,2005,low,Yes,"5,03,000"
3902300350,4,2.25,2390,1,4,1979,low,No,"6,06,000"
6392003490,3,1,1230,1,4,1937,premium,No,"4,33,500"
3342700465,3,1.5,2840,1,3,1951,premium,No,"2,50,000"
2592210160,3,2.5,2120,2,4,1984,medium,No,"7,19,000"
616000160,3,2,1770,1,4,1959,medium,No,"3,81,000"
1687000270,3,2.5,2495,2,3,2007,medium,Yes,"2,67,000"
4102000075,1,0.75,1170,1,5,1962,low,No,"2,75,000"
8078460550,4,2.5,2740,2,3,1993,premium,No,"6,51,000"
2710600070,2,1,1050,1,3,1949,medium,Yes,"4,39,000"
37000435,2,1,1130,1,4,1955,medium,Yes,"3,25,000"
5100401414,2,1,880,1,3,1938,low,Yes,"4,90,000"
5631500254,4,2.5,2403,2,3,1999,low,Yes,"5,19,900"
8567300140,4,2.75,3410,2,3,1984,medium,Yes,"5,45,000"
98000060,4,4,5320,2,3,2003,low,No,"10,62,500"
2205500400,4,1.75,1900,1,4,1955,premium,Yes,"5,42,000"
1726069084,4,1.75,1810,2,4,1961,premium,No,"4,65,000"
8682291840,2,2,1200,1,3,2006,low,Yes,"4,08,000"
5003600240,4,2.5,2060,2,3,2000,premium,No,"2,92,000"
5636000400,3,1.75,1250,1,3,1994,low,Yes,"2,53,000"
3298700125,2,1,910,1,5,1942,low,No,"2,80,000"
7880000060,3,2.25,2560,2,3,1986,low,No,"6,58,588"
7811200310,4,2.25,1920,1,4,1969,medium,No,"6,35,000"
5255690160,4,2.25,2240,2,3,1978,medium,No,"4,39,000"
869700320,3,2.5,1260,2,3,1999,premium,No,"3,00,000"
6052401631,3,1.5,1360,1,4,1960,medium,No,"3,45,000"
5089700260,4,2.25,2100,2,3,1978,low,No,"2,83,500"
9473200105,2,1,2110,1.5,3,1911,low,No,"4,25,000"
6678900140,3,1.75,2210,1,3,1974,premium,No,"6,85,000"
9552700550,3,2.5,2360,2,3,1983,medium,No,"7,50,000"
2171400218,4,1.5,1280,1,3,1960,medium,Yes,"2,45,000"
9122001231,6,3.75,2740,1,3,1962,medium,No,"5,85,444"
6639900012,4,2.5,2740,2,3,2009,medium,No,"7,06,000"
8151601090,4,2,2630,1.5,3,1944,medium,Yes,"4,45,000"
6664900260,3,2,1650,1,3,1990,premium,No,"2,41,000"
7663700030,2,2.5,1770,2,3,1957,premium,No,"11,75,000"
952000055,3,1,1500,1.5,4,1927,medium,Yes,"5,30,000"
4292300024,3,1.5,1430,1,3,1948,medium,Yes,"3,50,000"
8073000550,4,3.75,3190,2,3,1999,medium,No,"17,00,000"
9238450160,3,1,1280,1,3,1968,premium,Yes,"3,89,000"
6127600036,4,2.75,2390,2,4,1945,medium,No,"7,99,000"
1370801331,4,2.5,4040,1,4,1951,low,No,"14,00,000"
3500100226,2,1,920,1,5,1947,premium,No,"3,40,895"
319500570,4,2.5,2730,2,3,1996,premium,Yes,"7,80,000"
3751604974,2,1.5,1320,1,3,1993,medium,No,"3,50,000"
7852030320,3,2.5,2620,2,3,1999,medium,No,"4,70,000"
2481630070,4,3,3180,2,3,1985,premium,Yes,"9,14,600"
4299000030,4,2.5,2900,2,3,2005,low,No,"3,54,000"
3886902590,5,2,1900,1.5,4,1920,premium,No,"4,70,000"
9178601000,3,2,1760,1,5,1927,premium,No,"7,15,000"
2861100030,2,1,760,1,4,1950,medium,No,"2,65,000"
9471200370,4,3,3710,2,5,1936,low,No,"25,37,000"
625049286,3,1,1530,1,3,1950,medium,No,"6,40,000"
133000135,4,1.75,1990,2,4,1929,medium,Yes,"2,90,000"
7214700830,5,4.75,3830,1,3,1976,low,No,"4,80,000"
4473400045,3,2,2040,1,5,1954,medium,No,"5,35,000"
9413600350,3,1.75,2170,1,5,1965,premium,Yes,"9,07,000"
1138010520,3,1.75,1620,1,4,1974,premium,No,"4,59,000"
7431500341,3,2.5,3600,1,3,1950,low,No,"13,55,000"
8830400135,3,1.5,1470,1,3,1967,low,Yes,"2,64,950"
5694000710,3,1,1760,1.5,1,1900,low,Yes,"3,52,950"
1951820070,3,2.25,2230,1,4,1974,premium,Yes,"4,91,500"
6137500320,4,3.5,3770,2,3,1989,low,Yes,"12,29,000"
6703100070,3,1,1200,1,4,1952,premium,Yes,"3,69,500"
339350070,3,2.5,2090,2,3,2004,low,Yes,"5,66,000"
7399300860,3,2.25,1500,1,4,1968,premium,Yes,"2,90,000"
8907500070,5,5,8000,2,3,2009,premium,No,"53,50,000"
8651430560,3,1,870,1,3,1969,premium,No,"1,80,000"
2228900270,2,1,1010,1,4,1944,low,No,"2,15,000"
2228900270,2,1,1010,1,4,1944,medium,Yes,"3,02,000"
6880200030,3,1.75,1860,1,3,1986,premium,No,"3,52,500"
7227501170,4,2,1330,1,4,1942,premium,Yes,"2,35,867"
7504460200,3,2.25,1760,2,3,1978,medium,No,"5,00,000"
1559900200,3,2.25,1800,2,3,1995,medium,No,"3,82,000"
546000400,5,2.5,1690,1.5,3,1930,premium,No,"5,15,000"
1596600060,1,1,660,1,3,1919,low,No,"2,50,000"
6021501920,3,2.25,2400,1.5,4,1939,medium,Yes,"6,72,500"
3275860270,3,2.25,3020,2,3,1989,low,Yes,"7,55,000"
5457300703,3,1,1500,2,3,1910,medium,No,"7,07,500"
2919700885,4,2,1560,1,4,1924,low,Yes,"4,59,000"
1951500030,3,1,1090,1.5,3,1959,medium,Yes,"1,40,000"
9550200310,2,1,970,1,3,1905,low,No,"4,95,000"
3630120700,3,3.25,3190,2,3,2007,medium,Yes,"7,57,000"
3630120700,3,3.25,3190,2,3,2007,medium,Yes,"7,65,000"
6370000070,4,1.5,1890,1,4,1955,medium,Yes,"3,59,000"
7935000125,3,1,1050,1,3,1900,premium,Yes,"4,40,000"
3034200058,4,1.5,1390,1,3,1965,low,No,"4,00,000"
2856102336,3,2,1700,1,4,1941,medium,No,"6,52,000"
2523039239,3,1.75,1050,1,3,1980,low,Yes,"2,60,000"
5452800310,5,3,3340,1,3,1964,low,No,"13,28,000"
2724069070,4,2,1540,1,3,1964,medium,No,"5,19,500"
6690500320,3,1,1710,1.5,4,1928,premium,No,"6,50,000"
2413301070,4,2.25,2100,2,3,1978,low,Yes,"2,80,000"
1562100030,4,1.75,1730,1,4,1965,low,Yes,"5,15,000"
7941140070,3,2.25,1500,2,3,1986,medium,No,"4,00,000"
1703050520,3,2.5,2380,2,3,2003,medium,No,"6,52,100"
2412600030,6,3,2180,2,3,1980,premium,Yes,"2,35,000"
5266300140,4,1.5,1840,2,3,1907,low,No,"7,01,000"
11520030,4,2.5,2341,2,3,1997,medium,Yes,"6,40,000"
7202290140,3,2.5,1690,2,3,2002,premium,No,"4,55,800"
8161010060,3,2.5,2490,2,3,1993,low,Yes,"5,04,750"
8562900710,3,3,2440,2,3,1992,low,Yes,"4,83,000"
8888000055,3,0.75,920,1,5,1950,medium,Yes,"5,30,000"
3395800295,2,1,1030,1,3,1956,low,Yes,"2,50,000"
5557320030,5,2.75,2000,1,3,1994,premium,No,"2,29,950"
2909300640,4,3.5,4210,2,3,2001,low,Yes,"8,84,744"
5202500030,3,1.5,1610,1,3,1977,medium,No,"5,14,000"
5561300640,3,2.25,1910,1,4,1977,low,Yes,"5,32,000"
3449900030,4,2.5,2660,2,3,2004,premium,Yes,"4,23,000"
952003435,2,1,820,1,5,1922,medium,No,"4,20,000"
6204200340,3,1.75,1730,1,3,1988,premium,No,"5,21,000"
1737100830,4,2.25,2360,2,3,1979,low,No,"5,77,000"
2207200520,3,1,970,1,3,1956,medium,Yes,"4,25,000"
3818400060,4,2.5,2460,2,3,2004,premium,Yes,"4,95,000"
9264960560,3,2.5,2690,2,3,1987,low,No,"3,40,000"
6362900172,3,3.5,1820,2,3,2014,premium,Yes,"4,99,950"
9272200810,4,3,3470,2,3,2014,medium,No,"12,18,000"
3629160060,4,2.75,3370,1,5,1977,low,Yes,"7,20,000"
4324200060,3,1.5,1700,1,3,1970,low,Yes,"2,49,000"
3830620710,3,1,1340,1,4,1978,low,Yes,"2,06,135"
3276900030,5,2.75,2000,2,4,1968,premium,No,"3,00,000"
4058800830,6,3,3840,1.5,3,1949,low,Yes,"6,12,000"
6202600070,5,2.5,3890,2,3,1950,low,No,"11,02,030"
8581200030,4,2,1220,1.5,4,1970,low,No,"2,30,000"
2771601940,3,1,2280,1,3,1936,medium,Yes,"8,50,000"
2214800270,4,2.5,2770,1,4,1979,low,No,"3,55,000"
7312000240,4,2.5,2520,2,3,1990,premium,No,"4,42,000"
8562890560,4,3,3060,2,3,2001,medium,Yes,"3,99,000"
4136930310,4,2.5,2390,2,3,1999,premium,No,"3,60,000"
1328330350,3,1.75,1320,1,3,1978,medium,No,"3,90,000"
5255690060,5,2.5,2900,1,3,1977,premium,Yes,"4,13,000"
402000260,2,1,700,1,3,1951,low,Yes,"1,90,000"
7787110060,3,2.5,2210,2,3,1998,medium,Yes,"4,32,900"
8651580310,3,2.25,2180,2,3,1986,medium,No,"6,21,138"
3705000060,3,2.25,2080,1.5,3,2003,low,No,"2,70,000"
7525410060,4,2.25,2090,1,3,1980,low,Yes,"6,10,000"
3295700060,3,2,1720,1,5,1941,premium,No,"5,00,000"
8121500060,4,2.25,2460,1,5,1968,premium,Yes,"7,15,000"
3728800320,3,1.5,1470,1,4,1958,premium,Yes,"2,64,000"
6003501535,3,1.75,1650,1.5,3,1901,medium,Yes,"5,50,000"
2621750340,3,2,1690,1,3,1997,premium,No,"3,37,000"
3445000274,3,1,970,1,4,1962,medium,No,"1,70,000"
3288200030,4,2.5,2030,1,4,1972,low,Yes,"4,05,000"
4188000640,4,2.5,2540,1,3,1984,medium,Yes,"7,75,000"
2558730070,3,2.25,1570,1,4,1983,premium,No,"4,25,000"
7923500060,5,2.75,2580,2,4,1967,premium,Yes,"7,13,000"
8016300030,5,2.5,2090,1,3,1966,medium,No,"5,55,000"
3629920830,4,2.5,3260,2,3,2003,low,Yes,"8,10,000"
4054510270,4,3.75,3830,2,4,1990,low,Yes,"12,50,000"
2864600105,3,3.5,2130,2,5,1908,low,No,"8,19,000"
8165500830,3,2.5,1690,2,3,2013,medium,No,"4,09,900"
4395600060,2,2.5,1780,2,5,1974,medium,No,"9,35,000"
4444800045,4,1.75,1620,1,4,1947,premium,No,"6,57,500"
1115300270,6,3.75,4210,2,3,2008,medium,No,"9,00,000"
5363200200,5,3.25,2980,2.5,3,1998,low,Yes,"9,32,800"
6067900640,3,2,1490,1,4,1977,low,Yes,"3,91,000"
4279200060,4,2.5,2110,2,3,2000,low,No,"4,20,000"
3425059222,6,3.5,6563,2,3,2002,medium,No,"13,00,000"
5253300397,3,1.5,1510,1,5,1956,premium,Yes,"4,15,000"
1769600204,3,1.75,1830,1,3,1946,low,Yes,"3,50,000"
1176001195,2,1,1230,2,4,1948,premium,No,"3,75,000"
1239400570,3,1.75,2180,1,5,1947,premium,No,"8,60,000"
6071600270,4,2.25,2220,1,4,1961,medium,Yes,"4,95,000"
1311100520,4,2.25,1730,1,3,1962,medium,No,"2,50,000"
1402200070,4,2.25,1990,1,4,1968,medium,Yes,"3,65,000"
1419700270,3,2.75,1540,1,5,1980,premium,Yes,"5,03,000"
5126900310,2,1,1100,1,4,1944,low,No,"1,50,000"
8816400885,4,1.75,1640,1,4,1912,medium,Yes,"4,50,000"
5412100550,4,3,2590,2,3,2001,medium,Yes,"3,55,000"
7203000465,3,2,1450,2,4,1972,low,Yes,"2,45,000"
1862900160,3,2,1180,1,4,1992,low,No,"2,65,900"
984220240,4,2.5,1820,1,3,1975,medium,Yes,"2,99,000"
4458800060,4,2.25,2360,2,4,1968,medium,No,"9,57,500"
1138000160,3,1,1120,1,4,1972,low,Yes,"3,43,000"
9406520550,3,2.25,1646,2,3,1994,low,Yes,"3,07,500"
7852160070,5,3.75,4210,2,3,2004,low,Yes,"9,37,500"
7214700160,3,3,2480,1,4,1976,premium,Yes,"6,10,000"
2483700160,3,1.5,1590,1,3,1952,low,Yes,"7,20,000"
1972201820,4,2,2130,1.5,5,1919,premium,No,"6,10,000"
9477000060,3,1.75,1650,1,4,1967,premium,No,"4,34,500"
7932000041,2,2.5,3090,1,4,1979,low,Yes,"6,02,500"
1231000520,4,2.5,2180,2,3,2002,premium,No,"6,07,010"
7522500070,3,1,1800,1,3,1947,low,No,"6,10,000"
4215250310,4,2.5,3720,2,3,1983,premium,Yes,"8,28,500"
5560000070,3,1,1100,1,3,1961,medium,No,"1,99,990"
1545804460,3,1.75,1530,1,3,1987,medium,No,"2,94,000"
9510970310,4,2.5,3010,2,3,2005,medium,No,"7,89,500"
98030160,3,3.5,3500,2,3,2008,medium,No,"7,97,000"
7853300070,5,3,3100,2,3,2006,premium,Yes,"5,39,950"
934300140,4,1.5,2000,1,4,1962,medium,No,"2,84,950"
1245001820,4,1.5,2290,1,3,1965,medium,Yes,"7,76,500"
1974200060,4,2.5,2400,1,3,1967,medium,Yes,"5,25,000"
7300410060,3,2.5,1850,2,3,1999,low,No,"3,03,000"
1939110310,3,3.25,3680,2,3,1988,low,Yes,"7,22,080"
7888000390,3,1,1060,1,3,1959,low,No,"1,40,000"
7888000390,3,1,1060,1,3,1959,medium,Yes,"2,35,000"
1529300435,3,1,1610,1.5,3,1903,premium,No,"4,40,000"
2960900045,3,1.75,2330,1.5,4,1940,low,No,"6,05,000"
3959400135,2,1,1210,1,3,1950,low,Yes,"3,80,000"
7972600765,4,1,1530,1,3,1925,low,No,"3,52,000"
7214810550,4,2.25,2270,1,4,1979,premium,No,"4,20,000"
3271801090,4,2,2590,2,4,1930,premium,No,"11,75,000"
8964800370,3,1.5,1850,1,4,1953,premium,No,"13,75,000"
8019200030,3,1.5,1500,1.5,4,1933,medium,Yes,"3,00,000"
2954400400,4,3.25,4740,2,3,1990,medium,Yes,"11,50,000"
3013301525,2,1.5,1710,1,5,1951,low,Yes,"4,53,500"
3303100075,3,2,1920,1,4,1972,low,No,"4,43,500"
2004100075,2,1,1150,1,3,1954,medium,Yes,"3,32,000"
4221270340,3,2.5,2320,2,3,2004,medium,No,"6,55,000"
7177300575,4,1,1420,1.5,3,1950,low,No,"4,75,000"
1471630350,3,1.75,1550,1,3,1988,premium,No,"3,72,500"
1250203335,4,2.5,2920,1,3,1921,premium,Yes,"10,50,000"
8815400105,3,1.75,1620,1,5,1945,medium,Yes,"5,00,000"
5315100737,6,2.75,2300,1.5,4,1950,medium,Yes,"9,00,000"
3333002440,3,1,1070,1,3,1989,low,Yes,"3,27,500"
2130702205,3,1.75,1790,1,3,1913,premium,No,"3,90,000"
2159900060,2,1.5,1510,2,4,1985,low,Yes,"4,51,101"
194000575,4,1,1340,1.5,3,1914,medium,Yes,"4,55,000"
1531000140,4,2.5,3350,2,3,2004,low,Yes,"6,50,000"
2125049139,3,2.5,2500,2,4,1993,low,Yes,"8,95,000"
3623500135,4,2.25,2350,1,2,1952,medium,No,"8,00,000"
7805460310,4,2.25,2550,2,3,1987,premium,Yes,"7,03,770"
3021059244,3,1.75,1320,1,4,1968,premium,Yes,"2,49,950"
925049360,2,2,1270,1,4,1926,medium,Yes,"5,12,000"
3286800260,5,2.5,3480,1,4,1972,premium,No,"7,80,000"
4137010240,3,2.25,2820,2,3,1986,low,Yes,"3,36,000"
9368700341,3,2,2110,1.5,5,1955,premium,Yes,"2,85,000"
3832310350,3,1.75,1100,1,3,1981,low,Yes,"2,29,900"
324000350,4,3,1920,1.5,4,1931,low,No,"6,67,500"
9407101840,4,2.5,1890,1,3,1978,medium,No,"3,78,000"
1422300140,3,2.5,2530,2,3,1991,low,Yes,"4,54,000"
6127011000,4,2.5,2550,2,3,2005,low,Yes,"5,37,500"
2624049117,3,1,1550,1.5,4,1926,premium,No,"4,25,000"
3295750550,3,2,1760,1,3,1998,medium,No,"2,90,000"
7960100260,3,2,1270,1,3,1963,premium,No,"3,49,500"
7625700012,3,2.75,1250,2,3,2006,low,No,"3,70,000"
5418200295,3,1.75,1620,1,4,1961,medium,No,"5,49,500"
7454000295,2,1,710,1,3,1942,medium,Yes,"2,45,000"
8100000060,3,1.75,1070,1,3,1994,low,Yes,"2,08,000"
1310500550,4,2.25,2320,1,4,1966,low,Yes,"2,48,000"
9485950310,4,3.25,5450,1.5,5,1984,low,Yes,"6,10,000"
4213910030,4,2.5,1670,2,3,1999,low,No,"5,50,000"
1223089083,3,2.75,3010,2,3,2001,medium,No,"7,50,000"
2143700861,2,1.75,1340,1,3,1940,low,No,"1,92,000"
5016003230,2,1,790,1,3,1908,medium,No,"1,69,317"
1338801019,4,3.5,3400,2.5,3,2008,low,No,"11,98,000"
3592500565,2,1,1530,1.5,4,1923,medium,Yes,"8,80,000"
6414600070,1,1,930,1,3,1948,medium,Yes,"2,10,000"
8645500160,3,1.5,1540,1,3,1973,premium,Yes,"1,80,500"
8651520240,4,2,1990,2,3,1984,low,Yes,"5,40,000"
9408300310,3,1.75,2300,1,3,1984,medium,Yes,"5,20,000"
4202400135,3,1.5,1220,1,3,1968,low,No,"1,77,500"
7129300935,3,1.75,2380,1,4,1956,low,No,"4,15,000"
8143000310,4,2.5,2020,1,5,1968,low,No,"4,95,000"
6082400152,3,2.25,1890,1,3,1966,medium,No,"3,25,000"
6838000520,2,1.75,1330,1,3,1985,premium,No,"4,40,000"
4023500118,3,1.75,1490,1,4,1959,low,Yes,"4,11,000"
8952900204,5,3.5,3550,2,3,1998,premium,Yes,"8,10,000"
7922800320,5,1.75,2040,1,4,1962,medium,Yes,"5,61,750"
9542000030,4,2.5,2380,1,4,1963,low,No,"8,35,100"
3787000140,3,2.25,1780,1,3,1985,medium,No,"4,50,000"
646910030,3,2.5,1650,2,3,2004,low,No,"2,38,000"
5515600075,3,1,1510,1,3,1974,medium,No,"2,99,000"
1377300135,2,1,1100,1,4,1941,medium,Yes,"5,70,000"
5469501940,3,1.75,2190,2,4,1978,low,No,"3,40,000"
9276200890,2,1.75,1760,1.5,3,1912,premium,Yes,"4,50,000"
6385910260,4,1.5,1800,1,3,1966,premium,No,"2,72,750"
5101402482,4,2,2000,2,4,1949,low,Yes,"5,20,000"
9353300140,3,1,990,1,5,1960,medium,No,"2,84,950"
5379801600,2,1.5,1480,1,3,1949,premium,No,"2,55,000"
6082400260,2,1,1200,1,5,1941,low,Yes,"2,31,500"
2025079033,1,2,3000,2.5,3,1979,medium,Yes,"4,15,000"
6181430800,4,2.5,3504,2,3,2006,premium,No,"3,30,000"
3649100473,3,1.5,1300,1,3,1963,low,Yes,"3,65,000"
2011400791,4,2,1330,1.5,3,1928,medium,No,"4,25,000"
7549802030,4,1.75,1850,1,4,1958,premium,No,"4,00,000"
1898200030,4,2.5,2240,2,3,1989,premium,Yes,"3,35,000"
567000672,3,3,1260,2,3,2003,medium,No,"3,42,000"
9126101740,8,5,2800,2,3,1997,low,No,"4,90,000"
5127001600,4,1.75,1820,1,4,1969,medium,Yes,"3,31,500"
1925069121,3,2.5,1730,3,3,1996,low,No,"9,60,000"
7511210310,4,2.5,3350,2,4,1985,premium,No,"7,20,500"
65000260,3,2.5,3370,2,4,1912,low,No,"8,30,000"
6372000060,3,1.75,1240,1.5,5,1926,medium,No,"6,62,990"
2005300140,4,2,2340,1.5,4,1959,medium,Yes,"2,20,000"
5649600435,5,2,1880,1,3,1952,premium,Yes,"3,49,950"
2249500059,3,2,1810,1,3,1922,medium,Yes,"5,50,000"
1773100510,3,1.75,2340,1,4,1941,premium,No,"3,96,000"
9521100960,4,1.5,2820,2,3,1911,medium,Yes,"6,35,000"
1785500132,3,1,1020,1,3,1940,medium,Yes,"2,93,000"
8645530060,3,2.25,2090,1,4,1979,low,Yes,"3,39,000"
7697920060,4,2.25,1830,2,4,1991,premium,No,"2,85,000"
9550202010,6,2.75,2980,1.5,3,1916,low,Yes,"7,75,000"
1821059264,4,1.5,1600,1,4,1959,premium,Yes,"2,24,000"
5700003985,4,3.5,4440,2,5,1922,premium,No,"22,50,000"
2320069248,3,1,1200,1,3,1959,low,No,"1,65,050"
2658000335,3,1.25,1230,1.5,4,1913,low,No,"2,75,000"
1702901557,5,3,2930,1,3,1951,premium,No,"4,45,000"
1774220350,3,2.25,2370,1,3,1978,premium,No,"5,10,000"
7355700171,4,2.5,3040,2,3,2001,medium,No,"12,30,000"
3971701922,3,1.5,1610,1,3,1970,medium,Yes,"3,90,000"
3583300135,3,2.25,2350,1,3,1977,medium,Yes,"4,60,000"
9542000075,3,1.75,2000,1,4,1958,medium,No,"7,00,000"
4055700955,4,3.5,3530,2,3,1987,premium,No,"8,74,150"
4022902505,3,2.25,2220,2,3,1987,medium,Yes,"4,70,000"
8680100030,3,1.75,2000,1,4,1961,premium,No,"3,74,000"
2923039017,2,1.75,1210,1.5,5,1950,medium,No,"5,10,000"
2767604247,2,2.5,1140,3,3,2007,premium,Yes,"4,67,000"
5631500505,4,2.5,2440,2,3,2002,premium,No,"5,76,000"
3356406510,3,2,1560,1,3,1992,premium,No,"1,96,440"
7701990700,4,2.5,3210,2,3,1993,low,Yes,"8,25,000"
8835200800,2,1,930,1,3,1981,low,Yes,"2,81,000"
8902500118,3,2.5,1782,3,3,2000,low,Yes,"3,26,000"
2822079012,3,1.75,1740,1,4,1980,medium,Yes,"3,40,000"
9485950060,5,1.75,3690,1,3,1985,medium,Yes,"4,40,000"
424069264,4,2.5,2930,2,3,1998,low,No,"7,49,000"
3581000340,4,1,1230,1.5,3,1963,premium,No,"3,40,000"
7625704005,3,2,2000,2,3,1916,premium,No,"5,61,000"
1545803240,3,2.25,1520,1,3,1988,low,No,"2,70,000"
8080400045,2,1,1040,1,4,1919,premium,No,"6,00,000"
8651402920,4,1.5,1120,1,3,1969,medium,Yes,"2,19,900"
3121069036,3,1.75,3020,2,3,1992,premium,No,"6,17,000"
2540800390,3,2.25,1820,2,3,1978,medium,No,"4,69,000"
7978800621,3,1,1370,1,3,1942,medium,No,"2,29,000"
1336300445,4,3,3130,2.5,5,1906,premium,No,"12,65,000"
6159400060,3,1.5,1640,1,3,1958,low,No,"3,65,000"
9510930350,4,2.5,2650,2,3,2001,low,Yes,"4,29,000"
5535600520,4,2.5,2850,2,3,2003,low,No,"5,50,000"
7634800070,3,2.5,1820,1,4,1955,premium,No,"4,53,000"
8581200350,3,1.5,1180,1,4,1977,premium,No,"1,87,500"
6190701146,6,2.5,1880,1,5,1955,low,No,"5,20,500"
522059299,3,1.75,1280,1,4,1977,premium,No,"3,00,000"
1513800036,4,3.25,3120,2,3,2005,premium,No,"7,99,000"
6699930550,3,2.5,2470,2,3,2003,medium,Yes,"3,38,000"
9839300875,3,1,1700,1.5,4,1906,low,No,"8,00,000"
2493200435,2,2,1180,1,4,1945,low,Yes,"3,60,000"
226039282,6,2.5,2800,1,3,1968,low,Yes,"4,42,500"
1020069017,4,1,1300,1,4,1920,premium,No,"7,00,000"
5450900140,5,3,3040,1,5,1968,premium,No,"8,30,000"
8093800200,3,2.5,1630,2,3,1987,low,No,"3,60,400"
3205000310,3,1,1340,1,5,1960,premium,Yes,"3,45,000"
7230000350,3,1.75,1830,1,4,1966,medium,No,"3,00,000"
1066600045,3,1,1240,1,5,1959,low,No,"3,50,000"
2822069078,4,2,2500,1,3,1972,low,No,"3,68,000"
8731900340,3,1.75,1760,1,4,1966,medium,Yes,"2,64,000"
5088500310,3,2,2660,1,3,1990,medium,Yes,"4,35,000"
1823059205,3,1.5,2060,1.5,3,1903,premium,No,"2,00,000"
225039082,5,2.5,2540,2,5,1929,low,Yes,"6,20,000"
5021900140,5,4.25,4830,2,3,2014,low,No,"16,79,000"
7883603750,3,1.75,1400,1,4,1919,premium,Yes,"3,37,000"
8081500060,4,3.25,4280,2,4,1984,low,No,"19,28,000"
8099900260,4,2.5,2230,1,5,1974,medium,Yes,"5,44,500"
913000340,1,1,680,1,1,1910,medium,No,"2,52,000"
2115200160,4,2.5,2340,2,3,2008,low,No,"4,45,000"
5095600310,3,2.25,2070,2,3,1989,low,Yes,"3,79,500"
5402100045,4,2,1910,1,4,1919,low,Yes,"1,89,950"
2258500049,3,1,950,1.5,5,1948,premium,Yes,"4,69,000"
626100023,5,2.75,2910,1,5,1979,low,Yes,"6,00,000"
4309720160,3,2.5,2930,2,3,2000,medium,Yes,"7,85,000"
1843100070,4,2.75,2610,2,4,1990,low,No,"3,72,000"
4307350520,5,3,3880,2,3,2004,medium,No,"4,45,000"
5561401260,4,2.25,3320,2,4,1986,medium,Yes,"5,08,000"
2883200966,5,1.5,1940,2,3,1905,medium,No,"7,80,000"
7214800240,4,2.25,2510,2,3,1978,low,No,"5,41,100"
3629920860,4,2.5,2660,2,3,2003,medium,Yes,"7,29,000"
1320069179,3,2,1710,1,5,1952,premium,No,"3,97,000"
9424400200,2,1,1320,1,3,1912,low,No,"4,51,555"
3500100189,2,1,960,1,3,1947,medium,Yes,"3,00,000"
2787720140,3,2.5,1790,1,5,1969,premium,Yes,"4,16,000"
3856904740,2,1,950,1,3,1925,medium,No,"4,90,000"
254000445,6,3.75,2940,2,3,1942,low,Yes,"4,80,000"
6821101837,2,2,930,1,3,2002,premium,No,"3,68,000"
5608000700,3,2.5,4570,2,3,1991,low,Yes,"10,38,000"
7784400060,3,2.5,2370,1,4,1952,premium,Yes,"5,45,000"
3295610350,5,2.75,3430,2,3,1998,medium,Yes,"8,50,000"
3260570260,4,3.5,3540,2,3,2003,premium,Yes,"5,50,000"
1592000260,3,2.25,2240,2,3,1984,medium,No,"6,00,000"
8670000060,4,2.5,2710,1,3,1968,low,Yes,"5,35,000"
8113600004,3,2.5,2660,2,3,2014,medium,Yes,"5,99,950"
235000075,5,2.75,2540,1,4,1955,medium,No,"5,31,000"
1951700700,4,2.25,2210,2,4,1968,low,No,"5,30,000"
1832100030,4,4,3570,2,3,2015,low,No,"5,97,326"
8565000030,4,2.5,3450,2,3,1997,premium,No,"8,05,000"
2473350710,4,1.75,2330,1,4,1968,premium,Yes,"3,90,000"
9521101221,4,2,1690,1.5,3,1901,low,No,"4,87,250"
6152900273,3,1.5,1030,1,4,1967,premium,Yes,"3,01,000"
2721600125,5,2.75,2560,1.5,3,1923,low,No,"11,75,000"
1180002378,4,2.5,1950,2,3,2002,medium,Yes,"2,99,000"
625059051,4,2.25,4370,2.5,4,1907,low,No,"23,50,000"
2113700060,4,2.5,2350,2.5,3,1999,medium,Yes,"4,00,000"
7016100570,4,2.5,3160,1,4,1969,medium,Yes,"4,67,500"
2944500710,4,2.5,2430,2,3,1990,medium,No,"3,05,000"
1549500370,3,1,1340,1,3,1953,medium,Yes,"2,10,000"
7211340030,3,1,1010,1,3,1979,low,Yes,"3,00,000"
2473480520,3,2.25,1770,1,3,1981,premium,Yes,"3,27,500"
1722059326,3,2,1210,1,3,2003,premium,Yes,"2,69,000"
9414100030,4,3.25,3330,1,3,1969,medium,No,"9,75,000"
8911000030,3,1,1240,1,4,1940,low,Yes,"3,55,000"
2264500890,3,1,1250,1.5,4,1900,low,Yes,"7,12,000"
2481630200,4,2.5,2960,2,3,1985,medium,No,"8,83,000"
7299500200,2,1,840,1,3,1994,medium,No,"1,90,000"
8598900125,3,1.75,1530,1,3,1967,premium,No,"4,43,000"
7504010560,4,3,3750,2,3,1976,low,Yes,"9,20,000"
8732130140,4,2.25,2150,1,4,1978,premium,Yes,"2,85,000"
2492200335,4,3.25,1560,1,3,1916,low,No,"9,01,000"
2770606602,3,1.75,2040,1,3,1958,medium,Yes,"5,52,500"
7211400990,2,1,860,1,3,1915,low,No,"2,56,000"
7148700160,3,1.5,1720,1.5,4,1952,premium,Yes,"3,41,000"
984220370,4,2.25,2090,2,3,1975,low,No,"2,79,000"
2600000510,4,2.25,2130,2,4,1977,low,Yes,"6,86,000"
7123400045,2,1,1300,1.5,4,1975,low,No,"2,25,000"
3751602329,2,1.75,1220,1,3,1972,low,Yes,"2,15,500"
6819100310,4,3,2420,1.5,3,1919,medium,No,"9,50,000"
2925079012,4,2.5,2940,2,3,1996,premium,Yes,"5,03,000"
7202430060,3,2.5,2610,2,3,1997,premium,Yes,"7,80,000"
185000118,4,2,1880,1,5,1946,medium,Yes,"2,12,000"
1139000685,4,2.75,2330,1.5,3,1983,medium,No,"5,80,000"
5312100060,4,2.5,2200,2,3,1994,medium,Yes,"4,65,000"
3356404330,4,2,1720,1,3,1959,medium,Yes,"2,06,000"
7805460030,3,2.5,2250,2,3,1987,medium,Yes,"6,15,000"
1705400055,4,1,1640,1.5,5,1907,low,No,"5,19,000"
3303980520,4,3.25,4130,2,3,2001,low,Yes,"11,35,000"
2538410140,5,2.5,2600,2,3,2005,low,No,"3,30,000"
3810000860,4,1.5,1920,1,3,1955,low,Yes,"2,40,000"
8079100370,3,2,2060,1,4,1988,premium,No,"5,74,000"
2025770560,4,4.25,5710,2,3,2007,premium,No,"9,30,000"
225069017,4,3,2720,2,3,1975,premium,Yes,"8,50,000"
1138010510,3,1.5,1490,1,3,1974,low,No,"4,15,000"
4358700135,3,2.5,2360,1,5,1929,low,No,"4,80,000"
4327100045,5,1,1940,1,3,1957,low,Yes,"3,00,000"
6804600550,4,2.25,2570,2,3,1980,medium,No,"4,39,000"
5634500251,3,1,1160,1,3,1938,medium,No,"4,50,000"
3125079062,3,2.5,2660,1,3,1989,medium,No,"5,89,000"
3629920140,3,2.25,1260,2,3,2003,premium,No,"4,77,000"
6844703410,4,2.25,1780,1,3,1951,medium,Yes,"5,87,500"
1337300070,4,2.25,3180,2,3,1905,low,No,"13,15,000"
9290900160,4,2.5,3380,2,3,1966,low,No,"14,30,000"
2251500270,4,2.25,2690,2,3,1978,medium,Yes,"7,00,000"
414100295,2,1,1180,1,4,1949,premium,Yes,"2,75,000"
1771110640,3,1,1660,1,4,1978,medium,No,"3,67,500"
808300550,4,2.5,2260,2,3,2001,medium,Yes,"4,53,250"
4322500055,5,1.75,1910,1,3,1954,low,Yes,"6,07,000"
3810000565,4,2,2430,1,3,1960,premium,Yes,"2,55,000"
461002025,2,2,1300,1,4,1926,premium,Yes,"5,01,000"
8559900140,3,1,1060,1,3,1950,premium,Yes,"4,50,000"
8899210320,3,2.25,2200,2,3,1981,low,Yes,"3,60,000"
952002765,4,1.75,1720,1.5,5,1929,medium,Yes,"4,60,000"
7101100055,3,1.75,2360,1,4,1950,low,Yes,"7,53,000"
3013300510,2,1,820,1,3,1951,medium,Yes,"3,89,950"
1623300765,2,1,1030,1,3,1924,medium,No,"4,69,000"
9322800260,4,1.75,2030,2,4,1939,premium,No,"5,50,000"
6141600140,5,3.5,2700,1.5,4,1948,medium,No,"5,65,000"
9315300260,2,1.75,1100,1,3,1980,low,No,"1,89,650"
7015200335,4,3.25,3620,2,4,1927,medium,No,"15,25,000"
1545806510,3,1.75,1340,1,3,1980,medium,Yes,"2,60,000"
8643200055,3,1.75,1790,1,3,1960,medium,Yes,"2,43,000"
7855000550,4,2.5,3830,1,4,1969,medium,No,"11,00,000"
1313500070,3,1.5,1580,1,4,1976,premium,No,"2,49,000"
290000055,2,1,2020,1,4,1947,low,Yes,"7,20,000"
4139460200,4,2.5,3330,2,3,1995,low,No,"9,05,000"
3931900295,4,2.5,2610,1.5,5,1927,medium,Yes,"8,24,500"
7365600070,4,2.75,2610,1,4,1978,medium,No,"7,62,500"
9274200320,3,2.5,1740,3,3,2008,premium,Yes,"5,80,000"
8856920260,3,2,1840,1,3,1990,low,No,"3,80,000"
4083306175,3,1.75,1080,1,4,1926,premium,Yes,"8,05,000"
7588700204,4,1.75,1240,1.5,4,1944,low,No,"5,20,000"
3271800295,5,4.5,5620,3,3,1999,medium,No,"15,69,500"
6052400575,2,1,1170,1,3,1911,premium,Yes,"1,75,000"
7861300140,4,2.25,1760,2,3,1987,low,Yes,"3,53,500"
6117501176,4,2.5,2230,1,4,1962,premium,No,"5,00,000"
2592400140,3,1.75,1520,1,4,1972,low,No,"3,86,500"
7135300046,2,1,1450,1,3,1950,medium,Yes,"2,10,000"
8665900295,3,2.5,1600,1,3,1983,premium,Yes,"4,39,500"
6699000810,5,2.5,3220,2,3,2002,premium,Yes,"3,15,000"
5104510240,4,2.5,1830,2,3,2003,low,No,"3,39,000"
7856700990,4,2.25,2200,1,4,1971,premium,No,"6,55,000"
8682300640,2,2.5,2170,1,3,2008,medium,Yes,"7,40,000"
6918700320,5,2.5,1900,2,5,1966,low,No,"6,85,000"
9560700055,5,2.5,2960,1,4,1960,premium,No,"5,50,000"
3013300055,2,1.75,1710,2,3,1920,medium,Yes,"4,05,000"
9201000320,4,2.25,2620,1,3,1984,low,No,"7,65,000"
9151600695,3,2,2140,2,3,1911,low,Yes,"6,25,000"
2143700830,4,2.5,2100,1.5,3,1914,low,Yes,"2,07,000"
2143700830,4,2.5,2100,1.5,3,1914,low,No,"3,70,000"
2591020140,3,2.5,1460,1,4,1988,low,No,"4,75,000"
6414600262,2,1,990,1,3,1955,medium,Yes,"3,65,000"
1387301360,4,2.25,2190,1,5,1969,premium,Yes,"4,11,800"
5561400260,5,3.5,3990,2,3,2002,low,Yes,"6,68,000"
7942601805,3,2.5,2340,2,3,1998,medium,No,"6,18,000"
1887500045,4,2,2460,1,4,1948,premium,Yes,"2,47,500"
5505700055,5,3,2080,1,3,1950,premium,Yes,"3,45,000"
3886902505,3,2,1700,2,3,1927,medium,Yes,"6,16,300"
6703100135,3,1.5,1330,1,4,1952,premium,Yes,"3,48,000"
1552520070,3,2.5,1630,1,3,1994,premium,No,"4,25,000"
8163300320,5,2.75,2920,1,5,1968,medium,No,"8,50,000"
1853081000,5,2.75,2830,2,3,2010,premium,Yes,"8,20,000"
4403600240,4,2.25,3190,2,4,1980,low,No,"8,32,000"
3885803625,3,1.75,1490,2,3,1984,medium,No,"8,35,000"
869700370,3,2.5,1630,2,3,1999,premium,No,"3,50,000"
4307301160,4,2.5,2280,2,3,2003,premium,Yes,"3,49,000"
2402100575,6,3.75,3010,2,3,2014,medium,No,"11,25,000"
4307350990,3,2.5,1590,2,3,2004,premium,No,"3,20,000"
2873000260,3,1,1250,1,4,1968,medium,Yes,"1,50,000"
795001600,3,1,1710,1,3,1949,medium,Yes,"3,40,000"
98030140,4,4,3280,2,3,2007,medium,No,"7,85,500"
5409800140,4,2.5,3362,2,3,2004,medium,No,"4,10,500"
9253900354,3,2.5,2200,2,3,1978,medium,Yes,"5,80,000"
3319500922,2,1.5,830,2,3,2005,medium,Yes,"3,45,000"
3404700041,3,2.25,2160,1.5,4,1933,medium,Yes,"5,50,000"
2314300200,4,3,2580,2,3,1998,low,Yes,"4,49,500"
9265700045,3,1,2150,1,3,1954,medium,No,"3,00,000"
3528000260,4,2.5,3510,2,3,1988,premium,Yes,"9,15,000"
3066120030,4,3.75,3810,2,3,1989,low,No,"15,75,000"
4278900055,4,2.75,2020,1,3,1917,medium,No,"5,99,000"
9512000140,4,2.5,2120,1,4,1960,premium,No,"7,55,000"
6381500505,3,1,1250,1,3,1944,low,Yes,"4,00,000"
1697000400,3,1,980,1,3,1968,premium,Yes,"1,33,000"
2548100140,4,1.5,1250,1,3,1951,low,No,"3,30,000"
7225000140,4,1,1100,1.5,5,1904,low,No,"3,30,000"
2126049032,3,1.75,1330,1,5,1936,medium,No,"3,75,000"
3876300890,4,2.75,2560,1,4,1968,premium,No,"4,85,000"
7715800710,4,2.5,1850,1.5,3,1981,medium,No,"4,70,000"
2397101200,4,3,2790,2,3,1905,premium,Yes,"10,45,000"
5100401160,4,1,1660,1.5,3,1930,premium,Yes,"5,48,800"
2741100800,2,1,1080,1,4,1919,low,Yes,"3,15,000"
34001160,3,2,3030,1,4,1959,premium,No,"5,90,000"
5637200200,4,2.5,2380,2,3,2002,premium,No,"4,39,950"
3410600335,3,1.75,2250,1,3,1980,premium,Yes,"3,25,000"
8024201370,2,1,880,1,3,1931,premium,Yes,"4,00,000"
3066410800,4,2.5,2770,2,3,1987,premium,No,"6,85,000"
5306100240,3,2,1340,1.5,3,1953,low,Yes,"3,39,950"
9334800140,3,1.75,1660,1,4,1951,premium,Yes,"3,15,000"
7203101260,3,2.5,1710,2,3,2009,low,Yes,"4,11,753"
7577700070,2,1.75,1620,1,3,1924,low,No,"5,77,000"
6072100140,3,1.75,1530,1,5,1972,premium,No,"5,00,000"
3874000240,3,2,1440,1,3,1963,medium,Yes,"2,10,000"
6151800135,4,1.75,2020,1,3,1969,medium,No,"6,40,000"
1826049225,4,1.75,1870,1,5,1949,low,Yes,"4,60,000"
8150100240,2,1,620,1,3,1941,premium,Yes,"2,65,000"
5152960710,5,5,5774,1,3,1984,medium,No,"7,40,000"
4027701275,3,1,1240,1,3,1948,medium,No,"2,30,000"
1545807990,3,1.75,1890,1,5,1978,premium,No,"3,15,000"
1726069179,3,1.75,2410,1,4,1981,medium,Yes,"4,32,000"
3905100070,3,2.5,1530,2,3,1995,low,Yes,"4,67,000"
7316400070,5,3.75,2800,1,3,1964,premium,Yes,"2,55,000"
2113700335,3,1.75,1460,1,3,1979,premium,No,"3,16,500"
3972900160,4,2,1580,1,3,1977,low,Yes,"1,90,000"
2767603215,3,2,1450,1.5,3,1900,premium,Yes,"4,90,000"
3664500041,4,1.75,1990,1,4,1976,medium,Yes,"3,78,000"
5379804150,6,4,4470,3,3,2013,low,Yes,"5,98,800"
9188200570,5,3,1980,1,3,1990,low,No,"3,33,800"
3905010140,4,2.5,2920,2,4,1990,medium,No,"6,90,000"
5141000685,4,1.75,1660,1,4,1948,premium,No,"3,20,000"
6738700320,4,3.5,3190,1.5,4,1912,low,Yes,"12,49,000"
1246700152,3,1.5,1560,1,4,1961,low,Yes,"3,35,000"
2926069062,3,2.5,3050,1,3,2004,medium,Yes,"8,40,000"
6114400136,4,2.75,3030,2,3,1986,low,No,"6,08,250"
6127010800,3,2.5,2260,2,3,2005,premium,No,"5,50,000"
4222000320,3,1,1260,1,3,1966,medium,No,"2,40,000"
2600010070,3,2.25,3370,2,4,1980,premium,No,"9,98,000"
3826500570,3,1.75,1490,1,3,1978,medium,No,"2,75,000"
8159620160,3,2.5,1570,1,3,1977,premium,Yes,"2,84,200"
1118001805,4,3.75,4490,2,4,1941,low,No,"17,15,000"
3398800055,4,3.75,4090,2,4,1926,low,No,"24,00,000"
3528000510,5,2.5,4150,2,3,1988,premium,No,"9,30,800"
627300105,4,3,2900,1,5,1959,premium,Yes,"9,30,000"
3279000070,4,1.5,1430,1,3,1979,premium,No,"2,15,000"
1922039062,2,1.5,1008,1,4,1943,medium,No,"4,80,000"
312000135,2,1.75,1480,1,4,1951,medium,No,"4,83,945"
6054650510,3,1.75,1240,1,4,1978,premium,Yes,"3,47,000"
3279000240,3,2,1370,1,4,1979,medium,Yes,"2,32,500"
1402000070,4,2.25,1770,1,4,1965,low,No,"3,90,000"
1562200240,3,2.25,2160,1,3,1965,medium,No,"5,50,000"
3904921070,4,2.5,2340,2,3,1987,medium,No,"5,90,000"
4045500510,1,1,960,1,5,1945,low,No,"4,20,850"
8849300160,4,2.5,2280,1,3,1983,low,Yes,"3,45,000"
4123810140,3,2,1970,1,3,1986,low,No,"4,29,800"
2473251170,4,1.75,1530,1.5,3,1968,low,Yes,"3,02,000"
6430500186,4,1.5,1790,1.5,4,1932,medium,No,"8,00,000"
4136950140,3,2.5,1700,2,3,1997,premium,Yes,"2,50,000"
1370802650,3,2,2660,1,4,1922,low,Yes,"6,05,000"
1721069036,3,1.75,1950,1,4,1985,medium,No,"4,12,000"
8637100370,3,2,1340,2,3,1994,premium,Yes,"2,52,000"
8952900260,3,1,1130,1.5,3,1954,medium,No,"3,75,000"
1972202080,2,1.75,1950,1,5,1919,medium,Yes,"7,25,000"
9476200350,5,3.5,3790,1,3,2001,medium,Yes,"4,71,750"
1523069204,4,2.25,2020,2,3,1995,low,No,"4,90,000"
2856100125,2,1,800,1,3,1945,premium,No,"4,39,000"
2968800626,4,2,1770,1,5,1949,low,Yes,"3,55,000"
2129700320,1,0.75,940,1,3,1944,medium,Yes,"2,50,000"
8965500320,4,2.25,2260,1,3,1984,medium,No,"7,80,000"
952005224,2,1,890,1,4,1918,premium,No,"4,09,000"
4443801160,2,1,860,1,4,1916,premium,No,"4,20,000"
5101404170,1,0.75,680,1,3,1947,premium,Yes,"2,00,000"
1241500350,2,1.5,2130,1,4,1963,low,No,"8,30,000"
4379400560,3,2.5,2390,2,3,2006,medium,No,"6,95,000"
629810350,4,2.75,3488,2,3,1998,medium,Yes,"8,15,000"
5466400550,3,1.75,1260,1,3,1983,low,No,"2,10,000"
3619600132,3,1.75,2940,1,4,1957,medium,No,"6,35,000"
4113800550,4,2.5,2440,2,3,1991,medium,No,"5,62,500"
7298020240,4,2.5,2600,2,3,1988,low,No,"4,02,500"
434000030,3,2,2080,1,4,1951,medium,Yes,"5,55,000"
1138000830,3,1,1990,1,3,1972,premium,No,"3,10,000"
8568000070,4,2.5,2840,2,3,1994,medium,No,"5,00,000"
8822901200,6,3,2630,1,3,1959,low,No,"4,30,000"
1118002090,3,4.25,2820,2,4,1930,premium,No,"16,00,000"
3856901525,4,1,1560,1.5,3,1923,low,No,"6,27,500"
1180500070,4,2.5,2330,2,3,1998,premium,No,"3,35,000"
7856560320,4,2.25,3320,1,4,1981,premium,Yes,"9,62,000"
5103900045,3,1.75,1730,1,3,1959,low,Yes,"2,99,000"
8562890370,4,2.5,3110,2,3,2001,premium,Yes,"3,99,950"
8807600340,3,1,1230,1,3,1968,premium,No,"3,22,000"
993002325,2,1.5,950,1,4,1949,medium,No,"4,30,000"
1022059082,3,1.75,1890,1,5,1966,medium,No,"3,07,000"
179000350,3,1.5,1010,1,3,1943,premium,Yes,"1,94,000"
3915500045,3,1,1010,1,4,1920,low,No,"1,80,000"
3578400030,4,2.25,2340,1,3,1983,medium,Yes,"4,65,000"
9346700320,4,2.5,2460,2,3,1978,premium,No,"7,22,500"
3856901715,2,1,1010,1,3,1921,medium,,"4,70,450"
8700120520,3,2.5,1650,2,3,1990,low,,"2,80,000"
7335400400,4,2,1440,1,4,1966,medium,,"1,76,250"
4319200505,5,1,1710,1.5,4,1926,low,,"5,60,000"
1426049083,3,2.5,2760,2,3,1991,medium,,"8,30,000"
7795400046,2,1,1350,1,4,1952,medium,,"2,76,900"
1337800045,3,1.75,1660,2,3,1906,low,,"6,25,000"
2207500695,4,2.5,2960,2,3,1900,medium,,"10,15,000"
1112000125,1,1,1090,1,4,1924,premium,,"4,63,500"
2472930270,3,2.5,3110,2,3,1990,medium,,"4,85,000"
5651500140,3,2,1380,1,3,1989,premium,,"2,72,000"
7203102080,2,1,1290,2,3,2008,medium,,"3,05,000"
3626500045,3,2.5,1980,1,5,1959,premium,,"7,60,000"
3226049117,2,1,870,1,4,1938,low,,"3,87,500"
6699940140,4,2.5,2470,2,3,2004,medium,,"3,52,000"
7702600160,3,1.75,2140,1,5,1950,low,,"5,07,000"
5379804730,3,1,770,1,3,1941,low,,"1,56,000"
3383900058,3,3.25,1490,3,3,2001,premium,,"5,80,000"
629600030,4,2.5,2510,1,4,1977,premium,,"6,30,000"
1823049171,5,1.5,1950,1,3,1964,low,,"2,75,000"
3760500516,5,4,3600,1,5,1960,premium,,"8,35,000"
2641400160,4,2.5,2380,2,3,1995,medium,,"3,40,000"
534000075,2,1,720,1,3,1942,premium,,"3,29,350"
3892500070,3,3.5,4070,2,3,1991,medium,,"14,80,000"
224069084,3,1,1250,1,3,1975,premium,,"4,75,000"
2767600400,3,2.25,2190,3,3,2014,medium,,"7,19,950"
5347200160,1,1,810,1,5,1941,medium,,"2,35,000"
9553200125,3,1.5,2440,1,3,1939,low,,"8,75,000"
5379804888,4,1.75,1740,1,3,1974,low,,"3,80,000"
421079105,3,2.25,1480,1.5,3,1984,premium,,"3,25,000"
4215250030,4,2.5,2120,2,3,1989,medium,,"4,75,000"
2420069017,1,1,900,1,5,1915,low,,"1,52,900"
2414600400,2,2,1190,1,3,1939,low,,"2,10,000"
2461900510,4,1,1010,1,3,1925,medium,,"3,50,000"
7695500200,3,2.5,2100,2,4,1985,low,,"5,05,000"
251200200,4,2.25,2020,1,4,1979,low,,"4,64,900"
513000550,3,2,2520,1,3,1957,premium,,"6,50,000"
8730000260,2,2.75,1370,2,3,2009,low,,"3,69,950"
3395040550,3,2.5,1530,2,3,2001,low,,"2,50,000"
3395040550,3,2.5,1530,2,3,2001,medium,,"3,20,000"
9471200200,4,4.25,5040,1,3,1950,premium,,"25,32,000"
5469700260,4,2.25,2530,2,3,1974,low,,"3,40,000"
2767600171,2,1.5,1010,1.5,5,1906,premium,,"4,40,000"
898000200,3,1,1200,1,4,1959,premium,,"2,19,950"
5315100806,4,3,2720,1,5,1957,premium,,"9,40,000"
9269200786,4,1.5,1850,1.5,3,1945,low,,"3,99,950"
1118001370,3,2.75,2340,1,4,1954,medium,,"15,68,000"
3558910640,4,1.75,1860,1,3,1969,low,,"5,28,000"
3761100341,4,1.75,1940,1,4,1956,premium,,"5,45,000"
8682261070,2,2,1680,1,3,2004,medium,,"5,75,000"
8732040810,4,2.75,1770,1,3,1979,low,,"2,35,000"
2991000400,3,2.5,1790,2,3,1998,premium,,"2,72,000"
2155500030,4,1.75,1720,1,4,1969,medium,,"3,80,000"
5727500102,3,1,1280,1.5,3,1949,premium,,"1,95,000"
5104510370,3,2.5,1690,2,3,2002,low,,"2,97,000"
1895450200,4,2.5,2190,2,3,2003,low,,"3,49,000"
8122101146,2,1,710,1,4,1942,medium,,"3,20,000"
7789900030,4,1.5,1890,1,3,1962,premium,,"3,19,990"
6893300350,2,2,1410,1.5,5,1909,medium,,"4,39,900"
4073800140,3,3.25,2210,2,3,1995,medium,,"4,29,000"
538000030,3,2,1540,1,3,1998,premium,,"2,72,500"
6632300478,4,2,1350,1,4,1959,medium,,"4,00,000"
4083800340,5,2,1380,1.5,3,1916,premium,,"4,62,000"
9214400135,2,1,890,1,3,1947,premium,,"5,10,000"
8944600200,3,2.5,1900,2,3,1988,premium,,"5,50,000"
8651430370,3,1,1240,1,3,1969,premium,,"1,50,000"
2296700260,3,2.5,1730,1,3,1969,premium,,"4,60,000"
3066400140,4,2.5,2090,2,3,1986,low,,"6,32,500"
1771100240,3,1.75,1650,1,4,1969,premium,,"3,61,000"
461003251,3,2.25,1130,2,3,2004,medium,,"4,37,000"
8699100240,6,2.75,3240,1,4,1950,medium,,"3,70,000"
8691350200,4,2.5,3840,2,3,1998,premium,,"8,84,250"
2525300550,3,1,1200,1,4,1969,medium,,"2,25,000"
7452500045,2,1,870,1,3,1949,medium,,"2,35,000"
2489200070,6,3.5,2410,2,3,1916,premium,,"7,67,500"
3623500260,3,1.75,1560,1.5,4,1928,premium,,"12,00,000"
425069104,3,2.5,2410,2,3,1989,medium,,"7,15,000"
2239800070,4,2.25,2300,1,3,1959,low,,"4,17,000"
2618300350,3,1,1390,1,4,1964,premium,,"1,99,000"
1336800160,5,2.5,2920,2,3,1906,low,,"8,75,000"
7519000570,4,1.5,1370,1.5,3,1926,premium,,"5,45,000"
257000105,2,1,950,1,3,1926,medium,,"1,92,500"
4401200350,3,2.5,3090,2,3,1999,low,,"8,22,500"
6402300070,4,2.5,2390,1,3,1975,low,,"8,00,000"
5317100570,3,2.5,2070,2,3,1930,premium,,"12,50,000"
8106100105,4,4.25,5770,2,4,1980,low,,"38,50,000"
9407150240,3,2.5,1460,2,3,1995,medium,,"2,95,000"
8682291940,2,1.75,1510,1,3,2006,low,,"4,19,000"
4139420070,5,3.25,5180,1,3,1993,medium,,"11,95,000"
629400340,4,2.75,3430,2,3,1995,medium,,"7,50,000"
3380900160,4,1.5,1700,1,3,1953,medium,,"5,02,000"
2175100270,3,1.75,2640,1,4,1960,medium,,"10,25,000"
3448000270,3,1,1200,1.5,3,1945,premium,,"3,98,500"
8701600510,2,1.5,1850,1.5,4,1907,medium,,"7,00,000"
6083000083,5,1.5,1510,1,4,1959,low,,"2,48,000"
9178600135,4,2,2130,1,5,1922,low,,"8,00,000"
1721059286,4,2.5,2640,2,3,2004,low,,"3,83,000"
8161600135,4,3,3000,1.5,3,1913,low,,"6,88,000"
2568300132,3,2,1870,1,5,1926,medium,,"5,21,000"
6414100111,2,1,990,1,3,1949,medium,,"3,65,000"
9818700320,3,2,2005,1,3,1980,medium,,"4,91,000"
686200510,3,2.75,2030,1,5,1965,medium,,"6,43,000"
3279000370,3,2.5,1500,1,2,1979,low,,"2,79,000"
2767601031,4,1,1530,1.5,4,1908,medium,,"5,83,500"
4142450510,3,2.5,1990,2,3,2004,medium,,"3,10,000"
3291800510,3,1.75,1420,1,4,1984,medium,,"3,10,000"
7893203450,3,1,1400,1,4,1956,premium,,"2,80,000"
908000260,4,2.5,1870,2,3,2004,low,,"2,72,000"
3225069239,4,3,3040,1.5,3,1923,premium,,"8,70,000"
8645540320,3,2,1790,1,3,1980,medium,,"3,07,000"
9280200030,2,1.5,1590,1,4,1946,premium,,"4,90,000"
6159400030,3,2,2050,1,5,1960,premium,,"3,99,950"
7787400030,5,3.5,4220,1,3,1958,medium,,"16,35,000"
1888120140,5,4.5,4030,2,3,2000,low,,"9,89,000"
2916620240,4,1.75,1770,1,5,1983,medium,,"2,64,950"
251200240,4,2.75,2100,1,3,1979,low,,"4,91,500"
7695500240,3,2.25,2120,2,3,1984,medium,,"3,45,000"
7749500070,4,1.75,2600,1,4,1969,premium,,"3,39,900"
6762700340,3,3,2400,2,3,1905,premium,,"8,52,000"
824069121,5,3.5,3180,1,3,1968,low,,"5,85,000"
2600100370,4,2,2790,1,4,1977,medium,,"7,23,000"
2326059082,3,2.25,2080,2,3,1990,low,,"5,94,000"
2591010240,2,1.5,1370,2,4,1987,premium,,"4,05,000"
1085610030,4,2.5,2790,2,3,1997,medium,,"7,25,500"
9551202025,2,1,1740,1,3,1955,premium,,"8,00,000"
4379600030,3,3.75,6400,1,4,1966,medium,,"13,25,000"
4345000510,3,2.5,1800,2,3,1996,premium,,"1,80,500"
4345000510,3,2.5,1800,2,3,1996,low,,"3,25,000"
3327000140,3,1.75,1190,1,4,1968,low,,"2,35,000"
7100000135,2,1,860,1,4,1948,premium,,"3,30,000"
2483200060,3,2,2460,1,4,1952,premium,,"6,78,500"
2592400550,4,2.5,1980,2,4,1974,low,,"4,63,000"
2113701200,2,1,670,1,3,1943,medium,,"2,50,000"
5249804510,3,2,1410,1.5,4,1927,medium,,"6,55,000"
9264901040,4,2.25,1860,1,3,1979,premium,,"2,39,900"
7967600069,3,1,980,1,3,1955,medium,,"1,85,000"
4219400520,4,2.25,3040,2,4,1926,premium,,"17,35,000"
3810000202,3,2.25,1810,1,3,1977,premium,,"2,51,700"
1226039129,4,2,1560,1,3,1964,premium,,"4,00,000"
8146100370,4,1.75,2100,1,3,1955,medium,,"7,35,000"
1224059053,5,2,2500,2,5,1942,medium,,"17,00,000"
1623049041,2,1,520,1,2,1951,premium,,"82,500"
98020140,4,4,3010,2,3,2004,low,,"7,65,000"
9510900070,4,1.75,2140,1,3,1968,medium,,"2,92,500"
2473381090,3,2.25,2390,1,4,1970,premium,,"2,70,000"
6378500105,2,1,1510,1,3,1939,low,,"4,15,000"
3861400030,4,1.75,2210,1,4,1952,premium,,"9,50,000"
705700640,3,2.75,2170,2,3,1995,low,,"3,53,000"
2767603210,3,2.5,1790,3,3,2007,premium,,"6,70,950"
3294700030,3,1.75,1390,1,4,1912,premium,,"2,80,950"
7524950830,3,1.75,1850,1,4,1983,medium,,"5,85,000"
2124069078,2,1.5,1480,1,3,1974,low,,"5,25,000"
5728000060,3,1.75,1850,1,4,1973,premium,,"6,05,000"
2880100160,4,3.5,3350,2,3,2007,low,,"10,10,000"
4435000520,3,1,1040,1,3,1942,medium,,"2,45,990"
8856900310,4,2.25,2810,2,3,1985,medium,,"5,35,000"
4315700390,1,1.5,1010,1,3,1911,medium,,"4,10,000"
2095800520,3,2.5,2250,2,4,1988,medium,,"5,50,000"
4193500140,3,1.75,1800,1,3,1972,medium,,"6,65,000"
3582200200,3,1,2400,1,4,1940,premium,,"4,55,000"
9521100106,4,1,1780,1.5,3,1922,premium,,"4,40,000"
7351000160,3,2.25,2120,1,3,1979,low,,"3,32,000"
5422420140,3,2.5,1860,2,3,1989,premium,,"2,80,000"
7234601162,3,3.5,1460,2,3,2006,premium,,"5,70,000"
6623400217,3,1,1230,1,4,1957,medium,,"2,50,000"
3354400060,2,1,1088,1,3,1952,premium,,"2,38,000"
408100105,3,1,800,1,3,1949,low,,"2,65,000"
7297700055,3,1,1190,1,4,1959,medium,,"3,06,000"
8029740060,5,2.75,1940,1,3,2002,low,,"3,45,000"
1355200060,4,2.5,3300,1,4,1971,medium,,"7,65,000"
4136890560,4,2.5,2590,2,3,1998,medium,,"3,46,300"
1320069271,3,2,2080,1,3,2002,premium,,"3,42,500"
9269260240,4,2.25,2680,2,3,2000,low,,"5,01,000"
1796381070,3,2.5,1670,1,4,1990,medium,,"2,70,000"
6840701125,3,1,1830,1.5,4,1930,medium,,"6,38,000"
7443000640,3,1.75,1400,1,4,1908,low,,"4,60,000"
6344000060,4,1.75,2770,1,4,1953,medium,,"7,60,000"
3317500030,3,2.5,3630,1,4,1972,low,,"10,85,000"
2130702270,3,1,1040,1,3,1983,premium,,"2,34,000"
3343301920,3,2.75,2690,2,4,1975,low,,"16,50,000"
2688100075,5,2,2020,1.5,4,1938,medium,,"4,88,000"
6448600060,5,2.5,2450,2,4,1963,low,,"15,50,000"
6619510060,4,3,2030,2,3,1982,low,,"4,99,000"
4058802105,3,1,1450,1,3,1952,premium,,"1,50,000"
7212660640,4,2.5,2400,2,3,1993,premium,,"3,33,000"
8026700105,4,2.75,2870,1,4,1959,low,,"7,00,000"
8018600640,4,1,1340,1.5,3,1926,premium,,"2,75,000"
623049315,3,2.5,1680,1,3,1959,medium,,"3,30,000"
6632900340,4,2,1850,1,3,1969,low,,"3,60,000"
6798100070,3,1,1220,1.5,3,1965,low,,"4,67,000"
8644400060,3,2.5,2320,1,4,1979,low,,"5,68,000"
4388600030,5,2.25,3220,2,3,1972,premium,,"6,05,000"
629420260,4,2.75,3190,2,3,2005,medium,,"7,50,000"
1117200550,3,2.75,3530,2,3,1994,low,,"7,60,000"
7461420060,3,1.75,2050,1,3,1979,medium,,"2,65,000"
5566100060,3,1.75,1720,1,4,1956,premium,,"4,90,000"
7714000340,4,2.5,2850,2,3,2004,medium,,"3,60,000"
5149300400,4,2.25,2270,1,4,1976,low,,"3,11,750"
3815500045,3,2.25,1880,1,3,1958,low,,"3,99,000"
1843100520,4,2.5,2770,2,3,1989,medium,,"3,47,000"
1329000030,4,3.75,4490,2,3,1998,premium,,"16,80,000"
7853240560,4,2.5,3110,2,3,2005,low,,"5,85,000"
8078100260,4,2.5,2360,2,3,1992,premium,,"3,40,000"
3905120830,3,2.5,2180,2,3,1994,premium,,"6,12,000"
1442800400,2,1.75,1910,2,3,1980,medium,,"2,30,000"
3905000200,4,2.5,2260,2,3,1989,low,,"6,04,000"
4399200075,3,1.75,1770,1,4,1959,premium,,"2,50,000"
1545802830,3,2,1460,1,3,1989,premium,,"2,58,500"
1370804100,4,2.75,2080,1,5,1940,premium,,"7,83,000"
269000240,5,2.25,2960,1,5,1958,low,,"10,50,000"
2619920030,4,2.5,3220,2,3,2002,premium,,"7,60,000"
3438500339,3,1,1140,1,3,1960,premium,,"2,76,000"
8563001070,4,2,1660,1,3,1966,medium,,"5,50,000"
4427100105,4,1,1430,1.5,5,1953,premium,,"3,98,000"
2767800140,3,3,1820,1.5,4,1914,low,,"7,75,000"
2600140070,4,3,3540,2,3,1988,premium,,"10,27,500"
7231501610,4,1,1620,1.5,5,1905,medium,,"3,27,000"
2787250240,4,2.75,3100,2,3,1995,medium,,"5,64,500"
5309100295,4,1.75,1500,1.5,5,1905,medium,,"7,82,000"
2781260370,4,2.5,2820,2,3,2005,medium,,"3,98,000"
1926059155,3,1.75,1850,1.5,3,1915,low,,"2,57,000"
7137900960,4,2,1570,2,4,1984,premium,,"2,35,000"
2817100570,4,2.75,2300,1,5,1979,premium,,"4,53,000"
3886902445,2,1,920,1,1,1954,premium,,"5,35,000"
2215902010,3,2.5,1600,2,4,1993,low,,"2,75,000"
1778350270,3,2.5,2630,2,3,1996,premium,,"6,65,000"
1449000270,4,2.75,3020,1,4,1977,low,,"6,70,000"
3755100520,3,1.75,1490,1,3,1966,premium,,"4,65,000"
8651441620,3,1.5,1160,1,5,1970,low,,"2,10,000"
1321970240,4,2.5,2040,2,3,2001,medium,,"2,65,000"
6816300060,2,2.5,1550,2,4,1987,medium,,"4,26,000"
8563000520,4,2.25,1990,1,4,1966,medium,,"5,29,219"
3663000070,3,2.25,1900,1.5,4,1969,medium,,"6,00,000"
255400070,5,3.5,3840,2,3,2001,medium,,"8,75,000"
269000070,4,3,2400,1,3,1956,low,,"6,08,000"
1163400070,3,1,1660,1,4,1973,low,,"2,20,000"
4139420370,4,5,6055,1,4,1996,low,,"17,60,000"
2599200160,3,2,2030,1,4,1966,premium,,"2,95,450"
1704900135,2,1,840,1,3,1925,low,,"3,15,000"
6648701420,4,2,1450,1,4,1967,premium,,"2,05,000"
6123000070,3,1.5,1460,1,3,1952,low,,"3,10,000"
7015200136,5,1,2010,1.5,3,1927,medium,,"10,00,000"
5104531820,4,2.5,2910,2,3,2006,medium,,"5,25,000"
6620400631,4,1.75,1880,1,3,1960,premium,,"2,84,000"
3582500240,3,1.75,2170,1,3,1986,medium,,"5,10,000"
1529300160,2,1,1260,1,4,1947,low,,"4,05,000"
4027700844,3,2.5,1970,2,3,2007,medium,,"5,09,950"
425069139,4,2.25,2090,2,3,1987,low,,"6,00,000"
3047700105,4,3.75,3450,2,3,2006,premium,,"9,90,000"
2976800550,3,1.5,1130,1,3,1954,medium,,"2,80,005"
6151800070,3,1.75,2600,1,4,1968,low,,"7,00,000"
4364700105,3,1,1030,1,3,1953,low,,"3,30,000"
7893804845,2,1,1700,1,3,1956,medium,,"3,40,000"
7694800070,2,2.5,1480,2,3,2007,premium,,"4,68,000"
1922000070,4,2.5,4250,2,4,1972,medium,,"13,39,000"
4035900060,3,1.75,1600,1,3,1955,medium,,"5,15,000"
8880600070,4,2,1870,1,3,1977,premium,,"2,45,000"
739800070,3,2.5,1440,1,4,1983,low,,"2,65,000"
1561910270,3,2.5,2720,2,3,1990,premium,,"3,72,400"
7305300370,3,1.5,1240,1,5,1948,medium,,"3,90,000"
7345000340,3,1,1020,1,4,1967,premium,,"2,08,000"
3971701455,2,0.5,1180,1,4,1945,medium,,"2,73,000"
8035350260,5,3.5,3080,2,3,2003,premium,,"4,55,000"
104550520,4,2.5,1750,2,3,1988,low,,"2,70,000"
4037400295,4,2.25,2530,1,4,1958,medium,,"6,18,000"
5413200140,3,2.5,1580,2,3,1990,medium,,"2,13,550"
522049104,5,1.75,2340,2,3,1957,low,,"2,10,000"
3859900060,5,4,6300,2,3,2004,medium,,"27,50,000"
6145601715,4,2.75,2400,1,5,1974,low,,"4,03,500"
1645000310,3,1.5,1300,1,4,1963,premium,,"2,35,000"
7471900045,3,2,1760,1,4,1936,medium,,"2,87,500"
7697100030,4,1.5,1520,1,3,1946,low,,"5,46,800"
3313600340,3,1.75,1070,1,4,1957,low,,"1,83,000"
1921069082,3,2,2560,1,3,1986,premium,,"5,60,000"
4263200030,3,1,1280,1,3,1958,low,,"2,99,500"
6918700370,4,2.25,1660,1,3,1965,premium,,"6,10,000"
8125200483,3,1.5,1860,1,3,1963,low,,"2,88,350"
1930301555,2,1,950,1,3,1926,medium,,"5,00,000"
7974200776,4,2.75,2140,1,3,1951,low,,"6,25,000"
2719100013,2,1.5,1480,2,3,2007,low,,"4,18,000"
7234601544,3,3,2260,2,3,2002,medium,,"6,60,000"
5652601455,4,2.5,2300,2,3,1999,premium,,"7,75,000"
2558600060,3,2.75,1650,1,4,1972,premium,,"4,29,500"
5017000575,3,2,1990,1.5,3,1908,medium,,"5,69,000"
2796100160,4,2,1960,1,5,1978,low,,"2,50,000"
5470100270,3,1.5,1310,1,4,1969,low,,"2,25,000"
6112300140,4,2.75,2450,1,5,1974,medium,,"5,30,000"
4024101715,3,1,910,1,3,1955,premium,,"3,06,000"
3205100060,3,1.75,1580,1,5,1962,low,,"5,17,100"
4450700030,3,1.75,1780,1,3,1976,premium,,"3,54,950"
7920100083,3,1.5,1040,1,3,1925,low,,"3,48,000"
1774350160,4,2.5,2340,1,3,1977,medium,,"5,22,250"
2115510340,3,2.5,1720,1,3,1983,medium,,"2,75,000"
8901000445,3,1.5,1600,1,3,1954,low,,"3,90,000"
6121800060,3,1.5,1320,1,3,1954,premium,,"2,60,000"
8712100320,5,2.75,2350,1.5,3,1922,medium,,"5,85,000"
2979800520,5,2.75,2740,1.5,5,1925,low,,"6,05,000"
2331540070,4,2.5,2300,2,3,2001,medium,,"3,42,000"
6345000160,5,3,4350,2,3,1972,medium,,"9,00,000"
5126950340,3,1.75,1430,1,4,1981,low,,"2,52,000"
5152100160,3,1.75,2400,1,3,1971,medium,,"3,57,000"
3298201290,3,1,940,1,4,1959,medium,,"3,70,000"
428000055,3,1,1020,1,5,1959,medium,,"3,22,500"
8698600055,2,2,1680,2,4,1910,low,,"2,10,000"
3034200885,2,1,1340,1,3,1949,medium,,"2,90,000"
2538400060,4,3.25,3960,2,3,2005,medium,,"8,60,000"
3145600045,6,2,2650,1.5,3,1911,medium,,"3,02,000"
7183000070,4,2.25,2120,2,4,1965,premium,,"3,69,160"
6788200800,4,2.75,2850,2.5,3,2003,low,,"11,85,000"
824059083,4,2,2850,2,5,1954,medium,,"9,93,000"
2724069117,6,2,1870,1,4,1968,medium,,"3,80,000"
9157600060,4,2,2660,1,4,1949,premium,,"6,35,000"
943100262,3,1,1190,1,3,1947,low,,"2,60,000"
3810000465,2,1,1770,1.5,4,1943,low,,"2,43,000"
2451000070,4,2.5,2770,2,3,2001,medium,,"14,00,000"
7640400070,4,2.5,2080,1,5,1952,medium,,"6,65,000"
7732410370,5,2.25,2700,2,5,1987,premium,,"8,98,000"
3253500030,4,2.75,2200,1,5,1955,medium,,"5,83,000"
2128000160,4,1.75,2160,2,2,1977,medium,,"4,29,000"
3764650070,3,2.5,2010,2,3,1998,premium,,"4,71,000"
1118000465,3,3.5,3780,2,3,1951,premium,,"18,10,000"
2622059062,3,3.25,4460,2,3,2005,low,,"7,39,500"
2211700160,3,1.5,1770,1,3,1959,premium,,"4,50,000"
9376301180,3,1,1430,1,3,1949,premium,,"5,52,500"
2203500570,4,1.75,1700,1,4,1954,low,,"4,37,000"
3634100030,4,2,1830,1.5,3,1951,premium,,"2,70,000"
2599200830,3,1.5,1410,1,4,1965,low,,"2,26,740"
4140090370,4,2.5,3060,1,3,1974,low,,"4,46,500"
2320069083,3,2,1820,2,3,1920,medium,,"2,83,000"
6893300295,4,1.75,2430,1.5,4,1909,medium,,"4,45,000"
7454000030,2,1,740,1,5,1942,low,,"2,50,000"
7454001090,3,1,770,1,3,1942,medium,,"3,07,000"
2944500340,4,2.75,2200,1,3,1991,medium,,"3,15,000"
2346800270,3,3,2920,1.5,3,1908,premium,,"5,55,000"
2796100640,4,2.5,2040,1,3,1979,premium,,"2,64,900"
993000046,3,2,1600,1,3,1978,medium,,"5,10,000"
2333230270,4,2.5,1990,2,3,2002,premium,,"3,28,000"
5104510340,4,2.5,1830,2,3,2002,low,,"3,58,000"
2517000700,3,2.5,2540,2,3,2005,low,,"3,25,000"
1724069062,2,3.25,2700,3,3,1990,low,,"13,65,000"
5556800260,4,2,1440,1,4,1967,premium,,"2,30,000"
2771603610,3,2,1550,1,3,1955,low,,"5,45,000"
3629910240,3,2.5,2490,2,3,2003,medium,,"7,05,380"
5634500036,5,2.5,2650,1,4,1979,medium,,"4,59,000"
2887703066,4,2.25,2000,2,3,2001,low,,"8,15,000"
3185600055,6,5,3440,2,3,2007,premium,,"4,95,000"
1421069159,3,2.5,2280,2.5,3,1987,medium,,"5,20,000"
476000335,2,1.5,1320,3,3,2001,premium,,"4,30,000"
251300260,4,2.5,2070,2,3,1989,medium,,"2,55,000"
2887700140,3,2,1860,2,5,1908,premium,,"5,88,000"
3298201170,3,1,940,1,3,1959,low,,"3,50,000"
2024059084,4,2.75,2290,1,5,1963,low,,"6,25,000"
7229700105,2,2,1510,1,2,1958,low,,"1,72,500"
2313900560,3,2,1830,1.5,5,1909,medium,,"5,54,000"
6192400400,4,2.5,3090,2,3,2001,premium,,"7,75,000"
1425069116,4,3.5,4340,2,3,2003,premium,,"11,87,500"
3582900200,3,2.75,3200,2,3,1977,low,,"6,18,000"
243000335,4,1,1560,1.5,4,1954,medium,,"3,05,000"
7760400350,3,2,1280,1,3,1994,low,,"2,32,000"
128500260,4,2.5,2020,2,3,2002,low,,"2,62,000"
1697000370,3,1,1040,1,5,1971,premium,,"2,34,000"
8902000267,4,2.75,2260,1,3,2002,low,,"5,00,000"
1218000030,3,1,860,1,3,1920,premium,,"2,78,000"
6099400140,5,1,1920,1,3,1961,premium,,"2,30,000"
5710600030,4,1.75,2290,1,5,1969,medium,,"5,00,000"
7304300570,4,2.75,2070,1,5,1945,low,,"3,66,500"
1702901180,6,3,4250,2.5,4,1902,low,,"6,65,000"
3508100135,3,1.5,2220,2,3,1928,low,,"11,01,000"
4443800030,2,1.75,1840,1,3,1957,premium,,"5,75,000"
2553300140,4,2.5,2590,2,3,1993,medium,,"6,74,750"
4154300465,5,2,3110,1,5,1940,medium,,"7,19,000"
3623029045,3,1.75,2600,1,4,1980,low,,"4,82,000"
9371700125,2,1,1060,1,4,1952,medium,,"2,54,000"
4443800810,3,1.75,1250,1,4,1944,low,,"4,43,725"
1330900570,4,2.5,2520,2,3,1980,low,,"5,75,000"
4017110200,3,2.25,2070,1,3,1977,low,,"4,69,000"
303000445,2,1,1300,1,5,1958,premium,,"1,75,000"
7857003505,5,2,2190,1,3,1961,premium,,"4,37,000"
4027701291,4,3,2760,1,4,1974,premium,,"5,50,000"
3831200200,3,2.25,1710,1,4,1979,low,,"1,72,040"
4123830070,3,2,1750,1,3,1993,low,,"3,63,000"
8946750140,3,2.25,1552,2,3,2012,medium,,"2,82,000"
7129300400,6,2,2350,2,3,1905,premium,,"4,00,000"
2126059234,5,3.5,5110,2,3,2003,medium,,"6,50,000"
621069074,3,2.5,1720,2,4,1990,low,,"3,65,000"
7879600070,4,2.5,1960,2,3,2002,medium,,"2,69,950"
6151800486,2,1,1270,1,3,1977,medium,,"2,60,000"
8581200160,3,1.5,1180,1,4,1977,premium,,"1,93,000"
2395710070,4,2.25,2230,2,3,2005,low,,"3,40,000"
6669100070,4,3.25,4700,2,3,1978,low,,"9,00,000"
8856920070,3,2.5,2150,2,3,1991,premium,,"3,71,000"
323089084,3,2.5,2400,2,3,1985,medium,,"5,92,000"
798000342,3,2.5,1830,2,3,1991,medium,,"3,00,000"
5104511840,4,3,2800,2,3,2003,medium,,"4,49,950"
5205000400,3,2.5,2090,2,3,1989,medium,,"2,99,500"
8565900160,4,2.25,2340,1,4,1963,premium,,"9,95,000"
4302700445,4,1.75,1670,1,3,1960,low,,"3,35,000"
2413300240,4,2.25,1990,1,4,1978,premium,,"2,80,000"
9477201620,4,2.25,2270,1,3,1977,premium,,"4,46,000"
3395000070,4,2.75,4910,1,4,1964,low,,"15,44,500"
3336000791,3,1,950,1,4,1943,low,,"3,25,000"
1087700030,3,1.75,1610,1,3,1955,premium,,"4,50,000"
8856970570,4,2.5,1940,2,3,2000,medium,,"3,22,500"
2206700295,3,1,1210,1,5,1955,medium,,"4,53,000"
293910030,4,2.5,2570,2,3,2001,medium,,"6,55,000"
9547205660,3,2.25,1700,2,5,1926,low,,"6,03,000"
8856004400,4,1,1610,1.5,3,1947,low,,"2,35,000"
3888100128,4,3.5,4120,2,3,2006,medium,,"9,68,933"
8562900240,3,3.5,2880,1,3,1980,medium,,"10,15,000"
1088000030,4,2.25,1990,2,3,1973,low,,"4,35,000"
1545800640,3,2,1260,1,3,1986,low,,"2,42,000"
3020079078,6,3.25,4750,2,4,1947,premium,,"4,87,000"
11520640,4,2.75,3010,2,3,1996,low,,"8,10,000"
3407700046,3,2.5,2410,1,4,1976,low,,"6,25,000"
7696600240,3,1.5,1280,1,3,1973,premium,,"1,65,000"
3904100106,3,1,2320,1,3,1960,low,,"3,35,000"
7849201600,3,1,1220,1,3,1958,low,,"2,86,700"
8924100111,2,1.5,1400,1,4,1954,medium,,"6,99,000"
2221000070,3,1.75,1590,1,3,1974,medium,,"2,80,000"
8078350030,4,2.5,2220,2,3,1988,low,,"5,80,000"
8682281710,2,2.5,2770,2,3,2006,low,,"7,54,800"
1383500070,4,2.5,2303,2,3,1995,premium,,"5,25,000"
6744700181,3,1.75,1600,1,3,1962,premium,,"5,62,000"
6728700075,4,1.75,1280,1,3,1926,low,,"5,75,000"
3630180240,5,2.5,2900,2,3,2006,low,,"8,08,900"
2162000160,3,2.25,2950,1,4,1966,low,,"9,92,000"
705700140,3,2.5,1700,2,3,1997,medium,,"3,35,000"
9423400193,3,2.75,1050,1,3,1985,low,,"4,73,000"
5137200140,4,2.75,2990,1,4,1977,medium,,"3,50,000"
5026900160,5,2.5,3100,2.5,4,1906,medium,,"16,00,000"
4024101052,3,1,1240,1,4,1950,premium,,"3,05,500"
1726069051,2,1,780,1,4,1946,low,,"3,06,000"
6300000693,2,2.25,850,2,3,2001,low,,"2,33,000"
6413100270,3,1.75,1540,1,3,1971,medium,,"4,90,000"
7215420160,4,2.5,2280,2,3,1994,low,,"4,45,000"
7878400135,3,2.25,2550,1,3,1959,premium,,"3,55,000"
2597710070,2,2,1770,1,4,1987,premium,,"3,60,000"
9244900248,3,1.75,2320,2,3,1935,low,,"7,37,500"
824059277,3,3.5,2600,2,5,1969,premium,,"9,85,000"
3278601940,2,3.25,1570,2,3,2006,premium,,"3,49,950"
7853250160,4,2.5,3060,2,3,2005,low,,"5,20,000"
1163100070,4,2.5,1960,1,3,1955,low,,"3,55,950"
8106300510,5,2.5,3270,2,3,2004,low,,"4,85,000"
4239400960,3,1,1090,1,4,1969,premium,,"1,43,000"
7524900003,2,1.75,6840,2.5,3,2001,low,,"32,78,000"
3893100327,3,1,940,1,4,1967,medium,,"3,55,000"
7856640560,5,3.5,3880,2,4,1979,medium,,"11,26,000"
7206900075,5,1.75,1770,1,4,1959,low,,"2,00,000"
8691310070,4,2.5,3640,2,3,1999,medium,,"9,13,000"
4389200796,3,2.5,3160,1,4,1966,premium,,"16,00,000"
7436300160,2,2.5,1590,2,3,1997,low,,"4,09,900"
7896300070,4,1,1290,1,3,1950,low,,"2,65,000"
2425059074,5,3,3655,1,5,1955,medium,,"7,40,000"
2111010340,4,2.5,2490,2,3,2001,premium,,"3,06,000"
7852150140,3,2.5,1470,2,3,2003,medium,,"3,81,000"
1370800830,3,3.25,3960,2,3,1933,premium,,"12,20,000"
7632400400,3,3.5,3190,1,4,1941,low,,"10,50,000"
5220300140,2,1,810,1,5,1948,low,,"4,08,000"
2568200140,5,2.5,2980,2,3,2006,low,,"7,39,900"
1137300340,4,2.5,2780,1,4,1985,premium,,"6,74,250"
7640400106,2,1,1340,1,4,1953,premium,,"4,38,400"
2175100055,5,5,4930,2,3,2000,premium,,"17,00,000"
9274200990,3,2,1360,1.5,3,1945,medium,,"7,03,000"
5028600550,3,1.75,1320,1,4,1989,medium,,"2,62,000"
1471630160,3,2,1210,1,3,1984,premium,,"3,53,000"
9430110030,4,2.5,1940,2,3,1995,medium,,"5,00,000"
9275700016,4,2.5,3160,1.5,3,1917,low,,"12,80,000"
6654700240,4,2.5,1980,2,3,2004,low,,"3,32,000"
8563080270,4,2.5,2320,1,4,1974,premium,,"8,24,000"
7548300326,4,2,1660,1,3,1968,low,,"2,90,000"
5457300696,3,2.5,1660,2,3,2002,premium,,"7,00,000"
1175001125,2,1,1080,1,4,1922,premium,,"5,50,000"
3034200197,2,1,1510,1.5,4,1921,medium,,"5,49,000"
7787400105,4,2.5,2950,1,4,1951,low,,"18,65,000"
9346700270,4,2.25,3070,2,3,1978,low,,"8,58,000"
6414600260,2,1,970,1,3,1947,premium,,"3,45,000"
2620069195,4,1.75,2140,2.5,3,1930,premium,,"3,40,000"
1300301840,4,2.25,2570,2.5,4,1962,low,,"12,15,000"
4358700186,3,2.25,1260,3,3,2009,medium,,"2,75,000"
259600560,3,1,1220,1,3,1963,medium,,"4,05,000"
2634500070,3,2,1720,2,5,1949,premium,,"4,32,500"
7186800105,4,1,2140,1.5,3,1925,medium,,"2,36,500"
4459800070,4,1.5,1420,1.5,4,1928,medium,,"6,79,000"
3034200370,4,2.5,2060,2,3,1995,premium,,"5,43,000"
7887200390,3,1,1320,1,3,1953,medium,,"2,94,000"
2473390710,3,1.75,1810,1,4,1969,medium,,"3,40,500"
2600140370,4,2.5,2980,2,3,1989,low,,"10,12,000"
7525100520,2,2,1350,1,3,1976,medium,,"3,35,000"
6204200560,3,2,1540,1,3,1988,medium,,"4,25,000"
5416100160,3,2.5,2510,2,4,2001,low,,"3,53,000"
3905040070,3,2.5,1670,2,3,1991,premium,,"5,40,000"
8562900520,5,3.5,3690,2,3,2006,premium,,"6,40,000"
4027701182,3,1,1320,1,3,1959,premium,,"3,39,950"
9407110710,3,1.75,1510,1,2,1979,premium,,"1,95,000"
9407110710,3,1.75,1510,1,2,1979,low,,"3,22,000"
5160300030,4,1.75,1870,1,3,1978,premium,,"6,60,000"
1000102,6,3,2400,2,3,1991,premium,,"2,80,000"
1000102,6,3,2400,2,3,1991,low,,"3,00,000"
8945300200,3,1,1170,1,4,1966,premium,,"2,07,500"
7796600070,3,1.5,1190,1,3,1956,premium,,"1,95,000"
4443800765,3,2,2080,1,5,1954,medium,,"7,00,000"
3298720030,4,1.75,2150,1,4,1982,premium,,"5,60,000"
1781500435,3,1.75,1580,1,5,1911,low,,"2,60,000"
1781500435,3,1.75,1580,1,5,1911,medium,,"5,75,000"
6979970140,3,2.5,2370,2,3,2006,low,,"4,75,000"
1005000036,3,1.75,1840,1,3,1905,medium,,"2,85,000"
3629921160,4,2.5,2660,2,3,2003,premium,,"7,53,888"
3629910370,3,2.5,2190,2,3,2003,premium,,"6,50,000"
5200100105,3,2.25,1660,1.5,4,1929,medium,,"6,20,000"
1024069159,3,1.75,1780,1,3,1977,premium,,"5,26,000"
418000310,2,1,700,1,5,1952,premium,,"1,55,000"
765000060,4,2,1570,1,3,1959,medium,,"3,42,000"
2126079046,3,1.75,1220,1,3,1981,low,,"3,90,000"
2024079035,3,2.75,3150,2,4,1990,premium,,"6,85,000"
7202270830,4,2.5,2690,2,3,2001,medium,,"6,08,000"
133000070,2,1,680,1,3,1943,premium,,"1,79,900"
2818600060,6,3.25,3750,2,5,1936,low,,"12,45,000"
6082400083,3,1,1010,1,3,1957,low,,"1,66,000"
9412900045,3,1.5,1710,1.5,3,1928,premium,,"4,62,000"
3905030140,4,2.5,2090,2,3,1990,low,,"5,45,000"
7228501580,3,1,1560,1.5,3,1903,premium,,"4,15,000"
6679000390,3,2.5,1560,2,3,2003,low,,"2,69,000"
1822500160,4,2.5,2570,2,3,2008,low,,"3,56,500"
6889000060,3,1,1010,1,4,1961,low,,"2,25,000"
835000055,2,1,1020,1,4,1948,medium,,"1,75,000"
7811210320,5,2.5,1710,2,4,1974,low,,"5,49,000"
3123049320,3,2.75,2300,2,3,1989,premium,,"5,35,000"
4123400320,4,2.25,1990,1,3,1973,medium,,"6,27,000"
4477000270,3,2,2730,2.5,3,1976,low,,"5,65,000"
3126049094,4,2,2195,1,3,1912,medium,,"3,92,450"
8682282180,2,2,1560,1,3,2006,medium,,"5,09,000"
1232000810,3,2.5,1400,1,3,1921,premium,,"3,40,000"
1232000810,3,2.5,1400,1,3,1921,premium,,"5,37,000"
8691330310,4,3,3690,2,3,1998,premium,,"8,65,000"
3996900295,2,1,1140,1,3,1948,low,,"3,58,000"
117000003,4,2.25,1920,1.5,5,1923,medium,,"5,95,000"
1471590060,4,2.5,2496,2,3,1998,low,,"6,61,000"
2558650200,3,2.25,2280,1,4,1977,medium,,"4,19,950"
5104531580,4,3.5,3200,2,3,2006,medium,,"4,90,000"
6021503570,2,1,880,1,3,1940,premium,,"5,25,000"
1862400517,3,2,1320,3,3,1995,medium,,"3,50,000"
2738650030,3,2.5,2450,2,3,2008,low,,"5,52,500"
5560000710,3,1,1040,1,4,1961,low,,"2,10,000"
7215410320,3,2.5,2480,2,3,1990,premium,,"3,90,000"
3971700510,5,1.75,1830,1.5,3,1958,premium,,"3,36,800"
7202330270,3,2.5,1440,2,3,2003,low,,"4,65,000"
9542830160,4,2.5,1580,2,3,2011,medium,,"2,99,900"
3630120960,3,3.25,3230,2,3,2006,premium,,"7,15,000"
3622059155,4,2.5,1810,1,3,1970,premium,,"2,35,000"
1687000240,3,2.5,2495,2,3,2007,medium,,"2,76,000"
4322300340,4,1.5,1740,1,4,1964,medium,,"2,65,000"
3797000830,3,1.75,1680,1,4,1900,premium,,"4,25,000"
4137060270,4,2.5,2460,2,3,1993,premium,,"3,13,000"
7277100640,3,2.5,3050,1,3,1984,low,,"7,15,000"
1312920060,3,2.25,1630,2,3,1991,premium,,"2,65,000"
1472330030,3,2.75,2460,2,3,2004,medium,,"6,46,000"
2973800030,3,1,1030,1,3,1954,low,,"1,75,000"
5152920070,3,2.5,3410,1,4,1973,medium,,"6,49,000"
2021200058,3,2.75,2310,1,4,1940,medium,,"7,85,000"
9828202255,4,2.75,2610,1,5,1920,premium,,"8,90,000"
2126059276,3,3,2330,1,3,1998,low,,"6,12,000"
7796450340,4,2.5,2980,2,3,2003,low,,"3,30,000"
1449000260,3,2.25,1790,1,3,1978,premium,,"4,93,000"
8722100570,4,2.25,2940,1,3,1957,premium,,"16,00,000"
7856400240,4,3,3900,1,5,1972,low,,"16,20,000"
7856400240,4,3,3900,1,5,1972,low,,"16,50,000"
3037200060,3,2.5,1750,2.5,3,1900,medium,,"4,99,000"
6071700160,6,2.75,2660,1,5,1962,medium,,"6,03,500"
7645900055,2,1.5,1580,1,3,1941,medium,,"5,30,000"
292000070,5,2.5,2350,1,4,1962,low,,"8,95,000"
9510900710,4,2.25,2510,1,4,1972,medium,,"2,67,345"
1471620240,3,2.5,1480,2,3,1987,medium,,"2,75,000"
1626079012,3,1.75,1720,1,3,1950,low,,"4,39,950"
3904901670,3,2.25,1470,2,4,1985,low,,"4,55,000"
8927600070,3,1.75,1540,1,3,1944,medium,,"6,30,000"
3629970240,3,2.5,2820,2,3,2004,premium,,"6,90,000"
1099610260,4,1.75,1250,1,4,1971,premium,,"2,12,000"
5420300270,4,2.25,2080,1,4,1985,low,,"2,31,500"
2954400520,4,3.25,5180,2,4,1991,medium,,"12,37,500"
1121059105,3,2.5,2860,2,4,1990,medium,,"3,78,500"
2591720070,4,2.5,2710,2,3,1989,premium,,"4,82,000"
9178600055,2,1,1140,1,3,1924,premium,,"6,95,000"
9290850800,4,2.5,4070,2,3,1989,medium,,"9,65,000"
5040800060,3,1.75,1710,1,4,1941,low,,"6,75,000"
1437900350,3,1.5,1340,1,3,1972,low,,"3,87,000"
1328300810,4,2.75,2290,2,3,1977,premium,,"3,47,500"
3990200125,3,2,1860,1,3,1922,low,,"3,85,000"
7452500340,3,1,1080,1,3,1950,medium,,"2,65,000"
9215400075,3,1,960,1,3,1953,low,,"4,06,000"
5061300030,2,1.5,980,2,3,1922,premium,,"1,34,000"
3362900696,3,1,1500,2,5,1926,medium,,"4,15,000"
2558640340,3,1.75,1440,1,3,1973,medium,,"3,75,000"
8078460810,4,2.5,2580,2,3,1993,premium,,"6,20,000"
538000390,5,2.5,2070,2,3,1999,premium,,"3,37,500"
3584900160,3,2.5,1880,1,4,1967,premium,,"5,65,000"
8572900135,3,1.75,2420,2,3,1911,medium,,"3,99,500"
8056000075,2,1.75,1890,2,3,1987,low,,"10,65,000"
2972300140,3,2,1920,1,3,1992,low,,"3,52,500"
7697870350,3,2,1870,1,3,1986,medium,,"2,59,000"
7972601710,2,1,900,1,3,1971,premium,,"3,20,000"
6421100342,3,2.5,2160,2,4,1989,premium,,"7,33,000"
2464400340,2,1,900,1,5,1924,low,,"3,81,500"
8113101232,2,1,1180,1,4,1957,low,,"3,43,000"
5706500140,2,1,900,1,5,1938,premium,,"2,05,500"
1024069037,3,2,1600,1,5,1967,premium,,"5,25,000"
9476700135,3,1.75,1500,1,5,1943,medium,,"3,00,000"
1926069035,2,1,1070,1,3,1942,medium,,"2,99,000"
3904990030,4,2.5,2570,2,3,1990,premium,,"5,61,000"
7132300550,3,1,1210,1.5,3,1928,low,,"4,50,000"
2193340140,4,2.5,1850,2,3,1985,premium,,"5,40,000"
1422300160,3,2.5,1740,2,3,1992,low,,"3,79,000"
2946000751,3,1,1300,1,4,1958,premium,,"2,30,000"
1796250140,3,2.5,2000,2,4,1989,premium,,"3,99,950"
6699001200,5,2.5,3220,2,3,2002,medium,,"3,55,000"
7525300310,4,2.25,2160,1,3,1969,premium,,"5,80,000"
5700000340,3,2,2130,1.5,4,1922,premium,,"7,00,000"
3210400340,3,1.75,1580,1,4,1962,low,,"2,79,900"
179003055,3,1,1200,1,3,1905,low,,"2,10,000"
9829200566,3,3,3790,2,3,1989,premium,,"11,65,000"
1723059050,2,1,860,1,4,1931,medium,,"2,90,300"
2624059036,5,4.5,5130,2,3,1996,low,,"15,99,950"
5101406441,3,1,1600,1.5,3,1939,medium,,"4,90,000"
8582010240,4,2.5,2110,2,3,1987,medium,,"6,06,000"
6300500505,3,1,1400,1,3,1943,medium,,"3,59,950"
3275890310,3,2,2110,1,3,1993,premium,,"6,77,100"
7715801040,3,2,1430,1,4,1984,premium,,"4,65,000"
7738500731,5,5.5,6640,2,3,2004,medium,,"45,00,000"
1822079046,3,2,3040,1,4,1978,low,,"5,00,000"
1062100075,2,1,980,1,4,1950,medium,,"4,55,000"
8825900070,6,2,2570,1.5,4,1911,medium,,"7,05,000"
1158700135,3,2.5,2060,1,4,1967,low,,"4,20,000"
7983000200,3,1,1300,1,3,1968,premium,,"1,69,575"
7983000200,3,1,1300,1,3,1968,premium,,"2,50,000"
1727510030,3,2.25,1680,1,5,1973,medium,,"5,30,000"
3286800370,5,3.25,4020,1,5,1970,medium,,"5,90,000"
6791400320,3,1.75,1530,1,3,1979,premium,,"2,57,500"
3992700036,3,1,1170,1,3,1957,low,,"4,15,000"
1175000059,3,1.75,1580,1.5,3,1945,low,,"5,36,000"
8732000390,3,1.5,1270,1,4,1964,low,,"2,46,500"
1441800030,3,1.75,1480,1,3,1975,premium,,"3,95,000"
4045800030,3,2.25,2220,1,4,1974,medium,,"7,39,000"
1727850340,4,2.75,3200,2,3,1984,low,,"12,72,000"
2268000370,3,1,910,1,4,1968,low,,"1,90,000"
2023049350,3,1.5,1480,1,3,1962,low,,"3,05,000"
7018000560,4,4.25,3770,2,4,1983,low,,"9,25,000"
4147200140,4,3,3500,2,3,1977,medium,,"8,95,000"
3176600055,3,1.75,1480,1.5,3,1943,medium,,"6,56,000"
7518500885,4,1,1660,1.5,3,1945,low,,"5,60,000"
7504020810,5,2.25,2520,2,3,1977,premium,,"6,10,000"
3276930370,4,2.5,2850,2,3,1987,premium,,"6,45,000"
1687000200,3,2.5,2153,2,3,2007,low,,"2,59,000"
7501000340,4,2.5,3780,2,3,1990,medium,,"9,80,000"
7611200136,4,4,3770,1,4,1967,medium,,"8,72,000"
5459500125,6,2.75,3600,1,4,1977,premium,,"10,00,000"
825059271,3,2.75,2980,1.5,3,1941,medium,,"9,00,000"
9465200181,4,1.5,2320,1.5,4,1915,low,,"4,75,000"
5469502860,5,2.75,2980,1,4,1975,low,,"3,50,000"
486000565,4,1.75,2930,1,3,1947,medium,,"8,40,000"
6071900070,4,2.5,2040,1,3,1963,low,,"5,00,000"
7957600075,3,1.5,1510,1,3,1954,low,,"2,02,500"
823069074,4,2.5,2660,2,3,1988,medium,,"5,23,000"
2366800055,3,2.5,1740,2,3,1989,low,,"2,25,000"
7272001805,3,2.25,2240,1,3,1980,premium,,"4,18,200"
3582700070,4,1.75,1570,1,3,1959,premium,,"3,56,500"
2402100055,4,3,2500,1.5,4,1926,premium,,"6,70,000"
5146000070,3,2.25,1750,1,5,1962,medium,,"4,56,150"
2607760890,4,2.5,3030,2,3,1998,low,,"4,71,000"
9274200316,3,2.5,1680,3,3,2008,low,,"5,58,000"
4139500200,6,4.5,5740,2,3,2000,low,,"13,80,000"
3021059155,3,1,1220,1,5,1961,low,,"1,61,500"
3580900160,3,1,1310,1.5,3,1962,low,,"3,11,000"
3876000350,6,1.75,2490,1.5,4,1966,medium,,"4,70,000"
3959400400,3,3.25,2220,1.5,5,1929,low,,"5,69,000"
8079100700,4,2.5,2240,2,3,1989,medium,,"6,89,000"
9407001610,3,1.75,1890,1,3,1979,premium,,"2,71,900"
8700120270,4,2.5,1850,2,3,1991,low,,"2,78,000"
3204300860,2,2.5,2210,2,4,1931,low,,"8,20,000"
3204800520,3,1.75,1410,1,4,1967,low,,"3,99,500"
8857320260,3,2.75,1890,2,4,1979,low,,"4,62,000"
6791400800,3,1,1830,1,3,1977,premium,,"3,47,500"
2768000270,2,0.75,1440,1,3,1914,low,,"5,62,100"
1432400060,2,1,950,1,3,1958,low,,"2,30,000"
2547200240,4,2.5,2370,2,5,1966,premium,,"6,87,000"
6441800060,4,2.5,3070,2,3,2000,low,,"7,25,786"
1775800710,3,1,1300,1,4,1969,medium,,"3,15,500"
7694600253,4,2,1300,1,3,1950,low,,"3,12,000"
8910500238,3,3.25,1210,2,3,2002,premium,,"3,43,000"
3076500830,1,1,710,1.5,3,2015,low,,"3,85,195"
1072030510,4,2.25,2240,1,4,1981,medium,,"4,15,000"
3888100226,3,1.75,3600,2,4,1948,low,,"4,61,000"
7227501369,4,2.5,1960,2,3,2002,low,,"3,69,990"
3820350070,4,2.5,1820,2,3,1999,low,,"3,49,950"
7616800350,3,2.25,1960,1,3,1966,premium,,"2,85,750"
7811210200,4,2.25,1750,1,3,1972,medium,,"5,42,500"
6891100260,5,3.5,3700,2,3,2011,low,,"8,30,000"
6076500160,4,2.5,2910,2,4,1976,premium,,"7,05,000"
2872100445,2,1,1270,1,3,1949,medium,,"6,15,000"
3352400004,2,1,720,1,3,1940,low,,"1,84,500"
7942601200,2,1,1040,1,3,1901,premium,,"4,12,000"
985001266,3,1.5,2210,1.5,3,1934,medium,,"2,50,000"
2218000390,5,2,2060,2,3,1903,low,,"5,80,000"
7231502505,2,1,780,1,5,1923,low,,"2,20,000"
7555220140,4,2.75,2240,1,4,1976,medium,,"6,75,000"
7445000105,2,1,800,1,3,1918,medium,,"3,73,500"
5583200810,2,1.5,2440,2,3,1910,low,,"6,62,700"
7340600827,5,1,1460,2,4,1941,low,,"2,39,950"
7436900045,3,1,1150,1,4,1957,medium,,"3,83,000"
4027701294,3,2.75,2650,1,4,1975,premium,,"4,85,000"
3570000160,4,2.75,2600,1,5,1976,premium,,"6,10,000"
9276202190,6,1.75,1820,1,3,1954,medium,,"5,45,000"
5016002180,2,2.5,2560,2,5,1901,low,,"7,80,000"
7300000550,3,2.5,1714,2,3,2005,medium,,"3,05,000"
6817810310,3,1,1330,1,3,1984,premium,,"4,05,000"
7851980260,5,3.5,7350,2,3,2001,medium,,"11,10,000"
1423400260,3,1.75,2050,2,4,1959,premium,,"2,73,000"
3876810140,3,1,1810,2,3,1970,medium,,"3,26,500"
3276180140,3,1.75,1380,1,5,1981,medium,,"3,65,000"
9808590310,3,2.75,3070,2,3,1987,low,,"10,00,750"
546000045,2,1,800,1,3,1940,low,,"4,22,500"
2595650060,4,2.75,2140,2,3,1993,premium,,"3,54,450"
1771110550,3,1,1330,1,4,1971,medium,,"3,20,000"
5335700030,3,1,1030,1,3,1961,low,,"2,23,000"
7203101580,3,2.5,1740,2,3,2008,premium,,"4,10,000"
272000125,3,1,1200,1.5,4,1923,low,,"4,38,000"
2770601741,3,3,1490,2,3,1993,premium,,"3,90,000"
4250200140,4,2.5,1890,2,3,2004,medium,,"2,98,500"
8965400390,5,2.25,3060,2,3,1989,medium,,"7,49,999"
5071401000,6,2.5,3250,1,3,1966,low,,"7,79,000"
3760500435,3,2.75,2730,2,3,1978,medium,,"5,70,000"
5680000260,3,1,810,1,3,1918,low,,"3,85,000"
9170500060,4,2,2240,1,5,1961,medium,,"6,49,000"
795000885,3,1,1740,1,3,1947,low,,"2,83,000"
4038600260,4,2.25,2380,1,3,1961,premium,,"6,99,900"
4406000560,4,1,1540,1,3,1971,low,,"2,78,500"
2260000340,4,1.75,2340,1,3,1975,medium,,"7,00,000"
9510310030,4,2.75,2710,2,3,1995,medium,,"5,35,000"
4245400045,3,1.75,1310,1,3,1954,premium,,"2,34,500"
9371700132,3,1.75,1390,1,4,1973,medium,,"3,74,150"
7272001610,4,2.5,2201,2,3,2006,medium,,"3,97,000"
1324059139,3,2.25,1960,1,3,1988,premium,,"6,13,000"
1552100135,3,2.5,2850,1,4,1954,low,,"11,50,000"
1257200060,4,1.75,1880,1,3,1924,premium,,"5,95,000"
2822059350,5,2.75,2440,2,3,2003,low,,"3,40,000"
2781260070,4,2.5,2560,2,3,2005,low,,"3,88,000"
619000045,3,1.75,1410,1,3,1950,premium,,"4,04,000"
8934100125,3,2,2870,1.5,4,1946,medium,,"8,10,000"
2472920140,4,2.5,2620,2,3,1987,premium,,"4,05,000"
7215730310,5,3,2970,2,3,2000,premium,,"7,26,000"
7697870310,3,2.5,1780,1,4,1986,premium,,"2,66,000"
2795000060,5,2.25,3700,1,5,1970,premium,,"7,22,500"
2408600160,4,2.5,1252,1,3,1996,premium,,"3,52,000"
7888200240,4,1.5,1240,1,4,1961,low,,"2,65,000"
151000075,3,2.5,2160,2,3,2014,medium,,"8,56,000"
5104530240,3,2.5,2040,2,4,2006,low,,"3,46,950"
4139680070,5,3.5,3130,2,3,2014,medium,,"8,66,059"
7852180260,3,2.5,2350,2,3,2004,premium,,"4,10,000"
1471610060,3,1.75,1570,2,3,1982,premium,,"3,70,000"
3520069033,3,1,1530,1.5,4,1919,low,,"2,30,000"
9268200550,2,2,1520,1,3,1999,premium,,"4,00,000"
1788700295,3,1,1350,1,4,1959,low,,"1,72,000"
7379600240,3,1.75,1950,1,4,1962,medium,,"6,15,000"
8691330060,4,3.5,3950,2,3,1998,medium,,"8,60,000"
6384500581,3,1.75,2040,1,5,1958,low,,"5,55,000"
6690500070,3,2.5,1990,1.5,5,1926,medium,,"5,79,000"
3205400140,3,1.75,1300,1,3,1968,premium,,"3,85,000"
6662410070,4,2.25,2030,2,3,1977,medium,,"4,20,000"
1919800260,3,1.75,2340,1.5,5,1914,low,,"6,45,000"
7283900045,3,2.5,2160,2,3,1996,medium,,"5,49,950"
3756100160,3,2.75,2770,1,5,1962,premium,,"6,78,000"
3352401981,4,2,2030,2,3,1950,low,,"1,99,000"
5315100394,3,1,1440,1,4,1957,medium,,"6,04,000"
3450300270,5,1.75,1730,1,5,1963,premium,,"2,68,000"
2325069117,5,3.5,4510,2,3,2003,premium,,"9,60,000"
7199340310,3,2.5,2100,1,4,1980,low,,"5,09,250"
8663260030,3,2.5,1800,2,3,1987,low,,"4,16,000"
9315100030,3,1,1090,1,3,1967,medium,,"1,90,000"
2190601049,3,1.5,1010,1,4,1973,premium,,"2,12,000"
9264930400,3,2.5,2040,2,3,1985,premium,,"3,25,900"
2490200055,3,3.5,2270,2,3,1996,low,,"5,60,000"
3830630140,3,2.5,1730,2,4,1987,medium,,"2,75,000"
6385260160,4,2.5,2480,2,3,1994,medium,,"6,65,000"
5701500030,4,3.5,3480,2,3,1926,low,,"15,05,000"
859000160,4,2,1720,1,3,1930,medium,,"3,75,000"
123039633,3,1.75,1570,1,3,1979,premium,,"3,59,950"
3601200465,4,2.75,3527,2,3,2005,low,,"3,40,000"
106000320,2,1,840,1,4,1948,premium,,"4,01,000"
7631200292,2,1.75,1950,1,4,1952,medium,,"6,69,000"
2526059046,4,2.5,1980,2,3,2004,medium,,"6,38,500"
3416600111,2,1.5,1620,2,5,1924,medium,,"5,45,000"
3205500160,4,1,1980,1,3,1973,premium,,"5,24,000"
824059331,5,3.75,3530,2,3,2013,low,,"16,10,000"
5347200060,2,1,1260,1,3,1947,low,,"2,80,000"
9323610260,4,2.5,2120,1,4,1979,low,,"8,28,000"
8732160240,3,1.75,1360,1,4,1984,medium,,"2,23,000"
9808640320,4,3.5,3100,2,3,1981,medium,,"12,89,000"
1326069050,2,2,2370,1,3,1970,premium,,"7,50,000"
1454100267,2,1,1460,1,3,1947,premium,,"4,30,000"
5021900160,4,1.75,1980,1,5,1948,premium,,"7,11,000"
818100030,4,2.5,1930,2,3,1994,premium,,"3,10,000"
393000045,5,1.75,3700,1,3,1957,medium,,"4,15,000"
8091411040,4,2.5,1970,2,3,1987,medium,,"2,74,900"
5561200310,3,3,2470,2,4,1980,low,,"5,25,000"
3204500340,3,1,1180,1,3,1952,low,,"1,79,500"
9222400935,3,1,1280,1.5,3,1910,low,,"4,78,000"
1796350570,3,1.75,1380,1,3,1981,low,,"1,95,000"
2473450200,4,3,2740,1,3,1980,premium,,"3,85,000"
1387300570,3,2.75,2020,1,3,1969,low,,"4,01,000"
8857640860,4,2.5,2835,2,3,2002,premium,,"5,22,000"
5415000240,4,1.75,1520,1,4,1968,medium,,"3,30,000"
2591760070,3,2.5,2190,2,3,1999,medium,,"5,03,000"
4131500140,5,1.75,1680,1,4,1979,low,,"1,75,000"
7203220370,4,3.5,3915,2,3,2014,medium,,"9,63,990"
1651500060,5,2,1720,1,4,1951,medium,,"8,45,000"
7883600700,2,1,670,1,3,1905,medium,,"1,57,500"
567000755,2,3,1790,2,3,2001,low,,"4,50,000"
9294300615,4,1.75,2440,1,3,1950,premium,,"9,25,000"
3213200215,2,1,920,1,4,1938,low,,"6,00,000"
9136101776,4,1,1680,1.5,3,1911,premium,,"7,09,000"
5035300850,5,3.75,3290,2,5,1938,low,,"13,85,000"
3668001080,3,2.5,2120,1,3,1984,medium,,"2,48,000"
5540800100,3,1,910,1,4,1912,medium,,"2,45,000"
3679401110,2,1,1000,1,4,1942,low,,"3,32,000"
7852130100,3,2.5,2340,2,3,2002,medium,,"4,59,950"
9828200147,3,2,1180,2,3,1994,medium,,"4,25,000"
826069085,3,2.25,2080,1,3,1979,premium,,"4,60,000"
6383900090,6,2.5,3760,1,3,1967,low,,"8,38,300"
8100000090,3,2.5,1480,2,5,1995,premium,,"2,56,000"
7805450750,3,2.75,3060,2,3,1984,premium,,"8,64,000"
148000705,4,3.5,3070,2,3,1922,premium,,"9,00,000"
1432400490,3,1,1170,1,3,1958,low,,"1,45,600"
7974200820,5,3,2900,1,5,1977,medium,,"8,65,000"
8731951130,3,2.25,2210,2,4,1969,premium,,"2,50,250"
7227801955,4,2,1440,1,4,1943,premium,,"1,62,000"
3558910490,4,1.75,1980,1,3,1973,premium,,"4,50,000"
324059112,4,2.75,2060,1,2,1978,low,,"6,75,500"
2710600025,3,2.25,2420,1.5,5,1947,medium,,"6,97,000"
7582700100,3,3.25,3440,2,3,2005,premium,,"13,24,050"
3882300100,3,1.75,1600,1,3,1984,premium,,"4,90,000"
3735900590,3,2.25,2210,1,3,1951,premium,,"5,90,000"
5153200356,4,1.75,2250,1,3,1957,premium,,"2,80,000"
7625702350,2,1,1680,1,4,1941,low,,"5,15,000"
2755200090,3,1,1140,1,4,1909,low,,"5,76,000"
626059317,3,1.75,1430,2,3,1981,premium,,"3,75,000"
7199360090,3,1,1440,1,4,1980,premium,,"4,78,000"
8651443480,3,1,1670,1,5,1977,low,,"2,82,000"
9359100750,4,4.5,3080,2,3,1976,premium,,"14,00,000"
5561400740,5,3.25,4300,2,3,1972,medium,,"5,93,500"
1723099031,4,3.5,3010,2,3,2004,premium,,"7,24,950"
7236500025,3,1.75,1560,1,4,1966,low,,"3,06,000"
2473411080,4,1.75,1920,1,4,1975,premium,,"3,41,000"
1773101335,3,2.5,1400,1,3,1930,low,,"3,99,950"
9126100850,5,2,2280,2,3,1992,medium,,"5,34,000"
7202331220,6,2.5,3880,2,3,2003,medium,,"6,35,000"
5511600245,2,1,1350,1,3,1927,medium,,"3,50,000"
1344300090,3,1.5,1480,1.5,3,1928,premium,,"8,56,000"
9828702812,4,3,1670,3,3,2000,medium,,"5,82,000"
3825310820,4,2.5,3400,2,3,2004,premium,,"7,99,000"
7852040110,3,2.5,2070,2,3,1999,low,,"4,23,700"
6752500090,4,3.5,4870,2,3,1995,premium,,"18,35,000"
3222079162,3,2,1760,1,3,1988,premium,,"3,22,000"
1025069192,4,3.25,4030,2,3,2002,low,,"9,29,000"
5101404608,2,1,1130,1,3,1939,premium,,"4,43,000"
9477100490,3,1.75,1510,1,3,1968,medium,,"4,41,500"
324069015,4,3.5,3110,2,4,1979,premium,,"8,75,000"
4114601570,3,3.25,5020,2,3,1941,low,,"36,00,000"
7920100025,2,1,740,1,4,1947,low,,"4,50,000"
3275730110,3,2.25,1630,1,3,1974,low,,"4,25,000"
7504030090,4,1.75,2780,2,4,1978,premium,,"6,60,000"
8813400405,3,1.75,1990,1,4,1939,low,,"7,63,101"
1313300300,4,2.75,2250,2,3,1992,low,,"4,99,000"
8121610110,3,1.75,1720,1,4,1974,low,,"5,21,000"
1820069019,2,1,900,1,5,1925,medium,,"3,02,000"
9406450090,4,2.25,2360,2,3,1998,medium,,"2,93,000"
2619950490,3,2.25,1530,2,3,2011,premium,,"3,35,000"
1646500785,2,1,1450,2,3,1919,low,,"4,99,000"
1868901690,3,1.75,2040,1.5,3,1924,medium,,"6,00,000"
9542400025,4,1.75,2620,1.5,4,1962,premium,,"7,20,000"
2781270090,2,2,1180,2,3,2005,medium,,"1,95,000"
1665400165,3,1,1110,1,3,1952,premium,,"2,49,000"
1326069191,3,2.25,1840,2,3,1989,premium,,"3,34,000"
381000110,4,1.75,2720,1,3,1952,medium,,"5,99,950"
3530530110,2,1.75,1090,1,4,1982,premium,,"1,49,900"
5210200107,4,1.75,1730,1,3,1945,medium,,"7,00,000"
1574100025,4,1.5,1170,1,4,1960,medium,,"5,25,000"
2523069192,4,3.75,4740,2,4,1991,premium,,"10,49,000"
6706600090,3,2.5,1960,1,4,1977,premium,,"4,02,000"
1994200031,3,2,1430,1,3,1947,low,,"4,50,000"
2523069156,3,2.25,2510,2,3,1981,low,,"5,20,000"
5029450850,3,1.75,1420,1,5,1980,premium,,"2,05,000"
2723069147,3,2.25,2680,1,3,2004,medium,,"6,35,000"
3750605349,3,1,1220,1,5,1958,medium,,"2,10,500"
9285800735,2,1,1070,1,3,1940,medium,,"4,06,650"
7574000100,3,1.75,1580,1,4,1968,medium,,"3,50,000"
9212900100,4,1.75,1820,1,3,1942,premium,,"4,25,000"
8651611130,3,3.5,3590,2,3,1999,medium,,"7,98,000"
423059184,3,1,1960,2,2,1908,low,,"1,80,000"
5451200600,5,3.25,3160,2,5,1972,medium,,"12,50,000"
6300000378,4,2,2030,2,4,1925,medium,,"4,35,000"
2570300090,3,1.5,1240,1,3,1962,premium,,"3,55,000"
9808100100,5,3.25,5370,2,3,1918,premium,,"30,00,000"
4019300906,5,2.5,2670,2,5,1958,medium,,"6,85,000"
1023059223,3,1,1640,1,4,1960,premium,,"3,11,000"
9320700090,4,2.25,2130,1,4,1966,premium,,"3,05,000"
5700002460,3,2.5,2550,1.5,4,1924,low,,"6,75,000"
7598100735,4,2.75,3630,1,4,1968,premium,,"7,69,000"
2202500110,3,1.5,1690,1.5,5,1954,medium,,"4,30,000"
726059395,6,2,2390,1.5,4,1925,medium,,"5,16,250"
1455600015,3,3.5,2350,1,5,1940,premium,,"7,60,000"
9528101224,3,3.5,1420,2,3,2003,low,,"5,79,950"
6713100031,3,2.25,1570,1,4,1980,premium,,"4,76,000"
8677900123,3,1.75,1600,1,4,1967,low,,"5,10,000"
4302201130,2,1,720,1,3,1955,low,,"2,05,000"
1310800090,3,1,1470,1,3,1969,premium,,"2,40,000"
6117502727,5,3.5,2790,2,3,1991,premium,,"7,38,000"
9324800110,3,1.75,1720,1,5,1940,medium,,"4,20,000"
8965000110,3,1.75,1300,1,4,1969,medium,,"4,55,000"
5700001055,4,1,2520,1.5,5,1912,low,,"7,65,000"
49500090,4,1.5,1780,1.5,4,1962,medium,,"3,72,000"
3812400657,3,1,1200,1,2,1948,premium,,"1,60,000"
2725069162,4,2.5,2990,2,3,2003,medium,,"7,72,000"
4232400110,5,1.75,1910,2,4,1906,premium,,"11,25,000"
9521100586,3,1,1370,1.5,3,1924,premium,,"4,79,000"
7215721570,3,2.5,1910,2,3,1999,medium,,"5,70,000"
3834000805,4,1,1170,1.5,3,1959,low,,"3,50,000"
2274000026,3,2.5,1250,3,3,2004,low,,"3,53,000"
5103300090,5,2.5,3340,2,3,2002,premium,,"6,99,000"
9558200025,3,2,1380,2,4,1955,low,,"2,65,000"
8649401270,1,1,780,1.5,3,1989,low,,"1,67,000"
686200740,4,2.25,2080,1,3,1964,premium,,"5,00,000"
7658600025,3,1,1410,2,4,1901,low,,"7,00,000"
3702900165,1,1,520,1,3,1918,medium,,"2,95,000"
7977201240,4,3.5,3500,2,3,2004,low,,"10,10,000"
8651410090,2,1,840,1,5,1969,low,,"2,09,000"
3750603732,3,1.75,2240,1,4,1968,medium,,"2,76,000"
1023059429,4,2.5,2100,2,3,2002,premium,,"3,80,000"
2412100025,3,1.5,1750,1,3,1954,premium,,"3,15,000"
203600600,4,2.5,3130,2,3,1996,medium,,"6,85,530"
2021069059,3,2,1470,1,4,1968,premium,,"2,54,600"
7227501645,3,2,1440,1,4,1942,premium,,"2,30,000"
4310702787,3,3,1430,3,3,2003,medium,,"3,35,000"
1494300110,4,2.5,2170,1,3,1980,premium,,"5,50,000"
1950900245,3,1,1150,1.5,4,1956,medium,,"1,23,300"
3512100110,4,2.75,2170,1.5,3,1966,low,,"2,75,436"
8732750100,4,3.5,2630,1.5,3,1984,low,,"3,25,000"
1332000110,4,2.5,2490,2,3,1997,medium,,"6,35,000"
2768100690,3,1.75,1710,1,4,1944,low,,"5,13,000"
7525410090,4,2.5,2130,1,3,1980,low,,"5,80,000"
9558800025,3,1,940,1,3,1954,medium,,"2,25,000"
2788400315,3,1,1400,1,3,1961,medium,,"2,65,000"
7128300855,4,1.75,1630,1,3,1978,medium,,"3,13,000"
7655900038,2,1,1370,1,3,1948,low,,"2,96,000"
7923500090,4,2.75,2380,1,3,1957,low,,"6,55,500"
3339900096,5,1.75,2140,1,4,1951,medium,,"2,50,750"
5214500690,4,2.5,1970,2,3,2004,low,,"4,38,000"
4045900147,3,2.75,2550,2,4,1967,medium,,"5,90,000"
6450302900,3,1,1080,1,4,1947,medium,,"3,29,500"
2597460090,3,2.25,3070,2,3,1987,low,,"11,95,000"
2770601595,2,1,1470,1,3,1944,medium,,"4,15,000"
4188000490,4,2.5,3620,2,3,1984,premium,,"9,00,000"
1324079085,3,1.5,1050,1,3,1975,premium,,"3,78,000"
1720069006,2,1,1050,1,5,1905,premium,,"4,74,000"
1947300115,3,1,1320,2,3,1900,premium,,"4,64,000"
5490700100,3,1,1210,1,4,1956,premium,,"3,10,000"
7278100690,3,1.5,1860,2,5,1952,premium,,"5,80,000"
2322029048,3,2.75,2830,1,4,1962,premium,,"9,99,000"
6821102100,2,1,810,1,5,1942,low,,"5,10,000"
3176100110,3,1.5,1630,1,3,1940,premium,,"6,50,000"
2188200785,3,1,880,1,4,1978,low,,"1,96,000"
1446801030,4,1.75,1660,1,3,1952,medium,,"2,20,000"
8965520100,3,2.25,3440,2,3,1985,medium,,"8,55,000"
3649100586,3,1.75,2110,1,4,1978,premium,,"4,83,000"
7283900153,3,1,1060,1,3,1952,medium,,"4,00,000"
1036100100,3,2.5,1900,2,3,1993,medium,,"4,35,000"
3278602670,1,1,820,1,3,2007,low,,"2,19,500"
3625049014,4,3.5,4860,2,3,1996,medium,,"29,50,000"
7276100165,3,2.5,2050,3,3,2008,low,,"4,27,000"
9136103130,2,1.5,1090,1.5,3,1900,low,,"4,30,000"
9136103130,2,1.5,1090,1.5,3,1900,low,,"6,85,000"
1193000025,2,1.5,1920,1,3,1937,medium,,"4,95,000"
2744000100,3,2.5,1870,2,3,1990,medium,,"2,99,950"
3744600028,4,1.75,2690,1.5,3,1940,low,,"3,90,000"
3679400025,3,1.75,2160,1.5,4,1928,medium,,"3,85,000"
9545260100,4,2.5,3000,2,3,1995,premium,,"7,40,000"
375000165,4,3,2290,2,3,1924,medium,,"9,91,700"
4003000053,3,2.75,2250,2.5,4,1909,medium,,"7,65,000"
7855600820,4,2.25,2130,2,4,1961,premium,,"8,02,000"
3860400100,4,2.75,2500,1,4,1969,medium,,"9,50,000"
121059147,4,2.5,2300,2,3,1988,medium,,"3,92,000"
825079019,3,2.5,3360,1,3,1989,medium,,"5,90,000"
123039313,4,2.5,1920,2,2,1989,premium,,"4,25,000"
7784000110,5,1.75,2440,1.5,4,1944,low,,"7,65,000"
8835220090,3,2.25,1440,2,4,1983,low,,"3,13,500"
6381501636,3,1,1780,2,4,1947,low,,"3,20,000"
1370804446,4,1.75,1490,1,3,1960,medium,,"6,04,000"
9828701871,3,2,1400,2,3,2004,premium,,"5,70,000"
3396200090,4,2.5,2150,2,4,1982,premium,,"6,39,000"
1463400047,4,2,1910,1,4,1963,medium,,"3,35,000"
8825900855,4,1.75,2660,2,4,1917,premium,,"8,96,000"
7147600245,3,1.75,1650,1,3,1957,premium,,"2,59,500"
5071400485,3,2,1980,1,4,1958,medium,,"6,37,000"
8732040090,4,2.75,2690,1,3,1980,low,,"3,07,450"
8082400100,3,1.75,1380,1,4,1925,low,,"5,35,000"
546000930,4,2.25,2500,1.5,4,1940,low,,"6,69,500"
1665400025,3,1.75,1590,1,3,1952,medium,,"2,59,000"
9187200245,4,1.5,1100,1,1,1919,medium,,"4,41,000"
2123700015,4,2.5,1470,2,3,2003,low,,"2,28,800"
8682291730,2,2,1680,1,3,2006,low,,"5,30,000"
5318100504,2,2,1450,1,4,1924,low,,"5,24,000"
9297800165,4,2.25,2020,1.5,5,1925,low,,"4,30,000"
1342300265,4,3.25,2470,1.5,5,1906,medium,,"13,25,000"
2212901130,3,1,1230,1,3,1969,premium,,"2,10,000"
8122100690,4,2.5,1850,1,3,1930,medium,,"4,49,000"
148000375,2,2.5,2540,2,3,2004,low,,"9,45,000"
3423049209,3,1,970,1,3,1957,medium,,"2,00,450"
16000015,3,1.5,1070,1,3,1985,low,,"2,19,950"
4035900015,4,3,2620,1,4,1956,premium,,"6,59,500"
8563010300,4,2.75,2110,1.5,5,1966,premium,,"7,46,000"
3396200300,3,1.75,2110,1,3,1982,low,,"5,40,000"
2291401425,5,2,1910,1,3,1968,medium,,"4,85,000"
7454000110,2,1,670,1,3,1942,low,,"2,02,000"
3377900195,4,5.5,6930,1,4,1950,low,,"25,25,000"
3824100082,3,2.75,2010,1,3,1979,medium,,"5,02,000"
3751604169,2,2.75,1770,1,3,2003,premium,,"2,79,000"
6431500283,3,1,1340,1,4,1921,low,,"4,09,500"
6647400090,3,2,1660,1,3,1983,premium,,"4,53,000"
7387500195,4,1,1820,1.5,3,1947,low,,"3,67,000"
3342101785,3,2.5,2510,2,3,1992,premium,,"5,50,000"
9320600090,3,1.5,1560,1,3,1962,low,,"2,73,500"
8901001185,4,3,2280,1,3,1978,low,,"5,05,000"
825069097,3,2.5,2650,2,3,1994,low,,"7,70,000"
7745000090,4,2.25,2470,2,3,1984,medium,,"5,65,000"
1771110090,3,0.75,1270,1,5,1971,low,,"3,16,000"
7888100090,4,1,1520,1.5,3,1960,low,,"1,60,000"
5083000375,3,1,1310,1,3,1956,low,,"1,70,000"
5083000375,3,1,1310,1,3,1956,low,,"2,35,000"
1329000090,4,3.5,3930,2,3,1999,low,,"17,99,000"
8143000600,3,1,990,1,3,1967,premium,,"3,10,000"
2144800215,4,1.75,2080,1,4,1955,premium,,"2,85,000"
9268200658,2,1,960,1,3,1942,premium,,"2,80,000"
5452301785,4,4.25,4070,2,3,2004,premium,,"22,98,000"
1137500090,4,2.5,2750,2,3,1989,medium,,"7,63,776"
6117500025,5,2.75,3230,1,3,1965,low,,"5,30,000"
2326079039,1,1,890,1.5,3,1996,low,,"3,62,000"
7595700025,2,1,990,1,3,1931,medium,,"4,30,000"
4443800110,3,1,1290,1.5,4,1919,medium,,"4,56,500"
5101405265,4,2.5,2170,2,3,1989,medium,,"4,45,000"
9206200110,3,1,1330,1,3,1963,premium,,"3,86,900"
2205700405,3,1,1340,1,4,1955,low,,"4,79,000"
7852020300,3,2.5,2200,2,3,2000,premium,,"5,25,000"
5559200051,4,1.75,2520,1,3,1979,medium,,"2,72,000"
2826049165,4,1,1180,1.5,3,1950,medium,,"5,17,000"
2675600028,3,1.75,2660,1,4,1951,low,,"6,15,000"
259801110,3,1.75,1250,1,3,1965,premium,,"4,39,000"
1150001270,3,2.5,2270,1,4,1988,premium,,"7,16,000"
7130300690,2,1,1080,1,4,1942,low,,"3,08,000"
2652500015,3,2.25,1620,2,4,1926,premium,,"8,00,000"
3693901801,3,2,940,1,3,1941,medium,,"5,75,000"
8092501240,3,1.5,1620,1,4,1967,medium,,"2,19,950"
9552701030,4,2.5,2350,2,4,1987,premium,,"7,70,000"
9477101280,3,1.75,2090,1,3,1967,medium,,"4,24,950"
7462900015,3,2.25,1760,2,3,1984,low,,"3,87,000"
6744700302,4,1.75,2050,1,3,1974,premium,,"7,90,000"
3163600015,2,1,600,1,3,1933,medium,,"1,56,000"
6896300375,2,1,2540,1,5,1942,medium,,"5,80,000"
7419700015,4,2.25,2090,2,3,1970,premium,,"4,90,000"
4473400195,5,3.25,2700,2,3,1926,premium,,"9,50,000"
9358001566,2,2.5,1410,2,3,2008,premium,,"4,00,000"
6145600900,2,2.5,1170,2,3,2008,medium,,"3,25,000"
1865000110,4,2.5,2540,2,3,2002,low,,"3,65,000"
8698100115,3,1.75,2190,1.5,4,1920,medium,,"2,55,000"
1454600038,5,3.5,3890,2,3,1984,medium,,"9,85,000"
5652601425,4,2.5,2030,1,3,1967,premium,,"5,95,000"
6381500690,3,1,1350,1,5,1944,medium,,"4,27,500"
1778500015,3,1.5,1940,1.5,3,1915,medium,,"7,28,000"
6021500245,2,1,1260,1,3,1940,premium,,"5,49,950"
2926049382,3,2,2800,1,3,1954,low,,"6,50,000"
1692900110,5,3.25,3080,1,4,1968,low,,"11,25,000"
8651401270,3,1,840,1,5,1969,premium,,"2,03,000"
3332500265,2,1,860,1,5,1903,premium,,"3,11,000"
4027700853,6,2,2400,1,3,1932,premium,,"3,87,500"
7301300215,4,2,1640,1,3,1963,medium,,"3,70,000"
7663700792,2,1,1060,1,3,1951,medium,,"2,28,000"
2919702235,2,1.75,2080,1,5,1923,medium,,"7,40,000"
5476200123,4,2,2090,1,3,1974,medium,,"2,00,000"
3797002585,3,1,1240,1,4,1927,medium,,"6,60,000"
8864000735,4,2,2030,2,3,1944,premium,,"2,75,000"
1193000115,2,1,1120,1,3,1938,premium,,"7,08,000"
7334501240,3,2.5,1270,2,3,1993,premium,,"2,80,000"
7885801460,4,2.5,2260,2,3,2002,medium,,"3,25,000"
1823099076,3,2.5,1780,2,3,1995,medium,,"4,95,000"
8900000110,2,2,1780,1.5,3,1922,premium,,"6,91,000"
251620110,4,2.5,4080,2,4,1983,medium,,"22,88,000"
221049191,3,2.5,2120,1,5,1979,low,,"3,29,500"
9264950940,3,2.5,2060,2,3,1989,premium,,"3,48,000"
8820902540,2,1,1670,1,4,1947,medium,,"4,25,000"
3438500625,3,1,1080,1,3,1942,low,,"2,10,000"
7452500315,2,1,1210,1,3,1951,low,,"2,85,000"
8945200750,3,1,990,1,3,1966,low,,"2,22,000"
2599001240,4,2.5,1720,1,3,1961,premium,,"2,00,000"
5360200054,3,2,1530,1,3,1995,low,,"2,47,500"
622069006,4,5.5,6550,1,3,2006,low,,"15,00,000"
84000245,3,1.75,1100,1,3,1942,low,,"1,90,000"
5605000590,4,2.5,3020,1.5,4,1921,low,,"9,75,000"
6613000015,4,3,3180,2,4,1925,low,,"11,30,000"
5151600195,4,1.75,1830,1,4,1958,medium,,"2,83,200"
7308900490,3,2.5,2540,1,4,1937,medium,,"6,50,000"
2222900082,3,2,1770,1,4,1954,low,,"4,49,500"
3574801720,3,1.75,1470,1,3,1987,premium,,"4,00,000"
1721801591,1,1,570,1,3,1942,low,,"89,950"
2641800015,3,1,960,1,3,1950,premium,,"1,58,800"
7625703885,4,3,2940,2,3,2011,premium,,"8,70,000"
3751600176,3,1.5,1000,1,3,1989,premium,,"1,96,000"
5035300750,3,1.75,2450,1,5,1940,medium,,"8,50,000"
9510970300,4,2.5,3310,2,3,2005,low,,"7,75,000"
9286100300,3,2.5,1670,2,3,2001,premium,,"4,83,500"
4047200850,3,1.5,1620,2,3,1990,medium,,"3,87,000"
4019300195,3,3,2990,2,3,1951,medium,,"9,00,000"
7891600590,3,1.5,1240,1,3,1964,medium,,"3,36,000"
5249802424,2,1,670,1,5,1949,low,,"4,15,000"
3918400017,0,0,1470,3,3,2006,low,,"3,80,000"
9209900315,3,1.5,1320,1,3,1909,medium,,"3,50,000"
7237500590,4,5.25,6110,2,3,2005,low,,"13,20,000"
3271800850,3,1.75,2440,1,4,1945,low,,"7,65,000"
1023059511,4,2.5,2900,2,3,2013,low,,"5,27,000"
4109600195,4,2.75,2310,1.5,5,1908,low,,"5,24,000"
5100401468,2,1,1110,1,3,1937,medium,,"4,48,000"
1926069137,4,3.25,4100,2,3,1981,medium,,"7,75,000"
3828000405,3,1,930,1.5,4,1910,premium,,"1,76,500"
7773800015,4,2.25,2420,1,4,1952,low,,"7,50,000"
1084000107,4,2.25,2870,1,5,1951,medium,,"12,65,000"
7832800015,3,1,1480,1,3,1958,medium,,"2,50,000"
9829200590,3,2.75,1960,1.5,5,1900,premium,,"7,59,000"
8127700820,3,2,1470,1.5,4,1926,premium,,"6,40,000"
9547202265,3,3.25,2460,2,5,1910,medium,,"9,90,000"
7663700261,4,1.75,1960,1,4,1946,premium,,"3,95,000"
1445200110,2,1.5,1160,2,3,2006,low,,"2,75,000"
1023059313,3,2.5,1910,2,3,1997,medium,,"3,90,000"
170000215,5,2.75,2720,1.5,4,1913,low,,"7,52,500"
7550801220,2,1,1020,1.5,4,1906,medium,,"4,50,000"
7518501390,2,1,900,1,4,1909,premium,,"4,73,000"
9407102460,3,1.75,1120,1,3,1973,premium,,"1,78,500"
8567300110,3,2.5,2340,1,3,1985,medium,,"4,85,000"
5029450110,3,1.5,1410,1,4,1982,medium,,"2,15,000"
7915100490,4,1.75,1920,1,5,1919,premium,,"5,89,000"
114101500,4,1.75,1370,1,3,1918,premium,,"3,25,000"
9274201807,3,2.5,1590,2.5,3,2004,medium,,"5,80,000"
7893206095,4,1.75,1850,1,3,1954,premium,,"1,81,100"
2770602265,3,2,1430,1,4,1908,medium,,"3,45,000"
5418200245,3,1.75,1940,1,3,1960,premium,,"7,81,000"
7228502150,4,1,1270,1.5,3,1903,medium,,"4,02,500"
7972601030,3,1.5,1380,1,3,1948,low,,"4,26,000"
7853270940,3,2.5,1720,2,3,2005,premium,,"3,89,000"
5561401220,6,3,4050,2,4,1970,medium,,"6,70,000"
1336800015,4,3.25,3660,2.5,3,1909,medium,,"15,06,000"
8944750850,3,2.25,1870,2,3,1997,medium,,"2,88,400"
3362400590,4,2,2230,1.5,5,1908,premium,,"7,00,000"
6821100195,4,3,2020,1,3,1968,low,,"8,30,000"
1827200265,2,2.75,3690,2,3,1989,low,,"18,99,000"
5100401429,2,1,1450,1,3,1967,premium,,"3,50,500"
6116500028,3,1.75,1630,1,4,1956,low,,"4,31,000"
2759800110,3,2.5,1840,1,3,1958,medium,,"4,85,000"
579000096,3,1.5,1620,1,4,1949,medium,,"7,80,000"
9169600096,2,1.5,1840,1,3,1957,medium,,"7,20,000"
1226059112,3,1,1360,1,3,1971,medium,,"4,15,000"
6021503830,4,1,2080,1,3,1941,premium,,"4,80,000"
3824100291,4,2.25,2550,1,4,1979,medium,,"4,52,250"
9264921030,3,2.5,2550,2,3,1985,low,,"3,16,000"
8073000495,2,1,1160,1,3,1945,premium,,"7,00,000"
7129304105,4,2,1760,1,3,1925,medium,,"2,85,000"
525049085,3,1.75,1720,1,5,1906,medium,,"5,75,000"
6117500785,3,2.25,2300,1,4,1960,premium,,"5,90,000"
6115400008,4,1.75,2500,1,3,1956,low,,"5,87,500"
4024101545,4,2.25,1750,1.5,4,1968,medium,,"3,64,000"
8651511220,3,2.5,1890,2,3,1986,low,,"4,90,000"
5561301280,3,2.25,1800,1,4,1978,low,,"4,10,000"
3629800100,3,2.5,2160,2,3,1999,low,,"5,20,000"
6141100750,3,1,1380,1,4,1947,low,,"3,89,000"
2770605065,2,1,1180,1,3,1910,medium,,"4,50,000"
2517100490,3,2.5,2550,2,3,2006,low,,"3,25,000"
4083801785,2,1,1070,1,3,1924,premium,,"6,60,000"
4318200405,3,2.25,2870,2,3,1995,premium,,"8,50,000"
2329810590,3,2.5,1940,2,3,1990,medium,,"2,85,000"
2768301214,2,1,870,1,4,1923,medium,,"3,95,000"
1931301105,3,2,1550,2,3,1996,premium,,"4,40,000"
3343903640,3,1.75,1400,1.5,5,1917,medium,,"2,49,000"
8813400245,3,1.75,1210,1.5,4,1930,medium,,"6,35,000"
3521049048,3,2.5,3430,2,3,2001,low,,"5,15,000"
1118001645,3,3.25,3020,2,4,1954,premium,,"14,00,000"
2968801105,2,1,950,1,3,1955,premium,,"2,00,000"
3524039209,4,2.75,3370,1,3,1970,medium,,"11,35,000"
952003480,4,1,1460,1,3,1946,premium,,"4,45,000"
2877102670,3,1.5,1740,1.5,4,1920,premium,,"5,55,000"
5014000100,4,2,1720,1,4,1950,medium,,"5,37,000"
7399301050,3,1.75,1480,1,4,1968,medium,,"3,15,000"
6979940100,5,2.5,3320,2,3,2000,low,,"8,05,000"
8731982840,4,2.5,3490,1.5,4,1969,low,,"4,14,000"
6909200037,2,1.5,1160,2,3,2002,low,,"3,75,000"
1160000115,4,1.75,3010,1,3,1952,premium,,"4,01,000"
7893207665,3,1,1030,1,3,1967,premium,,"2,10,000"
8024201270,2,1,980,1,4,1939,low,,"3,65,000"
3800008,5,1.5,1990,1,3,1960,medium,,"1,78,000"
6788200931,2,1,1790,1,4,1923,low,,"7,10,000"
723049596,2,1,810,1,1,1928,low,,"2,55,000"
7214711270,5,2.25,2940,1,3,1977,medium,,"5,28,000"
4136980090,4,4.25,4883,2,3,2006,low,,"5,37,000"
9278200131,4,1.5,1360,1,3,1955,low,,"4,42,000"
4046600750,3,1.75,1370,1,3,1978,premium,,"3,75,000"
9510970090,4,2.5,2120,2,3,2005,low,,"6,37,250"
2594200375,3,1.75,1240,1,5,1942,low,,"4,27,500"
1125069064,4,2.5,2770,2,3,2004,medium,,"7,00,000"
117000100,3,1.75,1660,1,4,1909,medium,,"6,80,000"
9212900820,2,2,1170,1,3,1941,medium,,"3,93,820"
3959400855,4,2.75,2470,1,5,1940,low,,"5,25,000"
2028700265,2,1.75,1310,1,2,1929,medium,,"5,05,000"
3041700090,3,2,1670,1,4,1959,low,,"5,55,565"
868001295,3,1.75,1660,1,4,1942,medium,,"6,50,000"
7853270740,5,3.25,3500,2,3,2005,low,,"6,32,500"
5416500090,3,2.5,1440,2,3,2005,medium,,"2,69,000"
3574801110,4,2.75,2360,1,3,1978,medium,,"4,05,000"
624110930,3,3.5,3460,2,3,1986,premium,,"8,45,000"
5335700110,3,1,1750,1,4,1961,medium,,"2,34,000"
1176000964,4,1.75,1470,1.5,4,1946,low,,"6,38,000"
7334602070,3,1.75,1710,1,3,1967,premium,,"2,90,000"
2420069251,1,0.75,520,1,5,1920,premium,,"2,62,000"
7885800740,4,2.5,2350,2,3,2003,medium,,"2,70,000"
8082400076,4,2.25,2380,2,4,1948,low,,"8,75,000"
1310980110,3,2.25,1920,2,4,1982,premium,,"2,99,000"
2354300740,3,1,1580,1,5,1947,medium,,"5,51,000"
3023049236,3,2.75,3070,2,3,1950,medium,,"3,50,000"
9808700405,3,2.5,2660,2,3,1992,medium,,"19,01,000"
2877102345,2,1.75,1700,1,3,1915,medium,,"5,11,718"
1924069058,4,3.25,5010,2,5,1978,medium,,"9,65,000"
9269260100,4,2.25,2680,2,3,1999,low,,"4,75,000"
2877104265,4,2.75,2720,1.5,5,1928,low,,"10,62,000"
3123039089,2,1,940,1,4,1926,medium,,"2,52,000"
8576400110,6,2.5,3596,1,5,1964,medium,,"5,80,000"
7660600131,2,2.25,1240,2,3,2008,premium,,"3,74,950"
2296500131,5,4,4660,2,4,1979,low,,"7,39,000"
1761300850,4,1.75,1710,1,5,1975,medium,,"2,71,000"
6083000037,2,1,930,1,3,1986,low,,"2,30,000"
5259800090,3,2.25,1430,1,3,1984,medium,,"2,10,000"
2968801366,3,2.75,1650,2,4,1988,premium,,"3,50,000"
2126059172,3,2.25,1560,1,4,1968,low,,"4,91,500"
7334501250,3,2.5,1870,1,4,1994,premium,,"3,25,000"
1545805490,3,2,1320,1,3,1987,low,,"1,90,000"
7518500855,4,2,1400,1.5,4,1945,premium,,"6,58,600"
4171200025,3,1.5,1940,1,3,1958,premium,,"2,99,950"
9818700215,5,2,2000,1.5,3,1931,low,,"4,64,000"
798000535,3,1,1640,1.5,3,1942,premium,,"3,08,000"
3900100265,3,1,1020,1,3,1919,medium,,"6,25,000"
1951100110,3,1.75,1630,1,4,1977,medium,,"2,40,000"
7215420590,4,2.5,2940,2,3,1995,premium,,"5,30,000"
3343301910,5,4.5,2120,2,5,1939,premium,,"10,00,000"
9828702095,1,1,790,1,3,1918,medium,,"4,39,000"
2917200645,4,1.75,2020,1,4,1948,low,,"5,75,000"
6163900501,3,1.75,1530,1,3,1959,low,,"4,18,000"
540100057,4,3.75,3250,2,4,1930,medium,,"12,08,000"
2652500300,4,3.75,2930,1.5,5,1925,low,,"11,00,000"
1330300300,3,3.75,3150,2,3,2007,medium,,"19,00,000"
1137301780,3,2.5,2180,2,3,1985,premium,,"5,80,000"
9842300485,2,1,1040,1,5,1939,medium,,"3,80,000"
7224000315,3,1,880,1,4,1924,premium,,"2,56,000"
6161000015,3,1,1400,1,3,1957,premium,,"3,49,950"
5207200195,4,2.5,2600,2,3,1962,medium,,"6,91,500"
9191201790,3,1.75,1590,1.5,4,1908,low,,"5,56,000"
8731902680,3,2.25,1610,1,4,1968,low,,"2,18,000"
9448300115,4,2,1390,1.5,5,1908,medium,,"4,25,000"
4045500625,3,3.25,3710,2,3,1998,premium,,"9,35,000"
5603700025,4,1.75,2360,1,4,1974,medium,,"7,32,000"
1266200015,3,1,1440,1,4,1952,premium,,"8,05,500"
952003350,3,1.75,1400,1,3,1915,low,,"5,07,250"
2386000300,4,2.5,4600,2,3,1990,premium,,"8,00,000"
3625059143,3,2.25,2100,2,4,1979,low,,"6,00,000"
8651500850,4,1.75,2010,1,3,1982,premium,,"6,27,800"
3359500110,2,2.25,2550,2,5,1902,low,,"6,60,000"
818500490,2,2.5,1240,2,3,1986,premium,,"1,53,503"
3876311390,3,2.25,2090,1,3,1975,low,,"4,56,500"
8085400490,5,2.5,2770,2,3,2002,medium,,"13,06,000"
2355010090,3,2.5,3560,2,3,1997,medium,,"8,43,500"
9550200265,3,1,1240,1,3,1925,premium,,"6,25,000"
8818400490,2,1.75,1640,1,3,1921,premium,,"5,27,000"
8964800025,5,3.75,3940,1.5,4,1951,low,,"19,65,000"
2125059112,5,2.5,3150,2,4,1969,low,,"10,03,000"
2028700535,4,3,2550,2,3,1908,medium,,"8,55,000"
4309710100,4,3.25,3940,2,3,2000,premium,,"7,25,000"
4364700805,1,1,580,1,3,2000,premium,,"3,15,000"
3356407665,3,1.75,1330,1,3,1978,medium,,"1,80,000"
9238900855,2,1,930,1,3,1926,medium,,"7,00,000"
1086100100,3,1,1060,2,4,1962,medium,,"4,76,500"
6121000110,3,1.5,1180,1,3,1960,medium,,"1,93,000"
8700100100,4,2.5,1850,2,3,1990,medium,,"2,95,000"
9417400215,2,1,820,1,4,1925,premium,,"3,63,000"
7701961030,4,2.5,3600,2,4,1990,medium,,"8,75,000"
2149800148,3,2,1850,1,4,1952,premium,,"2,57,200"
686450490,3,2,2240,1,3,1968,low,,"5,55,000"
9413400165,3,2.25,1860,2,4,1963,medium,,"3,80,000"
104550690,4,2.75,2390,2,3,1989,premium,,"2,82,000"
1995200245,4,2.5,2040,2,3,1990,low,,"5,45,000"
7409700215,3,1.5,1900,1.5,3,1926,premium,,"5,50,000"
7409700215,3,1.5,1900,1.5,3,1926,low,,"9,21,500"
1337800855,3,1.5,2200,2,5,1904,premium,,"8,85,000"
7015200615,4,2.25,2280,1.5,3,1940,low,,"8,20,000"
8805400090,3,1,1090,1,5,1981,premium,,"2,89,000"
2391602350,1,1,670,1,3,1942,medium,,"3,34,000"
844001140,3,1,1050,1,5,1906,premium,,"2,06,000"
5210200131,3,2.25,2090,1,3,1958,low,,"4,91,950"
6893300110,3,2.5,2030,2,3,2003,low,,"4,30,000"
1796351080,3,2,1250,1,4,1980,premium,,"2,08,000"
1938400300,4,2.25,2600,1,3,1978,medium,,"2,45,000"
2877101340,2,1,640,1,4,1918,low,,"4,26,000"
6084200100,3,2.5,2120,2,3,2006,premium,,"4,00,000"
7977201910,3,1,1330,1,3,1942,premium,,"5,53,000"
6638900115,2,1,750,1,3,1948,medium,,"2,96,000"
2587920110,3,2.5,2230,1,4,1977,low,,"4,28,000"
3438500714,4,2.5,1890,1,3,1980,medium,,"3,25,000"
726049184,2,1,820,1,5,1952,low,,"2,94,000"
2787720300,3,1.75,1880,1,4,1977,medium,,"4,10,000"
2821049048,4,4.25,2360,2,4,1939,medium,,"5,90,000"
3904901450,3,2.25,1850,2,4,1985,premium,,"4,45,000"
9829200495,4,2.5,2310,2,4,1928,premium,,"9,21,000"
1523089097,3,1.5,2520,1,3,1955,low,,"4,96,000"
2724200705,2,1,800,1,3,1947,premium,,"95,000"
8122600245,4,1.75,1580,1,4,1945,low,,"3,59,000"
1323089184,3,2.5,2430,1,4,1985,medium,,"4,52,500"
2600300110,4,1.75,2350,1.5,4,1946,low,,"5,55,000"
9485951030,5,3,3800,1.5,4,1984,premium,,"5,49,900"
4021700025,5,3,3670,1,5,1952,premium,,"5,69,000"
2473250850,4,2,1780,1,5,1974,low,,"3,18,500"
9828702310,2,1.5,1295,2,3,2007,premium,,"4,87,028"
7523700245,3,1,1350,1,4,1959,premium,,"2,40,000"
1765100025,3,2.25,1440,1,3,1965,medium,,"2,53,000"
2011400405,5,1.75,1320,1,4,1947,premium,,"3,80,000"
3410600015,2,0.75,700,1,4,1958,premium,,"2,50,000"
3276050110,2,1.75,2510,2,3,1977,low,,"3,68,500"
7792000025,3,1,3180,1,3,1969,medium,,"3,40,000"
2810600015,2,1,910,1,3,1918,premium,,"4,00,000"
8081900011,3,2,1570,1.5,5,1927,low,,"8,35,000"
104550740,3,2.5,2450,2,3,1993,low,,"2,99,000"
1959701745,6,2.25,4910,2.5,5,1910,medium,,"16,75,000"
8078520090,3,2,1570,1,3,1998,low,,"2,65,000"
6403510090,4,2.5,2680,2,3,1998,premium,,"4,37,500"
2326300090,3,1.75,2090,2,3,1947,premium,,"8,65,000"
8078380090,3,2,2150,1,3,1988,medium,,"6,26,000"
7132300042,2,2,1140,2,3,2009,medium,,"2,47,300"
3861470110,4,3.5,4230,2,3,1997,premium,,"20,75,000"
2734101055,3,1,1790,1.5,2,1937,premium,,"4,25,000"
4039701080,5,3.5,3100,1,3,1970,premium,,"9,05,000"
464000600,3,2.5,2220,3,3,1990,premium,,"6,41,250"
5437400100,4,2.5,2370,2,3,1984,low,,"6,75,000"
1423089055,4,2.75,4070,2,3,2002,medium,,"8,45,000"
6713700100,4,1,1790,1,4,1954,premium,,"4,01,500"
339600110,3,2.5,1610,2,3,1987,medium,,"3,95,000"
5021900090,5,2.75,2830,1,5,1958,premium,,"11,00,000"
6099400053,3,1,1010,1,3,1954,low,,"1,45,000"
7518508625,3,1,1560,1.5,3,1930,low,,"9,00,000"
8143000490,3,1.5,1330,1,4,1968,low,,"3,74,500"
3260000300,4,2.25,2330,2,4,1965,medium,,"8,50,000"
5742600090,3,1,960,1,3,1951,low,,"4,90,000"
7212650850,3,2.5,1710,2,3,1993,medium,,"3,04,000"
9158800090,4,2.25,2230,1,4,1963,premium,,"4,00,000"
7820000038,3,2,1700,2,3,1992,low,,"4,54,000"
7135300026,2,2,1040,1,2,1950,medium,,"1,60,000"
8562700300,3,1.75,1070,1,3,1966,premium,,"5,42,000"
6114400028,5,2.5,3600,1,4,1968,premium,,"4,03,500"
3793501130,4,2.5,2750,2,3,2003,medium,,"4,18,000"
6052400625,4,1.5,1920,2,3,1951,premium,,"4,06,000"
2560805630,3,2.25,1770,1,3,1978,premium,,"2,42,500"
9558020600,4,2.5,2460,2,3,2003,medium,,"4,25,000"
9136101335,4,2,1550,1.5,3,1909,premium,,"6,13,000"
9407101380,3,2,1460,1,2,1995,premium,,"1,89,000"
8901500178,4,2.25,2440,1.5,3,1947,medium,,"7,00,000"
9551201250,3,1,1640,1.5,4,1935,premium,,"7,50,000"
3544400236,2,1,1290,1,4,1906,low,,"4,94,000"
7215730090,4,3,3150,2,3,2000,low,,"7,00,000"
8682291390,2,2.5,2305,1,3,2007,medium,,"7,05,000"
1770000490,2,1.75,1060,1,3,1977,low,,"3,56,000"
2935400100,3,1.75,2060,1,4,1984,low,,"6,25,000"
7686205020,2,1,900,1,3,1940,low,,"1,44,975"
3629921240,4,4.5,3890,2,3,2004,medium,,"9,70,000"
1775801340,3,1.75,1910,1,3,1977,low,,"4,15,000"
3574801780,4,3,2340,1,4,1979,medium,,"4,85,000"
7854800090,3,3,2900,2,3,1997,medium,,"7,99,950"
4054530090,4,2.5,3290,2,3,1991,medium,,"7,83,350"
8807900236,1,1,630,1,3,1943,premium,,"4,30,000"
1118001408,5,4.75,5410,2,4,1941,low,,"25,44,750"
9290850740,4,2.5,4270,1,3,1991,premium,,"9,75,000"
3025059089,3,1.5,1700,1,3,1950,medium,,"9,50,000"
923000265,2,1,1430,1.5,3,1944,premium,,"3,50,000"
8901001335,4,2.75,2850,2,3,2008,low,,"6,37,000"
1523059066,3,2,2160,1,3,1991,medium,,"8,95,000"
5249801785,2,2,1760,1,5,1946,premium,,"5,79,000"
2190601055,4,1.75,2700,1,3,1958,medium,,"3,14,900"
1917300025,2,1,860,1,3,1945,medium,,"1,22,000"
3797000300,2,1,880,1,5,1927,medium,,"4,05,000"
5332200026,2,2.5,1360,2,3,1997,premium,,"5,53,650"
3278602760,2,2.5,1770,3,3,2007,medium,,"3,69,900"
2721049059,3,2,2030,1,4,1979,medium,,"2,25,000"
2172000750,2,1,1180,1,3,1918,medium,,"1,60,000"
1022069058,4,2,2430,1,3,1961,medium,,"4,49,500"
249000115,3,1,1300,1,4,1953,medium,,"6,50,000"
7214710300,4,2.5,2360,2,3,1977,low,,"5,42,126"
192450300,3,1.5,1200,1,3,1985,medium,,"3,09,950"
3356403820,2,1,1000,1,3,1913,medium,,"1,15,000"
8075400100,2,1.5,1556,1,4,1957,low,,"2,21,700"
1982200245,3,2.5,1890,1.5,4,1915,low,,"7,26,000"
7905200037,3,1.75,1810,1,4,1926,low,,"5,15,000"
2597531030,4,2.5,2730,2,3,1991,medium,,"7,56,000"
5318100645,4,3.75,3070,2,5,1927,low,,"15,70,000"
7504400850,4,2.25,2080,1,4,1979,medium,,"4,42,000"
1761300110,4,2,1620,2,4,1975,low,,"2,60,000"
9390700100,2,1.75,1150,1,4,1923,medium,,"3,90,000"
7518503200,2,1,1250,1,3,1929,premium,,"4,59,500"
3971700940,3,1.5,1430,1,5,1948,premium,,"3,30,000"
1446403835,2,1,790,1,3,1944,premium,,"1,89,000"
9183702251,3,1,1200,1.5,4,1954,premium,,"2,80,000"
5589900590,2,1.75,2110,1,2,1948,premium,,"4,00,000"
7227501745,4,2,3160,1,5,1942,medium,,"3,68,000"
2473350930,4,1.75,2700,1.5,4,1968,low,,"3,90,000"
6450303820,2,1,820,1,3,1945,premium,,"2,45,000"
5469000100,4,2.5,1800,1,4,1960,low,,"3,75,000"
8679600100,5,1.5,1750,1,3,1961,premium,,"4,65,000"
638100015,3,2,1540,1,3,1997,premium,,"4,45,000"
3241600015,3,1,1130,1,3,1952,premium,,"2,50,000"
6411600026,3,1,1500,1,4,1952,low,,"4,75,500"
3179101050,2,1.75,1600,1.5,3,1940,medium,,"6,72,324"
5363200266,3,2,1200,1,3,1937,premium,,"4,20,000"
7518502490,3,2,1690,1.5,5,1907,medium,,"5,15,000"
7732400490,4,2.5,2270,2,3,1986,premium,,"7,32,350"
5416510110,4,2.5,1910,2,3,2005,medium,,"2,97,500"
8604900017,3,1.5,1640,1.5,3,1929,premium,,"4,75,000"
808300490,4,2.5,2120,2,3,2003,low,,"4,14,000"
6855700115,3,1.5,1400,1,4,1952,medium,,"3,57,250"
9325800110,2,1,760,1,4,1950,medium,,"2,89,950"
8121100015,3,1,1070,1,4,1917,low,,"5,50,000"
8568700015,3,1.75,1460,1,3,1958,low,,"4,46,000"
6399600115,3,1.5,1280,1.5,4,1932,premium,,"2,79,000"
5651010300,3,2.25,1650,2,3,1988,low,,"3,70,000"
3423049311,3,2,1260,1,3,1998,premium,,"2,16,000"
7000100711,3,2.5,2200,1,3,1952,low,,"11,00,000"
5482700115,4,2.5,3560,1,5,1977,medium,,"12,80,600"
9349900110,2,1.5,1140,1,3,1988,low,,"3,55,000"
9328510100,4,2.5,2550,2,3,1988,medium,,"6,99,000"
6300500475,3,2.5,1553,3,3,2014,medium,,"4,12,000"
7849200315,2,1,1140,1,3,1923,low,,"2,76,000"
7813200115,2,1,790,1,3,1944,premium,,"1,00,000"
2851200100,4,1.75,2130,1.5,3,1914,low,,"9,55,500"
2823059055,3,1,1390,1,3,1958,low,,"1,99,000"
7853301560,4,3.5,4000,2,3,2007,premium,,"7,62,000"
9477001280,4,2,1520,1,5,1967,premium,,"4,25,000"
7905200147,2,1,1657,2,3,1910,premium,,"5,46,000"
6190701110,3,1.75,1680,1,3,1976,low,,"4,19,600"
871001500,4,2.25,2270,1,5,1954,low,,"7,35,000"
2559950110,2,2.5,2470,3,3,2011,medium,,"12,34,570"
3693900245,2,2,1240,2,3,1985,medium,,"4,45,000"
1023089140,3,2,1740,1,3,1974,low,,"6,65,000"
3026059085,5,3.5,4090,1,3,2002,medium,,"12,90,000"
3575302345,4,2.75,2520,2,3,1979,premium,,"5,08,500"
1568100076,5,1,1340,1.5,3,1934,premium,,"3,45,950"
6600400090,3,1,1640,1,3,1968,low,,"2,07,500"
5451200110,4,2.5,3000,1,4,1969,medium,,"10,75,000"
3204300090,3,1,1210,2,4,1930,low,,"6,40,000"
3023039066,3,1,1810,1,4,1941,premium,,"3,29,500"
3824100246,4,2.75,2200,1,3,1979,low,,"4,60,000"
7768700315,3,1.75,2200,1.5,3,1948,premium,,"12,30,000"
4154305290,5,3,2350,2,4,1924,medium,,"8,05,000"
621069113,3,1.5,1090,1,3,1963,medium,,"2,00,000"
1523059201,3,1.75,2280,1,3,1977,medium,,"7,49,700"
1453602309,0,1.5,1430,3,3,1999,low,,"2,88,000"
7518504291,2,1,1520,1,4,1927,premium,,"5,35,000"
4058801240,3,2.25,1620,1,4,1950,low,,"3,30,000"
2313900165,3,2,1510,1.5,4,1928,premium,,"4,79,200"
2122059206,5,2.5,3001,2,3,2006,low,,"3,73,000"
9282801720,4,1.5,2020,1,4,1953,low,,"3,55,000"
9542840590,3,2,1380,1,3,2008,low,,"2,75,000"
2493200015,3,1.5,1520,1,3,1949,premium,,"3,80,000"
9550202870,2,1.75,1090,1,4,1915,low,,"4,17,000"
98000750,5,3.75,4220,2,3,2004,low,,"11,65,000"
7504010900,3,2.25,2520,1,3,1978,medium,,"5,98,500"
1370803820,3,2,1760,1,5,1920,low,,"6,29,000"
1446401220,2,1,930,1,3,1957,premium,,"2,26,950"
868000615,4,2.5,2600,1.5,4,1939,premium,,"12,25,000"
6625910100,3,2.25,2180,1,5,1979,premium,,"4,15,000"
3629870110,3,2.5,1910,2,3,2001,premium,,"5,95,000"
8651400750,3,1.75,1100,1,5,1968,premium,,"2,09,950"
925069111,3,1.75,1760,1,3,1973,medium,,"5,68,000"
3352402250,2,1,700,1,3,1951,premium,,"1,19,900"
4168000110,3,1,1080,1,4,1962,low,,"2,07,000"
5647900930,3,1,1070,1,3,1967,medium,,"1,95,000"
2523039278,3,1.5,1460,1,3,1955,premium,,"3,24,950"
6149700405,1,1,1050,1,4,1947,premium,,"2,10,000"
203100690,4,2.75,3160,2,3,1995,premium,,"10,78,000"
4410600100,4,1,1400,1,3,1954,medium,,"3,25,088"
3223059303,4,3,3120,2,4,1977,premium,,"7,90,000"
522069097,2,1,720,1,3,1982,medium,,"1,50,000"
2023069059,3,3,2840,2,3,1999,premium,,"7,90,000"
7987400356,2,1,1220,1,3,1910,medium,,"2,55,000"
461005360,4,3,2820,1.5,5,1928,medium,,"6,97,000"
461004195,2,1,840,1,4,1908,medium,,"4,57,500"
9547204350,3,2,1610,1.5,5,1940,premium,,"6,90,000"
2331300025,4,3.25,1860,2,3,1917,medium,,"9,67,000"
2288000090,4,1.75,2260,1,4,1968,medium,,"9,80,000"
5525400300,4,2.75,2450,2,4,1988,premium,,"6,19,420"
9523103001,2,1,850,1,3,1910,medium,,"3,89,000"
5249802460,3,1,1800,1,3,1964,medium,,"5,00,000"
7000100850,4,1.75,1230,1,4,1950,medium,,"5,69,000"
9477000300,4,2.25,2060,1,4,1967,low,,"4,25,000"
8121100265,4,2.25,2750,1,4,1948,premium,,"6,35,000"
2817100900,2,1,1120,1,4,1980,premium,,"2,56,500"
3578700017,4,2.5,3010,2,3,2005,medium,,"6,95,000"
7550800195,4,1.5,1580,1.5,3,1945,low,,"5,35,000"
3449900090,4,2.5,2630,2,3,2004,low,,"4,54,200"
9232900165,2,1,790,1,3,1943,premium,,"4,18,500"
1137300900,4,2.75,3110,2,4,1983,low,,"7,49,950"
2617370090,3,1.75,2130,1,3,1999,low,,"3,38,500"
5452301800,4,3.75,4520,1.5,3,1992,premium,,"12,50,000"
6648760100,3,2.5,1600,2,4,1993,premium,,"2,99,950"
798000337,4,1.75,1950,1,3,1963,medium,,"3,25,000"
1737300110,4,3,2010,2,3,1973,medium,,"4,34,000"
2817800100,4,1.75,2550,1,5,1978,medium,,"3,28,950"
5700003640,5,3.75,5340,2.5,4,1912,medium,,"20,95,000"
824069156,4,2,2000,2,3,1978,premium,,"5,70,000"
1997200165,3,2.25,2170,2,3,2014,low,,"8,02,000"
4083301645,3,1,1550,1.5,3,1918,premium,,"5,25,000"
3880900245,6,3,2790,2.5,4,1907,low,,"7,00,000"
1322059002,3,1.75,1980,1,3,1956,premium,,"3,50,000"
2426039313,2,1.5,1190,3,3,2005,premium,,"2,77,500"
6448000090,5,2.75,3650,1,4,1975,medium,,"15,75,000"
8005100025,3,1,1510,1.5,5,1913,low,,"1,95,000"
2891000750,3,2,1200,1,3,1968,premium,,"2,22,000"
5456000110,5,3,2830,1,4,1979,low,,"8,65,000"
5393601050,4,2,1650,1,5,1959,premium,,"4,45,000"
2979801095,4,1.5,1710,1.5,3,1924,premium,,"4,95,800"
6840701095,3,1,1740,1.5,3,1924,medium,,"5,48,500"
2221000100,3,1.75,1840,1,4,1974,low,,"3,10,000"
5070000100,3,1.5,1820,1,4,1962,medium,,"2,05,000"
3793501450,5,3.75,3860,2,3,2003,premium,,"4,70,000"
321079066,3,1.5,1810,1.5,3,2002,medium,,"4,30,000"
2026049125,2,2,1030,3,3,1999,premium,,"3,10,000"
1844500025,4,1,1410,1.5,4,1953,premium,,"3,55,000"
3541600405,5,2.5,2140,1,4,1968,premium,,"6,21,500"
1823049202,6,1.5,1930,1,3,1971,low,,"1,75,000"
1823049202,6,1.5,1930,1,3,1971,premium,,"3,26,000"
1563100705,4,3.5,1930,1.5,3,1920,medium,,"6,90,000"
7968200090,4,2.5,2210,2,3,2003,medium,,"3,35,000"
5379802816,4,1,1360,1,3,1961,medium,,"1,97,000"
3340401570,3,1.75,1830,1,3,1950,low,,"3,12,500"
7300700056,3,2.25,2120,1,5,1959,medium,,"4,36,000"
1257201130,4,2.5,2700,2,3,2002,premium,,"10,15,000"
7526400100,4,2.5,3160,2,3,1992,medium,,"8,05,000"
7504400750,4,2.25,2770,2,4,1979,medium,,"6,52,427"
1525059112,3,2.5,2240,1,4,1945,premium,,"10,08,000"
7300410300,4,2.5,2570,2,3,1999,medium,,"3,55,000"
1326039039,2,1,880,1,3,1939,premium,,"3,34,550"
8100400110,3,2.25,1820,2,3,1984,low,,"5,57,500"
6385900090,4,2.25,1660,1,3,1963,premium,,"2,77,500"
7229000025,4,3,2200,1,3,1960,medium,,"3,00,000"
6145602355,4,1,1640,1.5,4,1928,medium,,"3,25,000"
3600057,4,2,1650,1,3,1951,premium,,"4,02,500"
4040200490,3,1.75,1420,1,4,1963,low,,"4,61,000"
2919201095,3,1,1270,1.5,3,1926,low,,"5,40,000"
5248800625,3,1,1070,1,4,1971,premium,,"3,85,000"
1257201295,2,1,1060,1,3,1924,premium,,"4,80,000"
3342700371,3,2.25,2190,1,4,1963,premium,,"5,39,950"
1724079013,3,2.25,1940,2,3,1990,medium,,"5,29,000"
2770606822,3,2.5,1300,2,3,2008,premium,,"4,17,000"
5706201930,3,1.5,1330,1,3,1966,low,,"4,05,000"
8731800300,3,2.25,1940,1,4,1966,premium,,"2,99,000"
3751600457,3,1.75,2100,1,3,1983,premium,,"2,99,000"
9169100214,3,1,1290,1,3,1951,low,,"3,72,220"
809000820,2,1.75,1560,1,4,1904,medium,,"4,94,400"
9460000110,3,1.75,2630,1,3,1958,medium,,"2,80,000"
7888780090,3,2.5,2100,2,3,1992,low,,"2,77,950"
2423059067,3,2.75,2070,2,3,1996,premium,,"7,70,000"
1331900110,4,2.5,2960,2,3,1989,low,,"7,60,000"
6600490300,2,2,1300,1,3,2004,low,,"2,30,000"
6042000090,4,2.5,2520,2,3,1994,medium,,"5,25,000"
7846700850,3,1,1150,1.5,3,1927,medium,,"3,07,000"
5381600110,4,2,2030,1.5,3,1947,medium,,"2,53,779"
3459100300,3,1.5,1880,1,3,1968,medium,,"4,05,000"
8151600590,2,1,2320,2,4,1942,premium,,"3,60,000"
7936000252,2,1,1050,1.5,4,1910,premium,,"5,21,000"
2825059256,4,2.5,3030,2,3,1978,medium,,"6,80,000"
1925069006,1,0.75,530,1,4,1950,premium,,"3,55,000"
1274500300,3,1.5,1090,1,4,1968,low,,"2,00,000"
7129304085,3,2.25,2220,1,3,1993,low,,"3,30,000"
104540820,3,2.25,1430,2,3,1987,medium,,"2,21,000"
9272200090,4,4.5,3780,2,4,1910,low,,"15,98,890"
1787600164,2,1,1560,1,4,1947,low,,"3,10,000"
8127700215,4,2.25,2220,1.5,5,1932,medium,,"8,62,000"
7348200115,3,1.5,1140,1,3,1960,premium,,"2,00,000"
7752200100,4,2.5,2540,1,5,1957,low,,"6,30,000"
3904901570,3,2.25,1440,2,3,1985,medium,,"4,32,250"
1238501116,3,2.25,1570,1,4,1977,low,,"4,78,000"
9392500100,4,2.25,1860,1,3,1962,medium,,"2,49,000"
7857003465,5,3,2440,1,3,2006,low,,"4,95,000"
4038700930,4,2.5,2100,1,4,1960,low,,"6,30,000"
6979920090,4,2.5,2150,2,3,1997,medium,,"5,50,000"
1515920090,3,2.5,2440,2,4,1994,premium,,"3,50,000"
2473100090,5,1.5,1930,2,3,1966,low,,"2,70,000"
6402700100,4,2,1830,1,3,1963,low,,"4,88,250"
104530490,4,3.5,1850,2,3,1986,premium,,"2,48,000"
2487200940,4,3.5,3210,3,3,2014,medium,,"8,89,000"
6132600315,1,1,1090,1,3,1927,premium,,"3,75,000"
6848200475,3,1.5,1870,2,3,1906,low,,"9,33,000"
2141310490,3,2.25,1920,1,3,1977,premium,,"6,25,000"
7571200110,2,1,700,1,3,1943,premium,,"3,28,000"
5072300100,4,2.25,3380,1,4,1969,premium,,"4,70,000"
3342103148,5,2.5,2430,2,3,2007,premium,,"5,02,500"
1770000090,3,1.75,1950,1,3,1976,low,,"4,84,000"
8658303585,2,1,900,1,4,1961,low,,"2,52,500"
1115400090,3,2.5,2060,2,3,1987,medium,,"6,10,000"
4400800061,4,2,2180,1,4,1969,low,,"4,19,000"
4137000590,4,2.25,2140,2,4,1986,low,,"3,22,500"
809000945,6,1,1730,1.5,3,1918,premium,,"5,63,000"
4397000100,4,2.5,3140,2,3,1993,low,,"4,64,000"
3426049031,4,4.25,3010,2,4,1951,premium,,"8,70,000"
4310702775,2,1.5,800,2,3,2003,medium,,"2,80,000"
8965450110,3,2.5,3300,2,3,1994,low,,"8,50,000"
2887700805,2,1,1530,1,3,1946,low,,"4,58,950"
1446401460,2,1,760,1,3,1946,premium,,"1,22,000"
225039175,5,3,2450,2,3,1994,low,,"5,25,000"
1151100165,2,1,1000,1,3,1962,low,,"2,86,300"
4330600301,2,1,840,1,4,1952,premium,,"2,18,450"
2767602141,3,1.5,1380,1,3,1955,medium,,"5,25,000"
2767602141,3,1.5,1380,1,3,1955,medium,,"6,50,000"
2223089048,4,2,2020,1.5,3,1949,premium,,"3,56,000"
3693900985,2,1,1260,1,3,1951,premium,,"4,36,500"
3574801790,3,1.75,1440,1,3,1979,low,,"4,10,000"
2568800121,4,1.75,1540,1,4,1950,premium,,"5,12,500"
5249804560,4,1,1060,1,3,1925,medium,,"5,10,000"
7811100100,4,1.75,1900,1,4,1966,premium,,"5,66,000"
6116500300,3,1.75,2870,1.5,3,1948,medium,,"5,25,000"
2489200165,3,1,1050,1,3,1920,low,,"4,35,000"
425079100,3,2.75,1840,1,3,1989,low,,"4,06,500"
1828001220,5,2.75,3000,1,3,1966,premium,,"5,50,000"
5602000025,3,2,1200,1.5,5,1949,medium,,"2,51,000"
191101015,3,1.5,1840,1,4,1959,low,,"8,30,000"
4249000100,4,2.5,2790,2,3,1989,medium,,"8,03,000"
7877400266,3,1,970,1,4,1942,premium,,"2,06,000"
7657000165,4,1,1070,1.5,3,1944,premium,,"2,00,000"
4302200535,2,1,900,1,3,1952,medium,,"2,19,000"
369000881,4,4,2680,1,3,1962,medium,,"7,77,000"
7527200110,3,2.5,2000,2,3,1979,premium,,"5,93,700"
1561600025,3,1.5,1660,1,4,1956,low,,"7,12,500"
2813100100,4,1.5,1770,1.5,4,1946,low,,"6,00,000"
3179100755,3,2,1230,1.5,3,1940,medium,,"5,54,663"
1422700110,3,1,1740,1,4,1962,low,,"2,67,000"
1075100090,3,2,1710,1,5,1953,low,,"3,90,000"
7338402690,6,2,2020,1,3,1979,premium,,"3,35,000"
5451210100,4,2.5,2410,1,5,1975,premium,,"9,38,000"
7523900300,4,2.75,2310,1,3,1993,medium,,"3,70,000"
7237300090,5,2.5,2400,2,3,2003,medium,,"3,35,000"
4083303815,5,2,3160,1.5,3,1923,low,,"6,95,000"
6117501015,3,1,1560,1,4,1953,low,,"3,87,500"
6700390100,3,2.5,1770,2,3,1992,premium,,"2,45,000"
7334401450,3,2,1600,1,3,1990,low,,"3,08,550"
8588000315,3,1.75,1330,1,3,1968,low,,"2,25,000"
3121500100,4,2.5,2970,2,3,1993,low,,"7,15,000"
726049202,3,1,1020,1,4,1954,premium,,"3,35,000"
3629760110,3,2.5,2490,2,3,2003,premium,,"6,34,000"
8692800025,5,2,1700,1,3,1956,premium,,"3,37,500"
4392200165,1,1,850,1,4,1940,medium,,"4,40,000"
1023089228,3,1.75,1250,1,3,1990,premium,,"3,50,000"
7625702615,2,1,610,1,3,1918,low,,"4,00,000"
8081030090,4,3.5,3700,2,4,1989,premium,,"12,88,000"
2201500490,3,1,950,1,4,1954,low,,"4,35,000"
7853250090,4,2.5,3860,2,3,2004,low,,"6,81,000"
7133300044,3,3.5,1360,2,3,2007,premium,,"3,97,000"
293700110,4,2.5,3890,2,3,1996,low,,"7,75,000"
4038100110,3,2.25,1680,1,4,1959,premium,,"4,80,000"
7697870600,3,2.5,1520,2,4,1985,medium,,"1,58,000"
8847400115,3,2,2420,1.5,3,2005,premium,,"5,90,000"
7853240100,5,2.75,3890,2,3,2004,premium,,"7,72,500"
326049058,5,1.5,2940,1,3,1955,low,,"4,64,500"
8732800090,3,1.75,1350,1,3,1966,low,,"2,81,000"
2526059086,3,2.25,2190,1,3,1990,medium,,"6,20,000"
2391600165,3,2.25,2280,1,4,1985,medium,,"4,75,000"
7225000090,2,2,1070,1,4,1932,medium,,"2,45,000"
1868901295,5,2.25,2540,1.5,4,1925,low,,"6,60,000"
6072100490,4,2.25,2270,1,5,1973,medium,,"5,27,500"
2522069064,2,1,1220,1,4,1914,low,,"1,35,000"
806800090,3,1.75,1890,1,3,2003,premium,,"2,75,000"
7228500375,4,2,1990,1,3,1926,medium,,"4,30,000"
2891100820,3,1,1220,1,4,1968,premium,,"2,13,500"
8564850300,3,3,2640,2,3,2012,low,,"5,35,000"
3861400061,3,1.75,1480,1,3,1952,low,,"6,41,000"
3343903647,3,2,2320,1,5,1952,low,,"4,36,300"
809002680,4,1.75,2410,1.5,3,1911,medium,,"14,40,000"
5450300195,4,2.75,2090,1,4,1949,low,,"8,30,000"
1231001110,3,1,920,1,3,1910,low,,"3,80,000"
6303401050,3,0.75,850,1,3,1945,medium,,"1,32,500"
1003400245,3,1,1130,1,3,1954,medium,,"1,79,950"
7468900245,3,1,1260,1,4,1954,premium,,"1,88,200"
5021900265,4,2,2090,1,4,1951,low,,"6,59,000"
8100900015,3,2,2020,1.5,3,1926,premium,,"3,17,000"
573000490,3,2.25,1970,1,3,1959,premium,,"6,25,000"
4022900837,3,1.75,1820,1,3,1976,medium,,"3,50,000"
475001295,3,1.5,1840,1.5,5,1915,premium,,"7,50,000"
5256500025,4,1.75,2100,1,5,1959,premium,,"4,57,000"
2767601390,4,2,1770,2,4,1906,medium,,"6,32,500"
6700400110,3,2,1110,1,4,1991,medium,,"2,23,000"
8860300300,4,2.75,2090,1,4,1976,low,,"6,10,000"
3738900165,4,1.75,2080,2,4,1948,medium,,"3,85,000"
1314300018,3,3.25,1400,2,3,2005,premium,,"3,67,500"
3992700265,3,1,1060,1,4,1949,medium,,"3,85,100"
1105000296,2,1,720,1,3,1920,premium,,"2,30,000"
1773100121,3,2.75,1100,2,3,2008,low,,"2,86,000"
7585000110,3,1,1010,1,4,1967,premium,,"2,01,700"
822069112,4,4.75,5230,2.5,3,2002,low,,"13,50,000"
5423030300,4,1.75,2420,1,3,1979,medium,,"5,25,000"
1387301730,3,1.5,1200,1,3,1975,low,,"3,61,000"
4447300008,3,1.5,1950,3,3,2002,premium,,"5,30,000"
6413600123,3,2.25,1870,1,3,1950,medium,,"4,55,000"
3288100100,4,2.25,1310,1,4,1966,medium,,"4,21,000"
6127600110,4,2,1520,1.5,3,1945,premium,,"6,40,000"
3423049165,3,1,1270,1,3,1955,medium,,"2,40,000"
1233100601,2,1,840,1,4,1928,premium,,"3,60,000"
3422059085,2,1,900,1,2,1953,premium,,"1,57,340"
9294300600,4,3,3010,2,5,1950,medium,,"12,40,000"
7282900025,3,1,1050,1,3,1954,low,,"2,50,000"
2526059076,6,2.75,3360,1,5,1962,medium,,"7,35,000"
5451100490,7,4.75,5370,1.5,3,1967,low,,"8,84,900"
126059097,3,3.5,2690,2,3,1948,medium,,"7,75,000"
7739100015,3,1.75,1710,1,3,1948,low,,"4,63,000"
9828702251,3,2.5,1640,3,3,2009,low,,"5,79,000"
9558040820,6,3.75,4000,2,3,2004,low,,"5,70,000"
1437580600,5,4.5,4140,2,3,2005,medium,,"10,60,000"
5469502460,4,2.75,3140,1,4,1971,medium,,"3,75,000"
2919701105,2,1.75,1320,1,4,1938,medium,,"4,22,000"
952003585,4,3.5,3080,2,3,2014,premium,,"8,66,500"
3066400750,3,2.5,2500,2,3,1986,premium,,"7,05,000"
2607740100,4,2.5,2520,2,3,1994,premium,,"4,70,000"
793200100,3,1.25,2350,1,4,1966,premium,,"3,60,000"
6744700900,4,2.5,2570,1,3,1948,medium,,"7,95,000"
1828300100,4,2.5,3100,2,3,2003,low,,"8,00,000"
1118000110,4,3.5,4730,1.5,5,1935,low,,"24,53,500"
9297301015,3,1.75,1030,1,3,1927,medium,,"2,77,284"
585000008,2,1,1020,1,5,1953,premium,,"4,60,000"
4070700300,3,2.5,2080,2,3,1996,medium,,"8,98,888"
3026079031,3,1,1410,1,3,1981,premium,,"2,11,000"
2781250750,2,2,1360,2,3,2004,low,,"2,22,000"
203100625,3,2.5,2620,2,3,1992,premium,,"6,72,000"
687600110,3,2.25,2260,1,5,1974,medium,,"7,78,000"
2473372250,3,1.75,1490,1,4,1976,medium,,"3,12,500"
7974700112,4,2.5,2530,1.5,3,1975,premium,,"6,50,000"
2330000015,6,2.25,3140,1,4,1959,premium,,"7,40,000"
7230300100,3,2,1820,1,5,1972,premium,,"3,20,000"
2133010110,4,2.5,1770,2,3,1990,low,,"4,55,000"
4389201250,5,4,4430,2,3,2013,medium,,"24,50,000"
3383900057,3,3.25,1490,3,3,2001,premium,,"5,00,000"
2424410110,3,1.75,1790,1,3,1978,low,,"3,25,000"
3126049436,3,2.5,1710,3,3,2004,premium,,"4,16,000"
9238500100,4,2.25,2070,2,4,1968,medium,,"4,95,000"
9828700900,2,1,1140,1,5,1908,low,,"5,49,000"
686400930,5,2,3930,1.5,4,1968,low,,"5,89,000"
5515600088,3,1.5,1100,1,3,1967,medium,,"1,94,820"
1254200015,3,2.5,2260,1.5,3,1910,medium,,"4,05,000"
1254200015,3,2.5,2260,1.5,3,1910,low,,"6,25,000"
1523049209,3,1,1130,1,3,1954,premium,,"2,05,000"
561000300,3,3.75,1950,1,3,1959,medium,,"3,45,100"
399000195,3,1,960,1,3,1953,medium,,"2,00,000"
2540700110,4,3.5,4210,2,3,2001,low,,"19,05,000"
2523089097,3,1.5,3430,1,3,1988,premium,,"5,24,500"
3026079055,4,2.75,3470,2,3,1993,low,,"5,98,600"
1105000011,5,3,2140,1,3,1978,medium,,"3,67,777"
5113400535,3,2.75,2520,1,4,1946,premium,,"7,50,000"
3876301140,5,2.25,3550,2,3,1968,medium,,"5,75,000"
1523049188,2,1,700,1,3,1949,low,,"84,000"
5621100115,2,1,740,1,4,1926,medium,,"2,55,000"
4219401080,4,3.75,3300,1.5,3,1926,low,,"17,40,000"
2112700600,3,2.25,1640,1,3,1977,low,,"4,15,000"
3222049112,3,2.5,2780,2,3,1990,premium,,"4,49,900"
622059019,5,1.5,1830,1.5,3,1929,medium,,"2,20,000"
9348700490,4,2.5,3540,2,3,2003,premium,,"8,99,000"
9259900025,3,2.5,1440,1,5,1954,low,,"4,30,000"
3022059066,4,2.5,2960,2,3,2001,premium,,"4,72,500"
1777500090,6,2.5,3180,1,4,1967,medium,,"6,80,000"
3885803245,5,4,3310,2,3,2000,premium,,"16,50,000"
8819901030,3,2,2390,2,5,1921,premium,,"8,10,000"
2623069067,3,2.5,2460,2,4,1977,premium,,"6,05,000"
8635700025,3,1.75,1630,1,3,1958,low,,"5,22,000"
98020300,5,2.75,3490,2,3,2005,premium,,"7,59,000"
7243500025,4,2.75,2500,2,3,1966,premium,,"4,11,000"
3329510850,4,2.5,2080,1,3,1984,premium,,"2,86,950"
9521100855,3,1.5,1290,3,3,2000,premium,,"4,40,000"
723049156,3,1,1700,1,3,1955,low,,"1,49,000"
723049156,3,1,1700,1,3,1955,premium,,"2,84,700"
5130000090,3,2.5,2540,1,3,1964,medium,,"3,74,950"
8562400025,3,1.5,1180,1,3,1952,premium,,"8,16,000"
5706201140,4,1.75,1520,1,4,1960,low,,"5,33,250"
3034200198,3,2.75,2390,1,5,1942,premium,,"6,89,800"
4077800017,4,2.75,2740,1.5,4,1947,premium,,"7,75,000"
1245500099,3,2.5,2190,1,3,1991,medium,,"7,02,000"
4435000705,3,1,1350,1.5,3,1942,low,,"1,60,000"
4435000705,3,1,1350,1.5,3,1942,medium,,"2,55,500"
2225059118,4,2.75,2980,1,4,1973,medium,,"9,49,000"
5126900405,2,1,790,1,4,1944,premium,,"1,69,500"
5603800110,4,2.25,2130,2,4,1965,premium,,"5,86,000"
2426059076,4,2.5,2700,1,4,1978,medium,,"6,80,000"
3260200110,3,2,3200,1,5,1977,premium,,"8,51,500"
4235401055,2,1.5,1159,1,3,1948,medium,,"5,82,500"
1550000463,4,3.5,3080,2,3,2008,premium,,"6,37,000"
1823049144,3,1,1000,1,3,1955,premium,,"2,25,000"
7012200215,3,3.25,2260,2,3,2003,low,,"7,95,000"
5149300100,4,2.25,2270,1,3,1976,low,,"3,04,999"
7335400215,1,0.75,760,1,4,1915,low,,"95,000"
7227501450,4,1.75,1420,1,5,1942,premium,,"2,40,000"
8146300025,4,2.5,2500,1,4,1958,low,,"7,72,000"
3530540090,2,1.5,1450,1,4,1983,low,,"2,45,000"
9284802215,5,3,2500,1,3,1999,premium,,"4,30,000"
1250202430,3,1.5,2210,1.5,5,1916,premium,,"7,99,000"
1241900028,5,2.75,3020,2,3,2007,medium,,"8,80,000"
8691400600,4,2.5,3290,2,3,2004,medium,,"7,50,000"
1118000301,4,4,5780,2,3,2008,medium,,"28,90,000"
3905081500,3,2.5,1820,2,3,1993,low,,"5,32,000"
5611000090,4,2.75,2500,1,4,1978,premium,,"5,25,000"
2013800705,2,1,1210,1,4,1952,premium,,"2,39,000"
9276200850,2,1.5,1090,1,3,1951,medium,,"4,60,000"
2785000110,4,2.25,1330,1.5,3,1962,medium,,"5,40,000"
2919702655,2,1,890,1,3,1923,premium,,"4,75,000"
3942900115,3,1.75,1360,1,3,1968,premium,,"4,45,000"
5452301810,5,3.75,4220,2,5,1991,medium,,"15,75,000"
5104511730,4,2.5,3780,2,3,2004,medium,,"5,49,950"
3923400123,4,2,2610,1.5,4,1940,premium,,"2,94,950"
2249500367,3,2.5,1980,3,3,1993,medium,,"7,36,000"
2916600110,3,1.75,1290,1,4,1980,premium,,"2,14,946"
3629921140,5,3.25,3620,2,3,2003,medium,,"8,56,000"
8682250090,2,2.5,2680,1,3,2004,medium,,"7,75,000"
6929602605,3,1.75,1200,1,3,1959,low,,"2,05,000"
8550001515,2,2.75,1992,1.5,5,1903,low,,"4,29,592"
1775800740,4,1.75,1640,1,4,1977,low,,"4,14,250"
1773101340,4,2.75,1920,1,4,1906,medium,,"3,99,950"
5561710110,3,2.25,1840,1,5,1979,premium,,"3,19,990"
1115800110,3,1.5,1310,1,4,1970,low,,"5,24,000"
2131701240,2,1,1050,1.5,4,1913,low,,"3,49,950"
8827901450,4,2.5,2570,1.5,4,1927,premium,,"8,89,000"
4302200336,3,1,930,1.5,5,1919,medium,,"3,00,000"
7550800916,1,1,730,1,3,1911,low,,"3,95,000"
534000112,2,2.5,1270,3,3,2008,low,,"3,48,000"
3885801450,2,1,1150,1,4,1921,medium,,"8,30,000"
522059013,2,1,820,1,4,1965,premium,,"1,73,000"
3342700405,4,1.75,3000,1,3,1950,premium,,"5,85,000"
9276201140,3,2,2220,1,4,1966,premium,,"5,76,750"
7972601280,5,3.25,2500,1,3,1962,low,,"4,95,000"
2734100734,3,3.5,1540,2,3,2007,premium,,"2,16,650"
4022900077,4,2.75,2750,1,3,1978,premium,,"6,15,000"
1777600490,4,2.5,3130,1,4,1978,medium,,"6,75,000"
2193310300,3,2,1430,1,4,1983,low,,"5,10,000"
2322069168,3,2.5,2680,2,3,1995,premium,,"6,30,000"
7885800900,4,2.5,3010,2,3,2003,medium,,"3,59,950"
1545800090,3,1.5,1530,1.5,3,1986,medium,,"2,65,000"
7131300025,3,1,1240,1,4,1916,low,,"2,10,000"
3221079055,3,2.5,2260,1,4,1998,low,,"3,67,000"
9184700535,4,2.25,2820,1.5,4,1926,medium,,"10,75,000"
1877500090,3,2.5,3560,1,4,1948,medium,,"7,56,000"
723049476,3,2.25,1630,1,3,1960,premium,,"2,03,000"
8556800100,4,2.5,2880,2,3,2002,low,,"5,35,000"
9830200475,3,3.25,2200,2,4,1947,medium,,"5,25,000"
2525000690,3,1.75,1620,1,3,1981,low,,"3,47,500"
1891100090,3,1.75,1480,2.5,3,2005,medium,,"6,20,000"
3447000100,4,2.5,2250,2,3,1996,low,,"6,45,000"
1118001295,4,3,3540,2,3,1940,medium,,"22,00,000"
7968460110,3,2,1790,1,4,1990,medium,,"2,80,000"
5101406489,3,2,1400,1,4,1924,medium,,"4,32,000"
9275702350,3,1.5,2390,2,3,1929,premium,,"7,90,000"
7752000090,4,1.75,2400,1,5,1957,low,,"6,35,000"
293000165,3,1.5,2050,1,3,1958,premium,,"4,42,000"
7852100110,4,3,2640,2,3,2001,medium,,"4,90,000"
1311000600,5,1.75,2320,1,5,1962,premium,,"2,50,000"
1732800820,4,2.5,2440,2.5,4,1902,premium,,"13,25,000"
7893203565,3,1,1260,1,3,1954,medium,,"1,20,000"
2524049166,5,4.75,6240,1,3,2003,medium,,"29,50,000"
9406550100,4,2.5,1930,2,3,1993,medium,,"3,25,000"
3327000090,4,1.75,1200,1,3,1968,medium,,"2,10,000"
1220000100,1,1,970,1,4,1920,premium,,"2,15,000"
1066600025,3,1.75,1810,1,5,1968,premium,,"3,87,000"
3626039228,3,1,1380,1.5,4,1925,low,,"4,08,000"
7635801032,3,1,1470,1,4,1953,medium,,"4,10,000"
4364700600,3,1,1010,1,3,1925,premium,,"2,16,000"
4364700600,3,1,1010,1,3,1925,premium,,"3,90,000"
7774200236,3,1.5,1340,1,2,1950,low,,"3,57,000"
8025700590,3,1,970,1,4,1970,medium,,"2,15,000"
7129302095,3,1,1122,1.5,3,1900,low,,"2,65,000"
2997800076,3,2.75,1670,3,3,2014,medium,,"5,89,950"
7740100015,3,1.75,2840,1,3,1950,low,,"4,40,000"
5279100625,2,1,770,1,4,1914,medium,,"2,48,000"
1126059144,3,2.25,2040,2,3,1977,premium,,"7,30,000"
5409800110,4,2.5,3052,2,3,2004,premium,,"4,25,000"
7963900100,3,2.5,2620,2,4,1977,medium,,"6,80,000"
9264910100,5,2.25,3120,2,3,1980,medium,,"3,41,500"
8819900449,2,1,1100,1,3,1950,low,,"3,95,000"
1525059160,4,2.75,3410,1.5,4,1962,medium,,"12,25,000"
7526800100,5,2.75,2510,1,4,1975,low,,"6,95,500"
6385100100,3,1.75,1680,1,3,1977,low,,"3,08,000"
2085200261,3,2,1960,1,4,1977,premium,,"4,22,500"
3522900061,2,1,1040,1,4,1915,medium,,"4,18,000"
2570500090,5,1.5,1750,1.5,4,1961,premium,,"3,85,000"
5482700100,3,3.25,2170,1.5,5,1928,low,,"8,76,650"
567000268,3,2.5,1639,2,3,2003,medium,,"4,50,000"
3649100315,4,2.25,2100,1,4,1973,premium,,"4,18,800"
6821102352,2,1,880,2,4,1945,medium,,"3,30,000"
6072300110,3,1.75,1940,1,4,1963,medium,,"5,50,000"
3223049131,4,2.5,2490,1,3,1990,premium,,"2,70,000"
1068000110,3,2.25,2060,2,3,1940,low,,"9,78,500"
2600020100,4,2.5,2720,2,3,1981,low,,"9,75,000"
5422500110,3,2.25,2180,1,3,1973,low,,"4,55,000"
4055700378,4,3.25,3600,2,3,1991,medium,,"14,15,000"
795000820,2,1,840,1,5,1951,premium,,"2,20,000"
925059113,3,2,2370,2,4,1970,low,,"4,90,000"
3275000090,4,2.25,2270,2,3,1978,premium,,"4,20,000"
8946700100,4,2.5,2720,2,3,2003,premium,,"4,08,500"
809002485,3,1.5,1140,1.5,3,1915,medium,,"7,16,000"
5332200405,4,2.5,2460,2,5,1938,medium,,"9,65,000"
1775950100,3,1.5,1240,1,3,1968,low,,"3,57,823"
9808700762,5,4.5,10040,2,3,1940,medium,,"70,62,500"
1133000542,3,2.25,1670,1,3,1977,medium,,"4,25,000"
7905200315,4,1.75,2220,1,4,1953,low,,"7,11,777"
3949600090,3,1,980,1,4,1966,premium,,"3,35,000"
9274201730,4,1.5,1890,1.5,3,1919,low,,"8,25,000"
7883604065,2,1,1100,1.5,4,1900,medium,,"2,10,000"
1158700100,2,1.75,2770,2,3,1983,premium,,"5,75,000"
7237500110,4,2.75,4250,2,3,2003,premium,,"12,08,000"
8682280490,2,2,1370,1,3,2005,premium,,"4,31,500"
224059111,3,1.5,1480,1,3,1959,low,,"4,75,000"
4141800215,4,3.75,3770,2.5,5,1916,medium,,"14,95,000"
1822069097,6,3,2870,2,3,1960,low,,"5,40,000"
1668500100,3,2.5,3820,2,4,1987,medium,,"7,75,000"
1254200615,3,2.5,1530,1,3,1997,medium,,"6,35,000"
7135520300,3,2.75,4120,1,3,1999,premium,,"13,00,000"
1755700090,3,2.25,1590,1,4,1976,premium,,"4,05,000"
2414600195,3,1,1520,1,3,1951,medium,,"2,10,000"
3592500985,4,2.5,2350,2,3,1923,medium,,"8,80,000"
1003600056,4,2,1370,1.5,3,1955,low,,"2,39,000"
9285800755,3,2.5,1540,1,3,1944,low,,"5,15,000"
1269200229,3,3.25,3786,1,3,1978,medium,,"13,79,900"
304100090,4,2.25,1500,2,3,1999,premium,,"2,15,000"
7227800110,6,2,1750,1,4,1943,premium,,"3,15,000"
7507500015,3,1.5,1800,1,3,1957,premium,,"4,42,500"
621069146,2,1.75,1180,1,3,1941,medium,,"3,11,000"
263000164,2,1,830,1,4,1925,medium,,"4,25,000"
263000291,3,1.75,1540,1,4,1919,premium,,"4,33,500"
1566100625,3,2.25,1610,2,3,1978,premium,,"4,50,000"
8861500015,3,2.25,1990,2,4,1987,medium,,"6,75,000"
8961990090,3,2.5,2070,2,3,1999,medium,,"5,35,000"
3584900090,3,1.75,1760,1,4,1967,medium,,"5,77,000"
8902000407,3,1.75,1740,1,4,1939,medium,,"4,80,000"
3026059014,3,1.5,1950,1,4,1914,low,,"4,00,000"
7304300906,3,1,1280,1.5,4,1947,premium,,"3,04,000"
8155820110,3,1.75,1460,1,3,1990,medium,,"3,55,000"
722069232,4,3.25,3770,2,3,1992,medium,,"9,98,000"
1825069031,4,1.75,2410,2,4,1936,premium,,"5,50,000"
1825069031,4,1.75,2410,2,4,1936,premium,,"5,50,000"
3348401584,3,1.75,1400,2,3,1948,medium,,"2,10,000"
8029500100,3,2.5,2100,2,3,1990,medium,,"3,17,000"
7964410100,4,3.5,5360,1,3,1971,low,,"7,00,000"
1457500026,3,1,1000,1,3,1969,premium,,"2,65,000"
7215730590,4,3.5,3150,2,3,2001,medium,,"7,00,000"
7525530100,5,3.5,4180,2,3,1990,premium,,"10,20,000"
1925059194,4,2.25,2840,1,3,1972,premium,,"11,45,000"
5561401110,4,2.5,2110,1,4,1985,low,,"4,60,000"
7173700524,2,1.5,1660,1,3,1950,medium,,"4,10,000"
9828202215,4,3,2160,1,5,1921,medium,,"6,65,000"
4113800300,4,2.5,2420,2,3,1994,premium,,"6,00,000"
6145600855,4,1.75,1920,1,3,1967,premium,,"5,02,000"
2130702350,4,2.5,2310,2,3,1978,premium,,"3,64,950"
8815400735,3,2.25,2330,1.5,5,1927,premium,,"6,80,000"
5152600090,5,2.5,2340,1,2,1967,premium,,"2,35,500"
7852090750,4,2.5,2590,2,3,2001,medium,,"5,76,000"
2488200459,2,3,1410,2,3,2006,low,,"4,05,000"
8035600590,3,2.75,2850,1,4,1989,premium,,"3,35,000"
4438000165,2,1,730,1,3,1953,low,,"1,22,000"
6744700423,3,1.75,1470,1,4,1939,premium,,"4,32,000"
2473002100,4,2.25,2330,1,4,1974,medium,,"3,75,000"
4399200245,4,2.25,2460,1,4,1959,premium,,"2,76,000"
1326059085,3,2.25,2080,1.5,3,1977,low,,"4,50,000"
6324000090,2,1,990,1,1,1910,medium,,"2,10,000"
9542830600,3,2.5,1450,2,3,2011,premium,,"2,79,000"
2767604580,3,1.75,1340,2,5,1900,premium,,"6,35,000"
662310900,3,2.5,2730,2,3,1998,low,,"3,50,000"
1432600100,3,1,1140,1,4,1958,low,,"2,18,000"
8928100025,4,1.5,1950,1.5,3,1944,medium,,"7,50,000"
1221039058,4,1.75,2000,1,4,1958,premium,,"3,10,597"
3840700600,3,1,900,1,4,1923,premium,,"3,55,000"
8691410100,5,2.75,3390,2,3,2004,low,,"7,35,000"
7883607645,1,1,720,1,3,1940,medium,,"1,55,000"
9435300051,3,1,940,1,3,1965,premium,,"3,54,000"
6179900090,3,1.75,1770,1,4,1982,medium,,"4,15,000"
6840700165,1,1,590,1,4,1926,medium,,"2,02,000"
2768301217,3,2.5,1980,2,3,1996,medium,,"5,80,000"
629000615,4,3.25,3070,2,3,1962,medium,,"14,95,000"
7202360600,4,2.5,3500,2,3,2004,premium,,"7,90,000"
7852020590,3,2.5,2100,2,3,1999,premium,,"4,99,900"
2023039160,4,2.25,2620,1,3,1952,premium,,"5,25,000"
2597520090,4,2.5,2810,2,3,1989,medium,,"8,10,000"
8631600025,4,1.5,2290,1,4,1947,low,,"4,25,000"
8100000110,3,1.75,1350,1,3,1993,medium,,"2,41,250"
5151800015,4,2.5,2770,1,4,1961,low,,"3,18,700"
9521101055,4,1.75,2530,1.5,5,1917,premium,,"7,20,000"
2475901105,3,1,1280,1.5,4,1941,premium,,"2,91,000"
1726069202,3,1.75,1060,1,3,1983,medium,,"4,20,000"
3530450100,2,1.75,1000,1,4,1975,low,,"2,10,000"
8941800100,3,3.25,3870,2,3,1991,low,,"6,45,000"
809002215,5,2,3370,1.5,4,1907,premium,,"7,62,000"
6209000165,4,1.75,2290,1,3,1936,low,,"2,47,500"
4178500100,3,2.25,1670,2,4,1990,low,,"2,82,500"
1523069086,3,1.75,1460,1,4,1961,premium,,"3,95,000"
6121000090,3,1.75,1770,1,3,1960,low,,"2,95,000"
3342100785,2,1,820,1,4,1954,medium,,"2,35,000"
6012500100,3,1.75,1900,1,3,1948,medium,,"7,70,000"
8682291720,2,2,1870,1,3,2006,premium,,"5,59,950"
5041300100,4,2,1840,1,4,1942,low,,"6,39,000"
2473101140,3,1,1590,1,4,1967,low,,"3,14,950"
8121100600,3,1,1640,1,4,1946,low,,"5,25,000"
724069059,3,2.25,3000,1.5,3,2001,premium,,"24,00,000"
2755200110,3,1.75,2160,1,4,1960,low,,"8,20,000"
6169901130,3,3,2490,2,4,1911,medium,,"13,85,000"
6385000025,3,2,1290,1,5,1950,premium,,"5,21,450"
509000090,3,2.5,3190,2,3,1988,medium,,"7,60,750"
622059031,4,1,1540,1.5,4,1923,premium,,"7,59,600"
5358300100,3,2,2140,1,4,1966,premium,,"3,46,150"
4459800100,2,1,980,1,3,1926,premium,,"3,90,000"
2473371780,5,2.25,2450,2,3,1973,medium,,"3,59,950"
9393700110,3,2,1360,1.5,4,1924,premium,,"4,30,000"
8691360490,4,3.5,4610,2,3,2000,medium,,"9,60,000"
9175600025,7,6.75,7480,2,3,1953,medium,,"8,00,000"
7605800090,3,2.5,2860,2,3,1999,medium,,"10,10,000"
7334500090,3,2,1810,1,3,1970,premium,,"2,90,000"
8964800930,4,2,2240,1,5,1948,low,,"13,50,000"
2260800110,3,3.25,3610,2,3,2003,low,,"7,77,000"
7550800945,2,1,1450,1.5,4,1921,low,,"5,26,000"
1972205338,3,3.5,1450,2,3,2007,low,,"5,50,000"
2946000590,3,1.5,1820,1,4,1958,medium,,"2,76,000"
5700003585,5,3.25,5620,2,4,1916,premium,,"25,00,000"
7129302235,3,1.75,2080,1,3,1950,medium,,"3,25,000"
3278602490,3,2.5,1780,3,3,2007,low,,"3,65,000"
685000115,8,6,4340,2,3,1967,premium,,"21,50,000"
3423600025,4,3.25,2860,2,3,1925,low,,"8,25,050"
7173700518,3,1.5,2540,1,3,1959,medium,,"6,90,000"
3277801450,4,1,1140,1.5,3,1958,medium,,"3,90,000"
1862400518,3,2,1320,3,3,1995,premium,,"3,85,000"
8078350090,3,2.5,2040,2,3,1987,premium,,"6,19,000"
1423089118,4,2.25,1790,1,3,1983,low,,"4,94,000"
7980900011,3,2,1910,1,3,1955,low,,"4,12,450"
5309100750,3,1.75,1460,2,3,1928,low,,"5,80,000"
322059097,3,1.5,1420,1,5,1957,low,,"2,69,900"
9834200165,4,1.5,1790,1.5,5,1928,low,,"7,04,300"
2420069201,3,2,1390,2,3,2005,premium,,"2,67,000"
4167300300,4,1.75,1880,1,3,1976,medium,,"3,10,000"
1105000745,3,1.5,1570,2,3,1908,premium,,"2,27,064"
8927600100,3,2.5,2690,2,5,1943,low,,"9,25,000"
8078490090,3,1.75,1670,1,3,1992,low,,"2,45,000"
1736100090,3,1,1040,1,3,1969,medium,,"3,39,888"
3876200100,4,2,1560,1,4,1968,low,,"4,39,000"
6844702290,2,1,1470,1,2,1940,low,,"4,00,000"
4022906430,3,2.25,2070,1.5,3,1955,premium,,"5,60,000"
5040800015,2,1,1370,1,3,1941,medium,,"7,03,011"
9297301055,2,1,1120,1,3,1926,medium,,"3,63,000"
318500300,4,2.75,2640,2,3,2001,low,,"6,50,000"
1839910300,3,1,1030,1,4,1972,medium,,"2,99,950"
1446400785,3,1,1120,1,3,1942,premium,,"2,28,950"
4036800015,4,1.75,1730,1,3,1956,premium,,"4,65,000"
8965500900,3,2.5,2090,2,3,1983,medium,,"7,25,000"
3751603173,3,1,920,1,4,1977,low,,"2,12,500"
3423059140,4,2.25,2970,2,3,1983,medium,,"5,26,000"
114101055,3,2.5,1720,2,3,1993,medium,,"3,83,000"
2475200590,3,1.75,1460,1,3,1988,medium,,"2,44,000"
3856905010,3,1.5,1540,1.5,5,1930,low,,"5,65,000"
7226500100,8,3,2850,1,3,1959,premium,,"3,73,000"
3580900090,3,2,1310,1,3,1962,low,,"3,00,000"
9558000100,5,2.5,2430,2,3,2001,medium,,"4,05,000"
1872900076,3,1.5,1700,1,4,1954,premium,,"9,79,000"
1221059112,4,1.75,2160,2,4,1978,premium,,"3,24,888"
2877102495,3,1.5,860,1,3,1929,medium,,"4,45,000"
4400200057,3,3.5,2050,2,3,2006,medium,,"7,61,000"
1049010300,4,2,1650,1,3,1972,premium,,"4,35,000"
6802210090,3,2.25,1570,1,3,1991,premium,,"2,52,000"
726049232,3,1.75,1660,1.5,3,1957,medium,,"3,50,000"
3262300940,3,1,1220,1,4,1955,low,,"8,75,000"
3262300940,3,1,1220,1,4,1955,premium,,"9,40,000"
1214700090,3,2,1780,1,3,1964,medium,,"2,80,000"
8564950300,3,2.5,2180,2,3,2004,medium,,"4,50,000"
3321069006,3,2.5,3520,2.5,3,2004,premium,,"9,05,000"
3751601501,3,2.5,2220,2,3,1998,premium,,"3,82,450"
1156000100,3,2,1610,1,4,1967,medium,,"2,46,700"
3972900735,3,1.5,1070,1,3,1956,premium,,"2,20,000"
6888900115,3,1,1060,1,2,1913,medium,,"5,55,750"
3031200165,3,1.5,1160,1,3,1962,premium,,"2,62,500"
5683000033,2,1,910,1,3,1949,low,,"5,15,000"
7230000265,3,2.5,2970,2,3,1998,premium,,"4,99,500"
985001015,1,1,790,1,3,1942,medium,,"1,35,000"
2815600215,2,2,1540,2,3,1948,premium,,"4,62,500"
3585900090,4,2.5,3130,1,3,1956,low,,"9,37,500"
5101407370,3,1.5,1470,1,3,1941,premium,,"4,58,000"
871001105,4,2.75,3160,1.5,3,1933,low,,"8,45,000"
424069233,3,2.25,2675,2,3,1984,premium,,"6,60,000"
3830630090,3,2,1340,1,4,1987,premium,,"2,65,000"
1997200215,9,4.5,3830,2.5,3,1938,medium,,"5,99,999"
1898310110,3,2.5,1800,2,3,1987,medium,,"2,80,000"
3407700047,3,3.25,2990,2,4,1974,low,,"10,55,000"
9542100165,4,3,3720,1,4,1960,premium,,"8,75,000"
7140800100,3,1,920,1,4,1961,medium,,"1,25,000"
7202340930,4,3,3280,2,3,2005,premium,,"6,34,800"
9262800057,4,1,1440,1,2,1964,medium,,"2,69,950"
1159100100,3,2.25,1940,1,4,1981,low,,"3,59,950"
7230900100,3,1.75,1590,1,4,1979,premium,,"4,17,000"
8682301910,2,2,1340,1,3,2007,low,,"3,89,000"
7701450110,4,2.5,3770,2,3,1997,low,,"10,38,000"
1725059209,6,2.5,2680,1,5,1967,medium,,"6,98,000"
4025300195,4,2.5,2820,2,3,2008,medium,,"6,85,000"
985000900,3,1.75,1520,1,3,1932,premium,,"1,98,500"
7140700850,4,2.5,2560,2,3,2012,premium,,"3,50,000"
522079067,3,2.5,3310,1,3,1919,premium,,"6,49,950"
1387300940,3,1.5,1540,1,3,1968,premium,,"4,41,000"
8562700090,3,1.75,1430,1,4,1964,low,,"4,62,600"
2122059236,4,2.5,2506,2,3,2006,low,,"3,65,070"
514500090,4,2,2250,1,5,1956,low,,"5,50,000"
5680001095,5,1.75,2740,1,4,1945,medium,,"4,70,000"
2475900855,3,1.75,1540,1,3,1977,medium,,"3,40,000"
8669400100,4,2.75,4190,1,4,1965,premium,,"9,10,000"
3824100051,4,1.75,1690,1,3,1979,low,,"4,05,000"
952004875,4,2.25,1990,1.5,4,1932,premium,,"6,61,000"
9522350090,4,2.5,2410,2,3,1993,medium,,"6,35,000"
1787600252,2,1,1150,1,3,1948,medium,,"2,82,000"
7148000315,4,1.75,1720,2,3,1956,premium,,"2,35,000"
2180001080,3,2,1260,2,4,1981,premium,,"2,77,500"
1328330590,5,2.5,2020,1,4,1978,medium,,"3,46,500"
34001304,5,2.25,2240,1,3,1959,premium,,"4,80,000"
1558500100,4,2.25,1930,2,3,1996,medium,,"3,60,000"
2887950110,3,2.5,1820,1,3,1994,low,,"2,45,000"
6852700412,3,3.5,1560,2,3,1995,low,,"6,25,000"
1798000100,5,3,2170,1.5,4,1911,premium,,"7,50,500"
9516500100,3,1.75,1600,1,3,1977,low,,"5,25,000"
203400090,4,3.5,3760,2,3,1998,premium,,"7,40,000"
4036800805,3,1.5,1240,1,4,1957,low,,"5,23,000"
7129302615,3,1.75,1090,1.5,5,1929,medium,,"2,92,000"
7278700100,4,2.5,2740,1,3,1961,low,,"6,25,000"
7852070090,3,2.5,3110,2,3,2002,medium,,"7,00,000"
1250200552,3,2.5,1610,2,3,2007,premium,,"3,99,950"
9126100608,4,3.5,1880,3,3,2007,low,,"5,45,000"
396100025,4,2,1740,1,5,1954,medium,,"3,39,999"
9184700600,4,2.25,3270,2,5,1909,medium,,"12,10,000"
4221250090,3,2.5,1990,2,3,2003,low,,"5,45,000"
8731901810,4,1.75,1960,1,4,1967,low,,"2,60,000"
7977201707,3,1.75,1680,1,3,1992,premium,,"5,26,000"
3260350090,4,3,2910,2,3,2003,medium,,"7,01,000"
7399300850,3,2.25,1500,1,4,1968,medium,,"2,90,000"
461002551,1,1,580,1,3,1908,premium,,"3,30,600"
9158100090,3,1.75,2540,1,3,1949,low,,"5,50,500"
9358002305,2,1,950,1,3,1949,low,,"4,30,000"
6447300265,4,5.5,7080,2,3,2008,medium,,"40,00,000"
2235000015,2,1,810,1,3,1928,premium,,"2,60,600"
9523104345,5,3,4080,2,4,1961,low,,"8,25,000"
6139100056,4,2,1820,1,5,1956,premium,,"3,78,950"
808300090,4,2.5,2650,2,3,2000,premium,,"4,35,000"
8077100031,3,2.25,1670,2,3,2015,premium,,"6,31,000"
1402650110,3,2.5,2480,2,3,1986,low,,"4,15,000"
7985000100,3,1.75,1240,1,3,1967,premium,,"2,22,000"
1796350690,3,2,1390,1,3,1987,premium,,"2,45,000"
7504110110,3,2.5,2880,2,4,1985,medium,,"7,20,000"
4324500490,3,1,1060,1,4,1960,medium,,"2,15,000"
1257202120,2,1,1070,1,3,1924,premium,,"5,79,100"
3987700115,4,1.75,1640,1.5,4,1943,premium,,"5,22,500"
9137101353,3,2,1510,1,4,1972,premium,,"4,89,000"
3298701066,3,1,1230,1.5,4,1925,medium,,"2,40,000"
8682290100,3,2,1510,1,3,2007,low,,"4,20,250"
4055700778,4,2.5,3180,2,3,1967,medium,,"5,23,000"
438000025,4,2,2260,1,3,1958,premium,,"6,28,000"
2474400300,4,2.5,1920,2,4,1990,medium,,"3,20,000"
87000283,3,2.5,1980,2,3,1999,low,,"3,59,950"
2946001645,2,1,1200,1,4,1958,low,,"2,32,000"
9294300495,4,2.25,2020,1,4,1961,premium,,"8,10,000"
492000475,4,1.5,2010,1.5,4,1921,medium,,"2,45,000"
3876540600,3,2.25,1930,1,3,1984,medium,,"2,73,000"
4122500100,5,2.5,2710,1,3,1959,low,,"11,91,000"
2461900945,5,1,1950,1.5,4,1917,medium,,"4,38,000"
7221400495,3,1.75,2110,1,4,1959,medium,,"4,00,000"
2349300090,3,1,1250,1,4,1951,medium,,"3,40,000"
9523100459,2,2.5,1380,3,3,2006,medium,,"5,52,000"
3856904580,3,1.75,2050,2,3,1991,medium,,"7,90,000"
7345600755,3,1.5,1800,2,3,1931,medium,,"3,60,000"
798000457,3,1,1310,1,3,1934,low,,"2,35,000"
7986400945,2,1,1010,1,3,1913,low,,"7,75,000"
395300100,3,2.75,1850,1.5,5,1965,low,,"4,89,200"
2473510090,3,2.25,1750,2,4,1977,medium,,"3,41,000"
1329300300,4,2.5,2154,2,3,2012,premium,,"3,35,000"
952007069,3,1.75,1230,2,3,2004,medium,,"3,93,500"
8073000265,3,2,1960,1,4,1940,low,,"3,60,000"
952004745,4,1,1070,1,3,1923,premium,,"4,00,800"
1376800115,3,1,1450,1,3,1939,medium,,"5,85,000"
6613000750,4,2.75,3680,2,3,1936,premium,,"16,00,000"
2303900090,4,2.5,5760,2,4,1994,medium,,"28,80,500"
6713700025,3,1,1220,1,4,1955,low,,"3,00,000"
4083304535,4,2.75,2950,2,5,1912,low,,"10,45,000"
3626039403,3,1.5,1340,2,3,1999,medium,,"3,60,000"
254000100,4,2.25,2870,2,4,1926,low,,"6,65,900"
2724049076,4,1,2590,1.5,4,1911,low,,"4,70,000"
8562500690,4,1.75,2090,1,4,1963,medium,,"5,81,000"
3834500195,6,3.5,3000,1,3,1979,medium,,"5,27,000"
2207100405,4,1.75,1730,1,4,1955,low,,"4,23,000"
9482700475,4,3.5,2850,1.5,3,1926,low,,"8,75,000"
7905200386,3,1,1020,1,3,1951,low,,"4,10,000"
8680500090,3,2.5,2200,2,3,1997,premium,,"6,06,000"
3424089119,3,2.5,3240,2,3,1997,medium,,"6,54,000"
1437500015,3,0.75,490,1.5,4,1959,premium,,"1,50,000"
3298700110,3,2.5,2990,1,3,2003,medium,,"3,73,000"
6300000337,5,2,2450,1,4,1900,low,,"5,50,000"
8561200110,3,2.5,1900,2,3,1990,medium,,"5,12,500"
2781250110,4,2.5,2640,2,3,2003,premium,,"3,60,000"
4442800008,3,2,1340,3,3,1997,medium,,"3,69,000"
2619920110,4,2.5,3220,2,3,2003,premium,,"8,25,000"
7334501130,3,2,930,1,3,1978,low,,"2,55,000"
9471200115,4,2.5,3240,1,3,1946,low,,"12,85,000"
2597500090,5,2.5,2630,1.5,4,1968,low,,"2,70,000"
8665050490,3,2.5,1730,2,3,1996,medium,,"4,80,680"
1736800740,4,1.75,2120,1,3,1965,low,,"5,25,000"
6163901751,3,1,880,1.5,5,1946,premium,,"2,91,500"
2323059184,4,2,1800,1,4,1974,low,,"3,05,000"
7349650490,3,1.75,1600,1,3,1998,low,,"2,85,000"
1025039086,3,2.5,3280,2,3,1925,low,,"18,75,000"
274100090,5,1.75,3290,1,3,1968,premium,,"3,29,500"
3342104046,4,2.25,2890,3,3,1984,premium,,"15,70,000"
7893801862,3,2.5,1730,1,3,1991,premium,,"3,79,260"
7852060490,3,2.5,1590,2,3,2000,medium,,"3,56,000"
7923300115,4,1.75,1710,1,4,1956,medium,,"5,71,900"
2868300115,3,1.75,1995,2,3,1957,low,,"2,71,500"
9477001270,3,1.75,1300,1,4,1967,premium,,"3,90,000"
522069119,3,2.5,2720,1,3,1985,premium,,"5,50,000"
2025049175,2,2.5,1360,2,3,1999,premium,,"7,55,000"
2771604226,2,2.5,1590,2,3,1994,medium,,"5,09,500"
2917200615,2,1,1200,1,3,1942,premium,,"4,86,700"
9551201295,2,1,1170,1.5,3,1910,premium,,"5,27,500"
7443000985,5,2.5,2010,1.5,3,1912,low,,"4,75,000"
3395041194,3,2.75,1880,2,3,2001,low,,"2,68,000"
1024069162,3,2,3250,2,4,1978,medium,,"5,62,000"
5452800735,4,2.5,2270,1,4,1975,premium,,"7,80,000"
2902200015,9,3,3680,2,3,1908,premium,,"7,00,000"
1698900195,3,2,1880,1,4,1931,premium,,"7,10,000"
442000015,3,1,1050,1,4,1947,medium,,"4,45,000"
222069058,3,3.25,2250,1,3,2005,premium,,"7,29,000"
2926049449,3,3.25,1689,3,3,2008,low,,"3,84,400"
6071800100,6,3,2860,1,3,1962,low,,"8,15,000"
4003000110,4,2.5,2710,3,4,1990,medium,,"8,65,000"
925059198,3,2,1770,1,4,1967,medium,,"5,14,000"
6072700110,4,2.75,2820,1,3,1965,medium,,"6,15,000"
1926069143,4,3.25,3400,1,4,1980,premium,,"8,65,000"
2871000300,4,2.5,3110,2,3,2004,low,,"7,55,000"
6163900301,4,1,1480,1,3,1953,low,,"4,25,000"
4318200090,2,1,940,1,3,1910,medium,,"3,75,000"
9526600090,4,2.5,2680,2,3,2009,low,,"7,50,000"
629420100,4,2.75,3190,2,3,2005,low,,"7,22,000"
6905200215,3,2.5,1920,2,3,1949,medium,,"10,11,000"
7202430110,3,2.5,2610,2,3,1996,premium,,"7,25,000"
87000245,3,0.75,1040,1,2,1947,premium,,"1,70,000"
6667400090,4,3.25,2880,1,3,1982,premium,,"8,45,000"
6802200100,3,2,1450,2,4,1991,medium,,"2,71,900"
913000315,6,4.5,3902,3,4,1977,medium,,"13,00,000"
8732030490,4,2.5,2460,1,3,1977,low,,"2,61,500"
3629920600,3,2.5,2170,2,3,2003,medium,,"6,19,500"
1524079156,5,2.25,1970,1,3,1986,medium,,"4,35,000"
6450301690,3,1,1000,1,3,1954,premium,,"2,10,000"
5309101050,3,2,1580,1,4,1909,medium,,"4,89,950"
8857600820,4,1.5,2130,1,3,1962,premium,,"2,60,000"
3500100025,4,1,1370,1,3,1949,premium,,"3,00,000"
5152100110,4,2,2150,1,3,1966,premium,,"5,30,000"
3298600850,3,1.75,1370,1,4,1977,premium,,"2,35,000"
3856902250,3,1,1370,2,4,1918,medium,,"5,93,500"
8887001140,3,3,3290,2,4,1975,low,,"5,62,000"
2621069066,3,2,3190,2,3,1994,premium,,"5,85,000"
251620090,4,3.25,4140,1,3,1977,medium,,"24,00,000"
3546000090,3,1.75,1690,1,3,1986,low,,"1,99,500"
3359500755,5,1,1690,1.5,3,1914,medium,,"5,44,500"
3579800485,3,1,1430,1,3,1962,medium,,"3,94,900"
2919201335,4,3.75,1980,2,3,2009,low,,"9,12,000"
1796370930,3,2.5,1490,2,4,1990,premium,,"2,60,000"
3864000090,5,3,3620,1,5,1964,low,,"8,58,000"
8651100110,4,2.5,2720,1,5,1963,premium,,"12,75,000"
8731730590,4,1.75,1490,1,4,1970,premium,,"2,42,150"
1761100300,3,1.75,1230,1,3,1986,low,,"2,20,000"
9542800820,3,2,1900,1,4,1977,medium,,"2,35,000"
2644900110,3,1.75,1530,1,4,1978,low,,"3,70,000"
1626069198,3,1.75,2290,1,3,1981,medium,,"4,50,000"
5101408593,5,1.5,2240,1,3,1956,low,,"5,34,950"
7853270100,4,2.5,3470,2,3,2005,medium,,"7,30,000"
3308030100,4,2.5,3050,1,4,1983,premium,,"4,65,000"
1330280100,3,1,1100,1,4,1955,low,,"1,78,000"
2212200090,3,1,1610,1,3,1976,low,,"2,15,000"
9264921140,3,2.75,1910,1,3,1984,medium,,"3,00,000"
8902000068,3,2,1510,1,3,1973,premium,,"4,30,000"
7338000850,3,1.5,1280,2,4,1985,medium,,"1,83,000"
2770600853,3,2.5,1910,2.5,3,2007,low,,"5,85,000"
4239400740,3,1,1170,2,4,1969,premium,,"1,92,950"
6184700100,2,1,1550,1,3,1930,medium,,"5,99,000"
3157600615,3,1,1060,1,4,1968,medium,,"3,26,500"
6145601810,2,1,1040,1,3,1944,medium,,"3,58,803"
1235700042,3,2.5,1550,2,5,1999,medium,,"5,37,000"
7781600025,3,2.5,2490,1,4,1961,low,,"11,55,000"
7116500705,2,1,920,1,4,1950,premium,,"1,56,000"
2320069206,3,1,1250,1.5,5,1939,premium,,"2,19,000"
1794501390,3,1.5,2540,2,4,1922,premium,,"11,90,000"
2122059160,5,1.75,2190,1,3,1978,medium,,"2,48,000"
2421069039,3,1.75,1340,1,4,1987,low,,"3,40,000"
5452800495,5,2.5,2410,1,4,1975,premium,,"8,99,100"
4024100961,3,1.75,1830,1,3,1963,medium,,"3,46,950"
7857001560,3,1,1850,2,3,1928,medium,,"3,30,000"
9540100025,3,1,1410,1,3,1954,premium,,"3,25,000"
2473410740,3,1.75,1460,1,3,1975,premium,,"3,15,000"
2770604365,3,2.5,1500,2,3,2014,medium,,"6,49,950"
173000025,3,1,1130,1.5,4,1942,medium,,"3,16,000"
7853340490,2,2.5,1620,2,3,2008,medium,,"3,86,000"
239000115,2,1.75,2330,1,3,1982,premium,,"5,35,000"
9528101032,3,3,1520,3,3,2003,premium,,"6,00,000"
5416100110,4,2.5,2840,2,3,2001,low,,"3,39,000"
4331000265,3,2,1520,1,3,1949,premium,,"1,67,000"
5249803885,3,1,1740,1,3,1952,low,,"4,30,000"
7853301390,4,4,4000,2,3,2007,premium,,"6,88,000"
1376800025,3,2.25,2780,1,4,1948,low,,"8,34,500"
7639900025,4,4.25,3500,1,5,1951,premium,,"10,75,000"
2822059262,3,1,1060,1,3,1960,medium,,"2,50,000"
8113100850,3,1,1290,1.5,3,1926,premium,,"4,02,500"
565300110,3,2.5,2390,1,3,1978,medium,,"4,32,500"
1887000100,5,1.75,2460,1,3,1972,premium,,"4,85,000"
8731990090,4,2.75,2930,1,4,1978,medium,,"5,60,000"
3432500705,4,2.25,2200,2,3,1990,premium,,"4,10,000"
1015500300,3,2.5,1870,1,3,1980,premium,,"4,55,000"
3972300100,4,2.5,2060,1,4,1975,premium,,"4,59,500"
3876300600,4,1.75,1610,1,3,1968,premium,,"3,71,000"
2111010940,3,2.25,2120,2,3,2002,medium,,"2,89,500"
2771102158,3,3.5,1450,2,3,2007,low,,"3,95,000"
1498304065,2,1,1980,1,4,1923,low,,"4,96,752"
6150200375,2,1,860,1,3,1943,low,,"2,27,000"
3343901340,3,1.75,1460,1,3,1985,medium,,"3,30,000"
4037800015,5,2,2590,1,4,1958,medium,,"4,80,000"
1626079066,2,1,1120,1,3,1976,low,,"2,90,000"
6200017,3,1,1340,1.5,4,1945,premium,,"2,81,000"
5249805090,4,1.5,1780,1.5,3,1926,medium,,"7,05,000"
4217401055,4,2.5,2920,1.5,5,1909,low,,"14,00,000"
7738500475,4,3.25,2820,1,3,1958,premium,,"4,85,000"
2767603250,3,2.25,1550,3,3,2003,medium,,"6,22,000"
2620069113,3,2.25,1600,1,4,1958,premium,,"3,80,000"
3760500336,4,2.75,3190,2,4,1982,medium,,"21,25,000"
5101404563,3,1.75,1960,1,4,1939,medium,,"5,61,500"
9407000600,3,1,970,1,3,1972,medium,,"2,42,000"
9353300600,3,1.5,1360,1,4,1966,medium,,"3,48,500"
9353300600,3,1.5,1360,1,4,1966,low,,"3,70,000"
993000090,6,3.75,3810,2,4,1977,premium,,"7,52,000"
1796361140,3,1.75,1340,1,3,1985,premium,,"2,30,000"
1112000031,3,2.25,1990,3,3,2012,low,,"7,15,000"
2822049160,3,1.75,1120,1,3,1968,medium,,"2,40,415"
3856904560,4,1.75,2060,1.5,3,1922,premium,,"5,62,000"
2492200956,3,1.5,1170,1,5,1917,low,,"3,60,000"
2770604079,3,2.5,1610,2,3,2014,premium,,"6,59,950"
2719100042,3,2,1890,2,3,2012,low,,"4,58,500"
7899800864,2,2,1070,2,3,2008,low,,"2,59,950"
9485750110,3,1.75,1680,1,3,1989,premium,,"3,66,000"
2024059058,4,2.75,2890,2,3,2014,low,,"9,78,000"
7977201865,2,1,1360,1,3,1947,premium,,"5,25,000"
4232900940,3,1.5,1660,2,3,1907,premium,,"9,26,300"
3364900375,2,1,1620,1,3,1951,low,,"7,50,000"
4151800375,2,1,960,1,4,1942,medium,,"6,60,000"
2610100015,4,1.75,1000,1.5,4,1947,medium,,"3,05,000"
8682230590,2,2.5,2395,1,3,2003,medium,,"8,00,000"
3876100940,4,1.75,3050,1,3,1966,low,,"6,00,000"
1221079058,2,1,1120,1.5,4,1972,premium,,"4,35,000"
2770605550,4,3.25,2960,2,3,2007,medium,,"11,35,000"
4468400214,3,2.25,1250,3,3,2008,premium,,"3,18,000"
2767705010,4,2,1940,1,4,1910,low,,"6,39,000"
5422560930,3,2.5,1750,2,3,1977,low,,"4,53,000"
824059211,4,1.75,2150,1,4,1955,premium,,"8,00,000"
6825100015,2,1.75,1500,1,4,1942,medium,,"4,37,000"
4166600115,3,2.75,3230,2,3,1925,premium,,"11,50,000"
3574801500,4,2.5,3000,2,3,1985,premium,,"4,90,000"
9477001140,4,1.75,1520,1,4,1967,low,,"4,99,950"
3384300100,3,1.5,1190,1,3,1968,premium,,"1,60,134"
6123600100,3,1,990,1,3,1953,low,,"1,91,000"
1311300100,3,1,1250,1,3,1965,medium,,"2,21,000"
3812400854,4,2,2080,1,3,1960,low,,"3,52,800"
1326069188,3,2.5,1640,2,3,1988,medium,,"3,50,000"
3131201865,4,1.5,1550,1.5,3,1918,medium,,"4,58,000"
321059059,3,1,1290,1,4,1960,premium,,"3,59,950"
223039330,3,3,3250,2,3,2004,low,,"10,50,000"
7857000900,3,1.75,1260,1,5,1942,premium,,"3,53,000"
8109800110,3,3.5,2840,3,3,2006,premium,,"7,17,550"
5422560900,3,2.25,1960,2,4,1977,medium,,"4,50,000"
3332000195,3,1,760,1,2,1903,premium,,"1,67,500"
2423029245,3,1.75,2240,2,5,1976,premium,,"5,50,000"
8651600110,4,2.25,2240,2,4,1970,medium,,"9,39,000"
7902200015,3,1.75,1820,1,3,1948,low,,"7,00,000"
3523089019,4,3.5,3370,2,3,2005,premium,,"4,80,000"
8827900015,3,1,1160,1,4,1929,low,,"5,01,000"
9237800100,3,2.25,1640,1,3,1987,low,,"5,80,000"
2724089019,1,0.75,820,1,3,1999,premium,,"5,27,550"
5416501030,4,2.5,2800,2,3,2005,premium,,"3,99,000"
7211402305,3,1.75,1780,1.5,3,1957,premium,,"2,40,000"
1221059176,4,2.75,2200,1,3,1989,medium,,"3,53,000"
7549802600,4,2,1480,1,5,1910,medium,,"3,35,000"
4112100165,3,3,2010,2,3,2001,medium,,"4,75,000"
7518506595,3,2,2880,1.5,4,1926,premium,,"6,60,000"
2767602490,3,1,940,1,5,1900,premium,,"5,51,000"
3821000100,4,1.75,1620,1,3,1968,premium,,"2,49,950"
524069019,4,3.25,4400,2,3,1988,premium,,"11,50,000"
1492800296,3,1.75,1530,1,3,1955,premium,,"5,75,000"
7855900110,4,2.75,3460,1,4,1974,medium,,"10,88,890"
7853290090,4,2.5,2890,2,3,2006,premium,,"5,15,000"
2123049175,3,1.5,1980,1,3,1959,medium,,"2,35,000"
2025049064,3,1,1980,1.5,3,1912,medium,,"7,96,000"
6046401105,2,1.5,1450,1,3,1984,low,,"4,50,000"
3505100756,4,3,4280,1,5,1971,premium,,"20,50,000"
5468730110,4,2.5,1810,2,3,1994,low,,"2,70,000"
5154200015,3,3,2490,2,3,2000,medium,,"17,05,000"
9285800590,3,1,1610,1.5,5,1928,low,,"5,65,000"
4083304190,1,2.5,1820,2,3,1910,low,,"6,80,000"
2470100110,5,5.75,9200,2,3,2001,low,,"55,70,000"
7574910490,4,2.5,3520,2,4,1992,medium,,"8,64,500"
868001030,4,2.25,3740,1,4,1951,premium,,"11,50,000"
8108600464,3,2.25,2150,2,3,1991,medium,,"3,35,000"
3295610490,4,3.25,3526,2,3,1997,medium,,"9,11,000"
5013500110,2,1,1070,1,3,1950,medium,,"4,25,000"
3223069019,3,1,1410,1,3,1949,medium,,"2,99,950"
2725069085,4,2.5,3190,2,3,1999,premium,,"8,64,000"
6821600265,2,1,1270,1,3,1939,low,,"4,25,000"
1471701780,4,1.5,1970,1.5,4,1963,low,,"3,74,950"
9835800750,3,2.25,1640,1,4,1968,premium,,"2,47,000"
8835900015,3,1,1600,1,3,1953,medium,,"4,75,000"
806800110,3,2.5,3020,2,3,2003,premium,,"2,75,000"
826069002,2,1,1350,1,3,1947,premium,,"3,55,000"
2222059064,4,1.75,1870,1,3,1959,premium,,"2,85,000"
7781600100,3,2.75,2730,1.5,3,1963,low,,"13,38,750"
4047200265,2,1,1100,1,3,1980,premium,,"3,25,000"
2125059013,5,3.5,4320,2,4,1997,medium,,"16,70,000"
2011400583,3,2.5,2700,1,4,1959,premium,,"4,02,000"
3526039160,3,3,3700,1,3,2000,premium,,"11,00,000"
8718500495,4,1.75,2190,1,4,1959,premium,,"3,75,000"
3815500165,5,2.75,2840,1,3,1960,premium,,"3,96,000"
5104450690,4,2.75,2610,1,4,1987,premium,,"3,20,000"
7202260300,3,2.5,2630,2,3,2001,medium,,"6,10,000"
1423600300,3,1.5,1090,1,5,1966,medium,,"2,49,950"
1796100015,4,3.5,3090,2,3,1999,medium,,"6,75,000"
3874900090,2,2,1670,1,4,1919,low,,"4,48,000"
4232902615,3,1,1300,2,3,1900,low,,"8,19,000"
3585900495,3,2.5,3670,1,3,1983,medium,,"12,50,000"
3790700110,4,2.5,1700,2,3,1994,low,,"2,25,000"
3626079040,2,3,2560,1,3,2004,medium,,"7,90,000"
2461900375,4,2.5,2770,2,3,1993,low,,"6,85,000"
8651611690,3,3.25,3240,2,3,2001,premium,,"8,12,000"
8682301050,2,2.5,2300,1,3,2007,medium,,"7,05,000"
1858600042,4,3,2483,2,3,2005,premium,,"3,60,000"
2767604252,1,1.5,760,3,3,2006,medium,,"3,44,000"
1954700615,4,1.5,2040,2,3,1903,medium,,"8,25,000"
6844702690,3,1,1200,1,4,1945,premium,,"4,76,500"
2695600195,2,1,960,1,5,1949,premium,,"3,79,500"
426059055,3,1.75,2410,1,3,1980,medium,,"6,20,000"
1769600147,3,3.25,2260,2,3,2000,medium,,"4,77,590"
9268200300,3,1,1910,1,4,1946,medium,,"4,90,000"
3052700855,3,1.5,1500,1.5,4,1927,low,,"4,70,000"
9828702262,3,2.25,1360,2,3,2006,low,,"5,00,000"
1568100386,3,1,1320,1,3,1982,medium,,"3,70,000"
4385700735,2,1.5,1940,1,3,1923,low,,"7,90,000"
3425059206,4,2.5,2650,2,3,1986,premium,,"7,25,000"
6848200018,4,2.75,3040,2,3,1906,premium,,"8,40,000"
3023049256,3,1,1240,1,4,1952,medium,,"3,90,000"
4019301500,3,2.25,2210,1,4,1958,medium,,"5,07,000"
402000115,3,1.75,1540,1,4,1951,low,,"2,63,500"
9206950110,3,2.5,1320,2,3,2004,premium,,"3,69,000"
8106300820,3,2.5,3040,2,3,2008,low,,"5,00,000"
8082400011,2,1,910,1,4,1923,premium,,"5,70,000"
7137960110,4,3,2040,1,3,1994,medium,,"2,84,000"
546000820,2,1,980,1,3,1947,premium,,"4,15,000"
3330500705,3,1,980,1.5,3,1903,low,,"1,97,500"
1454600266,4,3.75,4420,2,3,1962,premium,,"9,25,000"
3335000025,3,2,1570,1,3,1953,premium,,"4,68,000"
1454100056,3,1,1600,1.5,5,1930,medium,,"3,55,000"
5035300090,4,1.75,1830,1,4,1939,medium,,"6,39,000"
7504050090,3,2.5,2820,2,3,1991,premium,,"7,20,000"
408100110,3,1.75,1800,1,5,1950,premium,,"3,81,000"
5701700011,3,4,4380,2,5,1983,low,,"10,50,000"
3629970930,3,3,2980,2,3,2005,low,,"6,70,000"
7017200110,3,1,1690,1,3,1942,medium,,"4,00,000"
4054500590,4,3.5,4040,2,3,1987,low,,"9,10,000"
2126059048,3,1,1250,1,3,1931,medium,,"2,94,000"
984200590,3,1.75,1500,1,2,1968,medium,,"3,15,001"
9353300090,3,2,1630,1,5,1959,low,,"3,60,000"
7600057,3,2,1410,2,4,1902,premium,,"5,20,000"
2919701944,3,1,1140,1,4,1944,premium,,"4,74,000"
7202341110,4,2.5,3280,2,3,2004,medium,,"7,02,000"
1122069019,4,3.5,3490,2,3,2001,medium,,"7,28,000"
1565950090,4,2.5,2020,2,3,1993,medium,,"3,08,000"
1724069059,5,4,4580,3,3,2004,premium,,"20,00,000"
4137000110,3,2.5,2270,2,3,1986,premium,,"3,40,000"
7849200945,2,1.75,1310,1,4,1947,medium,,"3,06,500"
2397101270,3,2,1420,1.5,4,1904,low,,"7,16,000"
2726059100,4,3,2980,2,2,1981,medium,,"9,50,000"
7202331500,5,3,4180,2,3,2003,medium,,"6,73,200"
439000090,4,2.25,1950,1,3,1961,premium,,"5,64,500"
7788000100,4,1.75,1790,1,4,1974,low,,"3,93,000"
8658300315,5,1.75,1400,1,3,1916,low,,"4,25,000"
1723049567,3,1,1320,1,3,1979,low,,"1,50,000"
621069039,4,2.25,1620,1,3,1980,medium,,"3,27,000"
6806300750,4,2.5,3120,2,3,1998,premium,,"4,44,900"
1898900100,4,2.5,2100,2,3,1998,low,,"3,05,000"
2767603931,3,3.25,1370,3,3,2004,premium,,"4,69,000"
6072400820,3,1.75,1520,1,5,1969,medium,,"5,25,000"
1922059396,3,2.5,2410,1,3,1978,premium,,"3,30,000"
8818900300,4,1,1260,1,4,1911,premium,,"6,18,000"
9264910900,4,2.5,2830,1,3,1982,low,,"2,95,500"
3223039013,3,2,2064,2,5,1903,low,,"5,67,035"
5561300750,4,2.25,2640,1,3,1977,medium,,"5,18,000"
9407111220,2,1,1020,1,3,1978,premium,,"3,03,000"
1332200110,4,2.5,2200,2,3,1998,medium,,"3,00,000"
2207200820,3,1.5,1420,1,4,1956,low,,"4,13,107"
3362400615,3,1,1350,1.5,5,1914,medium,,"4,00,000"
3013300017,3,1,1290,1,4,1941,low,,"5,35,000"
1982200015,4,2,1680,1,5,1915,medium,,"5,55,000"
7140700300,3,2.5,2280,2,3,2008,medium,,"3,12,000"
9363600457,3,2.25,1840,1.5,5,1910,low,,"7,85,200"
1245001220,4,2,2040,1,3,1959,premium,,"7,49,000"
723049333,3,1.5,1490,1,3,1957,premium,,"2,85,000"
7853301220,4,2.5,2440,2,3,2007,low,,"4,25,000"
8665900336,3,2,1930,1,3,1958,premium,,"3,60,000"
1591000015,3,1,1200,1,4,1954,medium,,"2,60,000"
7972601270,3,2,1550,1,3,1959,low,,"3,69,000"
1221039156,4,2.5,2180,1,4,1978,medium,,"2,75,000"
993001332,3,2.25,1430,3,3,2005,low,,"4,07,000"
7748000025,2,1.75,1230,1,3,1949,low,,"5,75,000"
7871500485,3,1.5,1670,2,4,1928,medium,,"12,36,000"
1370802540,2,2.5,2720,1,4,1936,medium,,"8,75,000"
1839500115,4,1.5,2220,1,4,1961,medium,,"3,20,000"
4389201064,3,1.5,1520,1,4,1954,premium,,"8,10,000"
1545805820,3,1.75,1590,1,4,1984,medium,,"2,74,000"
273800100,4,1.75,1480,1,3,1959,low,,"2,39,900"
7663700654,4,1.5,1860,1,3,1953,low,,"4,50,000"
3751606513,4,2,1360,1,3,1960,premium,,"2,63,400"
399000025,3,1,1360,1,3,1954,low,,"2,65,000"
7130300785,4,3,2360,1,3,1960,low,,"4,18,000"
3818700123,3,2,2360,2,3,2003,premium,,"3,90,000"
7891600245,3,2,1860,1,3,1909,premium,,"4,30,000"
5556300076,3,2.25,2630,2.5,4,1987,low,,"14,42,500"
3421069118,2,1.75,1280,1,4,1996,premium,,"2,97,000"
7280300042,4,2.25,2330,2,3,1988,low,,"6,50,000"
9368700031,2,1,720,1,3,1950,low,,"1,95,000"
3223069118,3,3.5,3380,2,3,1999,medium,,"5,54,000"
2522029039,3,2,3650,2,4,1991,premium,,"5,50,000"
7977200590,3,1.75,1640,1.5,5,1951,medium,,"7,00,000"
3124089086,4,1,1730,1.5,3,1948,low,,"3,00,000"
1568100215,2,1,1030,1.5,5,1952,medium,,"3,15,000"
5364200649,3,1,1790,1,3,1943,premium,,"6,03,000"
2771601730,2,1,840,1,4,1924,medium,,"5,30,000"
7201800300,3,1.75,1300,1,3,1969,medium,,"3,97,500"
7224500300,3,1,1240,1.5,4,1904,medium,,"2,21,000"
3876312350,4,2.25,2170,1,3,1976,premium,,"4,66,000"
853000261,3,1,1330,2,5,1905,low,,"1,97,500"
7165700110,3,3,1390,2,3,2006,low,,"2,80,000"
5708500208,2,1.5,1240,1,4,1909,medium,,"4,12,000"
5014000215,2,1,880,1,4,1950,medium,,"4,54,000"
2126079014,4,2.25,2540,1,3,1990,low,,"5,40,000"
5595900090,5,1.5,2520,1.5,4,1928,medium,,"2,50,000"
1445500100,5,2.25,2510,1,3,1967,low,,"9,00,000"
4270600025,5,1.75,2020,1,3,1962,medium,,"2,45,000"
3546000490,3,1.75,2060,1,3,1987,low,,"2,90,000"
423049067,2,1,930,1,3,1933,premium,,"1,60,000"
9272201250,2,1.5,2700,1.5,3,1910,premium,,"12,60,000"
3226049184,2,1,1060,1,3,1939,medium,,"3,25,000"
5381000082,2,1,670,1,4,1947,low,,"1,85,000"
475000750,3,2,1750,1,3,1916,low,,"4,77,000"
1900000195,2,1,930,1,2,1942,low,,"1,00,000"
5162100820,4,2.5,2420,1,3,1985,low,,"3,45,000"
6113400047,4,2.25,2410,1,4,1965,premium,,"5,30,000"
7460000015,3,1,1150,1,4,1953,medium,,"2,03,000"
7202340820,4,2.5,2480,2,3,2004,medium,,"5,99,000"
5393601690,4,1,1310,1.5,3,1940,medium,,"3,70,000"
7686203275,3,1,1240,1,4,1954,medium,,"1,40,000"
2490200165,3,1,1150,2,3,1911,premium,,"5,00,000"
597000195,3,1.75,1460,1,4,1929,premium,,"5,27,200"
5119010090,5,2.75,3060,1,5,1979,medium,,"5,49,900"
1873100490,4,2.5,3520,2,3,2006,low,,"7,60,000"
3336001911,2,1,960,1,4,1951,premium,,"3,19,000"
1922059445,3,2.5,2430,2,3,1997,premium,,"3,62,300"
7203600750,3,2.5,1930,1,4,1973,low,,"4,21,000"
6021503740,3,1,1090,1.5,4,1945,premium,,"6,90,000"
3324069058,3,2.5,2790,1,5,1953,medium,,"6,40,000"
7345310100,4,1.75,1650,1,3,1978,medium,,"2,38,000"
6398000011,3,3,3740,2,3,1991,low,,"7,89,000"
5460600110,6,4,5310,2,3,1967,medium,,"10,50,000"
9478500590,3,2.5,1690,2,3,2008,medium,,"3,02,500"
8645501091,4,1.75,1400,1,3,1963,low,,"2,59,950"
8099800590,3,1.5,1440,1,4,1975,medium,,"4,56,000"
339600090,3,2.5,1360,2,3,1987,medium,,"3,69,950"
3522029031,3,1.75,1726,2,4,1982,low,,"3,63,750"
725079058,3,1.75,2220,1,3,1989,premium,,"5,85,000"
104530110,3,2.5,1850,2,3,1986,low,,"2,68,000"
6852700246,5,2.5,2860,2,4,1910,medium,,"12,00,000"
2124700015,3,1,1120,1,3,1905,medium,,"3,45,000"
8665900291,4,2.5,2340,2,3,1993,premium,,"5,39,000"
8965500820,5,3.25,3760,2,3,1984,low,,"8,51,000"
1024000100,3,2.5,1920,2,3,1997,low,,"9,00,000"
6132600165,3,2.5,3230,2,5,1945,medium,,"8,50,000"
4040800090,3,1.75,1260,1,4,1966,medium,,"3,90,000"
3432500215,3,1.75,1540,1,4,1955,low,,"3,45,000"
3630030110,3,2.5,1700,2,3,2005,premium,,"5,34,500"
9297300740,6,5.25,3600,2,3,1971,medium,,"6,43,500"
3592500866,3,2.75,3150,1.5,4,1925,medium,,"12,06,500"
5019500215,2,1.75,1280,1,4,1929,low,,"4,95,000"
3290800215,2,1,980,1,3,1950,premium,,"5,35,000"
7853230590,4,2.5,2190,2,3,2004,low,,"4,35,000"
1221000490,4,2,2470,2,3,2009,premium,,"3,05,000"
5210200077,4,2.5,2590,2,3,2001,low,,"7,99,000"
3275880100,4,2.5,2580,2,3,1999,premium,,"7,00,000"
2767704345,3,2.25,1270,2,3,2005,premium,,"4,67,000"
1432701380,3,1,1250,1,3,1959,low,,"2,63,000"
1564000740,4,2.5,4660,2,3,2003,premium,,"7,60,000"
8141300300,4,2.5,2019,2,3,2008,low,,"2,93,000"
1388600110,3,2,1490,1,3,1989,low,,"2,45,000"
3523029059,2,1.5,1560,1,2,1949,low,,"1,81,000"
1061500110,3,1,1030,1,4,1962,medium,,"2,40,000"
7555210100,4,2.75,2560,1,4,1975,premium,,"8,80,000"
9407150100,3,2,1460,1,3,1995,premium,,"2,85,000"
6414100721,2,1,770,1,3,1950,medium,,"4,07,500"
4307340490,4,2.5,1960,2,3,2004,low,,"3,25,000"
4022900569,3,1.75,1900,1,3,1978,premium,,"4,05,000"
2114700115,3,2.5,1970,1.5,3,1927,medium,,"2,91,700"
2320069364,3,2.5,2490,2,3,1995,premium,,"3,70,000"
4331400090,3,1.5,1430,1,4,1953,medium,,"2,70,000"
3886902870,4,2.5,2680,1,3,1952,medium,,"8,00,000"
9136102680,3,1.75,1610,1,5,1928,premium,,"6,26,500"
2581900165,4,3.5,4300,2,3,1987,medium,,"11,30,000"
3793501050,4,2.5,3200,2,3,2003,low,,"3,99,950"
619000100,3,1.75,2140,1,4,1958,premium,,"4,19,000"
4178700100,4,2.5,4240,2,3,1989,medium,,"11,60,000"
3225059223,4,3.5,3410,2,3,2008,premium,,"14,05,000"
3885805325,4,2.75,2090,2,5,1967,premium,,"7,10,000"
4151800195,3,1,1410,1,4,1942,medium,,"6,50,000"
1137300690,4,2.5,2820,2,4,1984,premium,,"3,69,900"
203600590,4,2.5,2770,2,3,1997,premium,,"6,41,000"
7745500015,3,1,1400,1,3,1951,medium,,"4,03,000"
1370802600,3,3.25,3620,2,3,2005,premium,,"10,15,000"
5452800645,4,2.5,2260,1,4,1974,low,,"8,65,000"
1324049015,4,2.5,3440,1.5,5,1931,premium,,"24,85,000"
7645900165,4,1,2150,2,4,1926,low,,"8,10,000"
6798100652,3,2.5,1256,3,3,2005,medium,,"3,16,750"
1023079147,4,2.25,2220,2,3,1989,medium,,"6,52,500"
7972601250,6,2.75,2850,1,3,1962,low,,"3,60,000"
421000215,2,1,700,1,4,1953,low,,"2,08,000"
4054520100,4,2.5,3700,2,3,1992,medium,,"8,98,000"
3579700015,4,1.75,1400,1,3,1961,low,,"2,95,000"
9310300215,4,1.75,3130,2,3,1978,premium,,"6,52,500"
3905081800,4,3,2170,2,3,1992,medium,,"5,60,000"
7236100025,3,1,1020,1,4,1957,low,,"2,80,000"
2023049206,3,2.5,1760,1.5,5,1937,low,,"2,89,950"
3223059015,3,2.5,1860,1,3,1978,medium,,"3,97,500"
1726069064,2,1,1140,1,3,1956,medium,,"3,80,000"
1423089162,3,2.5,1670,1,3,1988,medium,,"4,15,900"
8024201503,2,1.75,1710,1,4,1923,medium,,"4,75,000"
859000110,1,1,500,1,1,1928,low,,"1,25,000"
2322059039,3,1,1470,1,3,1958,premium,,"2,38,000"
2023049245,4,1.5,1370,1,3,1953,low,,"2,96,000"
114100745,6,3,3470,1.5,3,1924,low,,"4,75,000"
2391601380,3,2.25,1650,1.5,3,1910,premium,,"3,90,000"
2313900740,3,1,1180,1,3,1940,premium,,"4,25,000"
9521101015,6,3,3110,1.5,5,1921,premium,,"7,25,000"
1036400110,3,2.25,2080,1,4,1973,premium,,"6,05,000"
2572400100,3,1,1600,2,2,1906,medium,,"3,02,000"
6821600300,3,2.25,2380,2,5,1931,medium,,"8,86,000"
9547205225,4,1.75,1630,1,5,1918,low,,"5,40,000"
3876312490,4,2.25,1910,2,3,1975,premium,,"4,35,000"
1591600044,4,3.25,3140,2,3,1992,low,,"4,09,000"
7201800090,3,1,1250,1,3,1975,low,,"4,05,000"
4221270100,3,2.5,1990,2,3,2004,low,,"5,60,200"
2473410690,4,1.75,2110,1,3,1975,medium,,"3,24,000"
7300410110,4,2.5,2490,2,3,1999,low,,"3,90,000"
7224500090,2,1,800,1,3,1938,medium,,"4,14,000"
7852000110,3,2.5,2360,2,3,1998,premium,,"4,41,500"
4302200590,3,2.5,1770,2,3,1992,low,,"3,75,000"
8635750090,4,2.5,2710,2,3,1999,medium,,"6,68,500"
1133000100,5,1.5,1940,1.5,4,1940,low,,"5,40,000"
7631800025,4,3.25,3450,2,4,1960,low,,"10,35,000"
2998800110,4,3.25,3440,2,3,2014,premium,,"13,45,000"
2432000110,4,2.75,2410,1,4,1956,low,,"7,58,000"
824059140,4,2.25,2290,2,3,1978,low,,"9,49,880"
4229400015,3,1,1030,1.5,3,1927,premium,,"5,70,000"
7805450110,4,2.5,2290,2,4,1988,medium,,"7,36,000"
9839301055,3,1.5,1490,1.5,4,1906,premium,,"6,70,000"
9471201110,4,1.75,2370,1,5,1949,medium,,"11,30,000"
1189000645,4,2,1930,1.5,4,1914,medium,,"6,50,000"
6788201015,2,1.75,1600,1,5,1918,medium,,"6,90,000"
425069147,4,2.25,2240,2,3,1988,premium,,"6,10,000"
9268200600,2,1,770,1,5,1924,premium,,"4,13,500"
9201000100,3,2.5,2300,2,3,1968,low,,"7,65,000"
4140930110,4,2.75,3400,2,3,2001,medium,,"8,28,200"
7226000110,2,1,900,1,3,1918,medium,,"2,05,000"
4358700100,3,2.5,1450,1,3,1995,medium,,"4,65,000"
2228900195,4,2.5,2240,2,3,2005,low,,"5,56,000"
3905100740,4,2.5,1780,2,3,1994,medium,,"5,40,000"
3295900490,4,2.5,2320,2,3,2004,medium,,"4,23,000"
7379700051,3,1.75,1590,1,3,1963,low,,"3,75,000"
7348200195,3,1,990,1.5,3,1936,medium,,"1,73,250"
4047200300,3,1.5,2605,1,3,2003,medium,,"5,99,900"
4242900215,5,2.75,2870,1,3,1976,premium,,"6,46,000"
7851980100,5,4.75,5180,2,3,2001,medium,,"10,75,000"
9126101645,4,2,2180,1,3,1900,medium,,"5,58,000"
2695600375,2,1,850,1,3,1949,premium,,"3,54,000"
6648150090,4,4,4050,2,3,1990,premium,,"11,95,000"
1189000245,4,2,2250,1.5,3,1909,low,,"6,70,000"
1169000057,6,4.25,3100,3,3,1978,medium,,"11,25,000"
4013800131,2,1,1747,2.5,4,1948,medium,,"2,67,500"
1787270090,4,2.5,2410,2,3,2002,premium,,"2,99,800"
4037200735,4,1.75,2070,1,4,1958,medium,,"4,30,000"
4083302370,5,1,1860,1.5,3,1921,medium,,"7,75,000"
4319200820,3,1,950,1,3,1944,medium,,"3,33,000"
7663700551,3,2,1060,1,4,1951,premium,,"3,36,000"
6821102350,2,1,880,2,4,1945,premium,,"3,23,000"
723069089,4,2.5,2550,2,3,2001,medium,,"5,75,000"
8165500110,2,2.25,1550,2,3,2008,low,,"3,28,000"
8081900195,3,1,1590,1.5,4,1926,premium,,"5,72,500"
2878601425,3,1.75,1650,1,5,1908,medium,,"6,00,000"
5104512070,4,3,2430,2,3,2003,low,,"4,12,000"
3885802970,3,2.5,1810,1,5,1960,medium,,"8,27,500"
3021049140,4,2.5,2890,2,3,1994,low,,"3,00,000"
5249801720,3,2.5,1280,2,4,1985,low,,"4,15,000"
2025049006,7,2.75,3410,1.5,4,1906,premium,,"7,50,000"
7575700015,3,2.75,2220,2,3,1914,premium,,"8,00,000"
2724049146,3,1,1060,1,3,1954,medium,,"4,20,000"
8074200100,3,1.5,1120,1,4,1957,low,,"2,66,000"
1517900100,4,2.5,2680,2,3,2004,premium,,"4,99,000"
2391602250,4,1.5,1770,2,3,1947,premium,,"4,40,000"
7635801311,3,2,2950,2,4,1918,low,,"4,95,000"
3362401295,2,1.75,1260,1,4,1951,medium,,"6,30,000"
3303230110,3,1.75,1430,1,5,1972,premium,,"4,24,000"
1522600100,4,2.5,2730,2,3,1986,low,,"7,60,000"
6646200090,4,3.5,3270,2,3,1990,low,,"6,50,000"
2522059112,4,1.75,1720,1,5,1960,low,,"2,48,500"
3205100110,3,1.75,1270,1,4,1962,medium,,"3,79,600"
6414100025,4,2.5,3260,1,3,1978,low,,"5,38,000"
3529000930,4,2.5,2050,2,3,1988,premium,,"5,30,000"
4141400100,4,2.25,2050,2,3,1967,medium,,"5,45,000"
9562200090,4,3,3580,1.5,3,1985,low,,"9,25,000"
7399800110,4,2.75,1960,1.5,4,1983,medium,,"5,65,000"
6917700356,2,1,840,1,3,1947,medium,,"4,05,100"
4040800600,3,1.75,1300,1,4,1963,medium,,"5,02,000"
3629920300,3,2.25,1260,2,3,2003,low,,"4,25,000"
8944290090,3,2.25,1650,2,3,1985,premium,,"2,33,500"
8091410930,3,2.5,1710,2,3,1986,premium,,"2,87,000"
3313600266,3,1,1180,1,3,1966,medium,,"1,90,000"
9508850100,3,2.25,2780,2,3,1979,premium,,"6,66,000"
3330501545,2,1,950,1,4,1909,low,,"3,30,000"
31000165,5,3.5,3620,2,3,1958,low,,"14,90,000"
4123810090,3,2.25,2140,2,3,1987,premium,,"3,93,000"
1180500100,4,2.75,1920,1,3,1998,low,,"3,53,000"
7549801140,2,1,750,1,3,1916,premium,,"2,60,000"
7254000100,3,2.5,2060,2,3,2001,medium,,"6,80,000"
644200090,3,2.25,2380,1,4,1963,medium,,"9,21,000"
5101407305,2,1,750,1,3,1949,medium,,"3,19,000"
6817801030,3,1,1160,1,2,1983,premium,,"2,80,000"
7454001280,3,1,1050,1,3,1942,premium,,"2,20,000"
8651440740,3,1.5,1740,1,4,1977,premium,,"2,19,000"
1954430190,4,2.75,2050,1,3,1988,low,,"5,28,000"
4292300010,3,1.75,1980,1,4,1949,low,,"4,05,000"
8929000290,3,2.5,1690,2,3,2014,low,,"3,72,977"
1250201680,4,3.25,2320,1.5,4,1910,low,,"9,34,550"
868001705,3,1.5,2480,2,3,1940,premium,,"14,65,000"
1370801585,4,2.25,2290,2,4,1958,low,,"9,75,000"
7501000130,5,2.5,3180,2,4,1990,medium,,"8,00,866"
4178300130,7,3.5,3470,2,4,1980,low,,"9,50,000"
7550801206,4,3,1540,1.5,5,1902,premium,,"6,24,000"
9201300050,5,2.25,2800,2,3,1963,medium,,"18,50,000"
3816300095,3,1,1050,1,3,1953,low,,"3,10,000"
7399301100,3,1.75,1480,1,4,1968,medium,,"3,15,000"
4151800470,3,2,1010,1,5,1942,premium,,"6,75,000"
7811000020,3,1.75,1660,1,4,1965,low,,"4,90,000"
5166700050,5,2.25,2760,1,3,1958,medium,,"6,00,000"
4045500130,2,1,1040,1,3,1949,low,,"1,54,000"
2927600675,4,1.75,2220,2,4,1964,medium,,"4,80,000"
7686202580,3,1,1270,1,3,1954,low,,"1,96,900"
5690500095,3,3.25,2960,2,3,1989,premium,,"7,35,000"
3876540630,3,2,1330,1,3,1986,premium,,"2,05,500"
8929000170,2,1.75,1210,2,3,2014,low,,"3,57,186"
2621400080,4,2.5,2120,2,3,1998,premium,,"2,75,000"
8154100020,3,1.75,2090,1,4,1948,low,,"2,48,500"
8097000190,3,2.5,2680,2,3,1990,low,,"3,50,000"
2624089181,4,2.75,1790,1,3,1987,premium,,"3,90,000"
8718500275,3,2.75,1950,1,3,1956,medium,,"3,90,000"
3575305495,5,2.25,3740,1.5,4,1979,premium,,"6,60,000"
411100020,3,1.75,1140,1,5,1950,medium,,"3,10,000"
9113200020,3,2.5,2480,2,3,2000,premium,,"7,17,000"
2011400019,5,2.5,2580,1,3,1964,premium,,"2,60,000"
3912000020,3,2,2290,1,4,1960,premium,,"7,45,000"
8078370010,4,2.5,2320,1,4,1975,low,,"4,70,000"
5104650020,3,2.5,2530,2,3,1997,low,,"4,29,000"
7417700664,4,2,1400,1,3,1969,premium,,"2,20,000"
2770604920,3,3,2060,2,3,2007,low,,"4,97,000"
1930300190,3,1,1640,1.5,5,1909,medium,,"7,16,100"
3024079069,4,1,1960,1.5,3,1979,premium,,"3,71,000"
723069049,5,2.75,3000,1,4,1961,premium,,"3,79,000"
2210500019,3,1,1320,1,4,1954,low,,"9,37,500"
3856901435,4,2,1760,1.5,5,1906,low,,"7,20,000"
3948900050,3,3.25,2130,2,5,1924,medium,,"6,16,000"
5412400170,3,2,1390,1,3,1988,low,,"2,59,000"
2856102280,3,1.75,1400,1.5,4,1904,low,,"5,38,000"
3288100290,3,2.75,3230,1.5,4,1966,medium,,"6,05,000"
5145000190,3,1,1110,1,3,1967,medium,,"3,69,950"
6679000170,3,2.5,1670,2,3,2002,premium,,"3,10,000"
9536601045,3,1,1540,1,4,1960,premium,,"2,27,500"
8731981410,4,2.25,2090,1,3,1973,low,,"2,74,000"
3574801350,3,2,1410,1,3,1987,premium,,"4,10,000"
1922069099,3,2,1370,1,5,1964,medium,,"3,54,800"
871001735,4,2.25,1910,1,3,1954,premium,,"6,50,000"
2022059308,3,2,1678,1,3,1994,medium,,"3,53,000"
2525300480,3,1,960,1,4,1977,premium,,"2,24,975"
7979900440,2,1.75,2080,1,3,1951,low,,"6,00,000"
2558660290,3,2.25,1790,1,4,1976,premium,,"4,37,500"
8650300190,3,2.5,2540,2,3,1999,medium,,"5,67,000"
8643000225,5,1.5,1790,2,3,1963,low,,"2,25,000"
1105000233,2,1,940,1,3,1941,medium,,"2,55,000"
9831200500,5,3.75,6810,2.5,3,1922,medium,,"24,79,000"
945000250,2,1,900,1,3,1951,premium,,"3,70,000"
4101410050,4,1.75,1900,1,3,1975,low,,"6,75,000"
1571100130,3,1,1440,1,3,1953,premium,,"2,85,000"
7932000078,3,1.75,2070,1,4,1973,low,,"3,10,000"
2592400170,4,2.5,2240,1,4,1972,premium,,"4,75,000"
2517010630,4,2.5,3320,2,4,2006,premium,,"4,10,000"
6926700225,4,2.25,1950,1,3,1947,medium,,"8,95,000"
8820902905,3,1.5,1240,1,3,1941,low,,"3,75,000"
5104510190,4,2.5,1830,2,3,2003,low,,"3,49,000"
9839301060,3,1.75,1740,1.5,3,1903,premium,,"6,50,500"
2425700005,3,1.75,1410,1,4,1950,premium,,"7,60,000"
9276201190,4,2.75,2050,1,4,1986,medium,,"4,80,000"
8644210050,4,2.75,3220,2,3,1993,medium,,"6,89,000"
2741100280,3,1.75,1960,1,5,1911,medium,,"4,15,000"
2891000680,3,1.75,1070,1,4,1968,low,,"1,95,000"
7366100080,5,2.5,2820,1,4,1967,premium,,"3,18,000"
3211270170,4,3,4060,1,3,1989,low,,"4,04,000"
3330500920,2,1,800,1,4,1925,low,,"3,39,950"
5437820080,3,1,1260,1,3,1979,low,,"2,15,000"
8097000380,3,2.5,2420,2,3,1990,medium,,"3,39,900"
2591010290,1,1.5,810,2,4,1982,premium,,"2,85,000"
1324300380,3,1,1600,1.5,3,1947,medium,,"5,50,000"
3226049478,4,1,1350,1.5,4,1964,premium,,"4,30,000"
7941500170,3,1,970,1,3,1967,premium,,"2,19,000"
7522500005,2,1.5,1780,1,4,1947,medium,,"5,55,000"
1545801630,3,2,1350,1,3,1989,medium,,"2,33,000"
5151600480,3,1.75,1840,1,4,1972,low,,"2,48,000"
2731600080,5,2.25,2550,1,4,1975,low,,"4,54,000"
2804600010,4,2.5,1700,2,3,1931,low,,"9,50,000"
8899210680,3,2.5,2430,2,5,1980,premium,,"3,59,000"
6649300190,5,2,2740,1.5,3,1962,low,,"4,07,500"
1312200080,3,1.5,1560,1,4,1964,medium,,"2,24,000"
1721801025,2,1,1040,1,3,1954,low,,"2,10,000"
7942200050,4,1.75,1820,1,5,1968,medium,,"2,61,000"
9528100963,3,3,1833,3,3,1998,premium,,"7,19,000"
9297301495,3,2.5,2160,2,3,1994,medium,,"4,40,000"
192300020,3,2.75,2100,2,3,1998,premium,,"5,25,000"
9477100170,3,1.5,1370,2,3,1968,premium,,"3,75,000"
6705120280,2,2.5,1414,2,3,1986,low,,"4,28,000"
7203220050,5,3.25,4115,2,3,2014,premium,,"9,88,830"
6858700225,3,1.75,1550,1,4,1949,premium,,"1,99,950"
8712100605,4,2.25,2100,1.5,3,1929,premium,,"8,40,000"
5702380500,3,1.75,1160,1,4,1992,low,,"2,85,000"
6181430280,5,2.5,3597,2,3,2006,medium,,"3,30,000"
7138000170,3,1.5,1230,1,3,1960,low,,"1,47,500"
6669010290,4,2.5,2190,2,5,1978,premium,,"3,20,000"
5706200280,3,1.75,1040,1,4,1967,premium,,"3,82,500"
1338300170,5,4,4690,2,3,1926,premium,,"20,48,000"
8562800250,4,2.25,2270,1,5,1974,premium,,"5,96,000"
109210280,4,2.25,1950,2,4,1979,low,,"2,20,000"
3216900080,3,2.5,1880,2,3,1993,low,,"3,25,000"
629500170,4,2.5,2850,2,3,2001,medium,,"6,79,950"
5272200005,2,1,1160,1,3,1947,low,,"1,75,000"
7205000080,3,1.75,1370,1,4,1966,medium,,"2,68,000"
1117200170,4,3.5,3260,2,3,1997,medium,,"7,15,000"
5561300480,7,2.25,3170,2,3,1969,medium,,"6,00,000"
6896300380,0,1,390,1,2,1953,premium,,"2,28,000"
3293400010,5,2.5,3450,2,3,1992,premium,,"9,50,000"
3421059049,2,1.75,1490,1,3,1983,low,,"4,75,000"
524069049,3,1.5,1460,1,4,1963,premium,,"7,00,000"
1524079093,3,1.75,1300,1,3,1962,premium,,"2,75,000"
1524079093,3,1.75,1300,1,3,1962,low,,"3,69,500"
3832710680,4,2,1540,1,4,1978,medium,,"2,15,000"
686200840,4,2.25,2130,2,4,1964,medium,,"5,93,450"
8682310460,2,1.75,1350,1,3,2008,medium,,"4,98,800"
446000190,5,3.25,2450,2,3,1951,premium,,"8,49,000"
8805900430,4,2.5,1940,2,4,1925,premium,,"11,51,250"
3629921060,5,2.5,2890,2,3,2003,medium,,"8,25,000"
8856890020,3,1.75,1680,1,3,1989,medium,,"2,65,000"
2115510470,4,2.25,1960,1,4,1985,low,,"2,85,000"
1545803890,3,1.75,1590,1,3,1979,premium,,"2,40,000"
3322049126,4,1,1390,1,3,1958,low,,"2,61,000"
6669020500,4,1.75,2440,1,3,1978,low,,"3,30,000"
3832710840,4,2,1850,1,4,1978,premium,,"2,50,000"
7212651950,4,2.5,2800,2,3,1993,medium,,"3,50,000"
1331900020,3,2.5,3780,1.5,3,1986,medium,,"9,30,000"
7140200380,3,2,1910,1,4,1980,premium,,"2,75,000"
7972601235,4,2.25,2460,1,3,1969,premium,,"3,25,000"
2848700585,1,1,810,1,3,1936,premium,,"2,55,000"
6132600380,3,1.5,1900,1,4,1943,premium,,"5,62,200"
2424059127,2,1.75,3490,1,3,1980,medium,,"9,52,000"
2591830130,3,2.5,2200,1,5,1988,low,,"3,65,000"
1771100130,3,1.5,1190,1,4,1969,medium,,"3,32,900"
8856700190,3,2.25,2040,2,4,1983,low,,"7,21,000"
7852040080,4,2.5,2400,2,3,1999,low,,"4,87,275"
5648600190,3,2.5,1670,2,3,1995,low,,"3,10,000"
4154300275,2,1,990,1,3,1908,premium,,"2,45,000"
5438000280,3,1.75,2920,1,4,1964,medium,,"3,25,000"
9201000480,3,1.75,1840,1,3,1971,medium,,"5,50,000"
1604600660,2,1,910,1.5,4,1906,premium,,"3,50,000"
522069022,5,2.5,2950,2,3,2006,medium,,"5,99,000"
4331400190,3,1.5,1240,1,4,1955,premium,,"2,59,950"
9407150130,4,2.5,1980,2,3,1996,low,,"2,40,000"
2212900470,3,1,1200,1,4,1969,medium,,"1,86,000"
6600220080,3,1.5,1280,1,3,1982,low,,"3,95,000"
9558050020,4,2.5,3150,2,3,2004,medium,,"4,75,000"
8691300420,5,3.5,3500,2,3,1996,low,,"8,15,000"
5450300010,3,1.5,1680,1,4,1951,medium,,"5,72,000"
339600460,3,2.5,1360,2,3,1986,premium,,"4,19,500"
9264910920,3,2.25,2110,1,3,1980,premium,,"2,98,700"
121029034,2,1,2034,1,5,1947,premium,,"5,49,000"
2123049420,3,1.5,1900,1,3,1960,medium,,"2,78,000"
7950302890,4,2,2380,1.5,3,1926,premium,,"4,55,000"
6117500430,5,3.5,4050,1,4,1988,medium,,"9,25,000"
1972200660,2,1.5,1120,3,3,1999,medium,,"4,65,000"
3629830050,4,4,2850,2,3,1999,premium,,"6,20,000"
9257900010,4,2.25,2360,1,3,1963,medium,,"4,99,900"
6072000440,5,3,2540,1,3,1962,premium,,"6,20,000"
6844702630,3,1.75,1160,1,3,1941,low,,"4,50,000"
3630090050,4,3.5,2710,2,3,2007,medium,,"6,90,000"
9809000020,5,2.25,3120,2,4,1969,premium,,"18,95,000"
9809000020,5,2.25,3120,2,4,1969,premium,,"19,40,000"
5021900050,3,2,1870,1,4,1951,medium,,"8,32,500"
1003600080,3,1,1010,1,5,1955,medium,,"2,45,000"
7701960130,3,2.5,2980,1.5,3,1990,medium,,"8,20,000"
2395710020,4,2.75,2420,2,3,2005,low,,"3,69,000"
7203230010,4,3.25,3830,2,3,2014,premium,,"10,50,000"
9830200380,3,3,3040,3,3,1993,medium,,"6,53,000"
9407111100,2,1.75,1460,1,3,1980,medium,,"2,20,650"
9572000080,5,3,1940,1,3,2007,low,,"3,00,000"
3629870420,4,3.5,3780,2,3,2001,low,,"9,70,000"
2459970020,4,2.5,1950,2,3,2004,low,,"3,60,000"
5547700190,3,2.5,2450,2,3,2000,low,,"6,72,500"
421000285,4,1.5,1730,1.5,4,1953,low,,"2,68,000"
3277801640,4,1.5,1690,1.5,3,1929,premium,,"4,40,000"
1250203070,3,2.5,2550,2,3,1981,premium,,"14,00,000"
8077200470,4,2.5,2290,2,3,1986,medium,,"5,90,000"
302000545,4,2.25,2710,1,4,1962,medium,,"3,59,000"
9542801990,4,1.75,1880,1,4,1978,medium,,"2,66,500"
3343901403,4,2.5,2930,2,3,2014,medium,,"6,35,000"
1121059030,3,2.5,3110,2,3,2001,premium,,"5,59,000"
9290850950,4,2.5,3480,2,3,1989,low,,"8,95,000"
1136100006,2,1.5,1110,1,3,1961,premium,,"6,25,000"
7923300285,4,2.25,2440,1,4,1957,medium,,"6,50,000"
1823059028,4,1.75,2280,1,3,1957,medium,,"3,12,500"
8864000440,3,1,900,1,3,1944,premium,,"2,25,000"
9512500680,4,1.75,1980,1,3,1968,low,,"4,25,000"
3421069120,3,2.75,3360,1,4,1988,premium,,"3,29,999"
4376700430,5,2.25,2340,2,3,1973,premium,,"5,72,000"
8562890430,4,2.5,3110,2,3,2002,medium,,"3,86,500"
452002005,2,1,980,1,3,1904,low,,"4,52,000"
7228500094,4,2,1480,1,3,1943,medium,,"2,78,000"
8078700020,3,2.25,1800,1,4,1976,premium,,"4,74,900"
5035300255,2,1.75,2130,1,3,1946,medium,,"4,50,000"
9528104985,2,1,1270,1,3,1900,premium,,"6,11,000"
7237590010,2,2.5,1150,2,3,2004,premium,,"2,14,100"
3158500250,3,2.5,1840,2,3,2012,low,,"3,17,000"
868001402,4,3.5,3180,2,4,1979,medium,,"10,00,000"
5606000233,5,2.75,1510,2,4,1946,premium,,"10,00,000"
5214500660,4,2.5,3070,2,3,2005,medium,,"5,25,000"
3578110020,3,2.25,1800,2,3,1983,low,,"4,36,000"
3578401330,3,1.75,1540,1,3,1983,low,,"4,50,000"
7525000080,3,1.75,2330,1,3,1980,premium,,"5,88,500"
4273000095,4,1.75,1400,1,3,1953,premium,,"3,40,000"
4014400190,4,2.5,2846,1.5,3,2000,medium,,"4,82,000"
8678500020,4,3.5,5830,2,3,2005,premium,,"15,75,000"
6918700130,3,2.5,3380,2,3,1965,medium,,"7,49,000"
2473350470,3,1.5,1440,1,4,1968,low,,"3,30,000"
9274200314,3,2.5,1740,3,3,2008,premium,,"5,68,000"
2938100010,3,1.75,1470,1,4,1957,medium,,"2,39,000"
8564950250,3,2.5,2810,2,3,2003,medium,,"5,28,000"
3438502715,4,3,2090,1,3,1994,medium,,"3,85,000"
280610020,4,3.25,4110,2,4,1979,premium,,"8,25,000"
2487200938,5,3.25,3230,2,3,2002,low,,"8,15,000"
1775500362,4,2.5,2601,2,3,1995,low,,"6,25,000"
2483200010,3,1.75,2070,1,3,1955,medium,,"6,90,000"
4365700130,3,1,1660,1,3,1957,medium,,"2,10,000"
9136101271,4,1,1590,1.5,3,1924,medium,,"5,99,000"
1370804295,3,1.75,1860,1,3,1951,medium,,"8,60,000"
422049178,3,1,1420,1,4,1954,low,,"1,47,200"
9161100795,3,1,1240,1.5,4,1910,premium,,"4,76,900"
5561300380,4,2.5,2500,1,4,1978,premium,,"4,50,000"
1443550020,4,2.5,2640,2,3,1999,premium,,"5,70,000"
9547201155,3,1,1440,1.5,4,1910,medium,,"5,67,500"
3625059120,5,3.25,3030,2,3,1976,medium,,"7,90,000"
644000185,3,1.5,1820,1,4,1952,low,,"8,75,000"
5710500010,3,2,2220,2,3,1980,low,,"4,90,000"
2482410130,3,1.75,2430,1,4,1978,medium,,"3,35,000"
6071900130,3,1.75,1670,1,4,1962,premium,,"5,50,000"
6817800630,3,1.75,1180,1,4,1981,medium,,"3,85,000"
6204400130,3,1.75,1620,1,3,1976,low,,"3,95,000"
9274203190,2,1,1030,1,5,1928,low,,"6,50,000"
293610020,4,2.75,2900,2,3,2007,medium,,"6,37,000"
3583400130,3,2.25,3420,1,3,1963,premium,,"6,92,500"
7230400430,3,1.75,1710,1,4,1964,low,,"3,22,400"
7140600190,3,1.5,1580,1,4,1957,premium,,"2,33,500"
6817801410,3,2,1230,1,3,1984,low,,"4,00,000"
