InvoiceNo,StockCode,Description,Category,Quantity,UnitPrice,InvoiceDate,CustomerID,Age,Gender,Country,SalesRep,ReturnFlag,Total
INV168777,P0139,Product 139  - damaged,Fashon,5,873.93,45145,C004539,60,Female,Austalia,SR014,0,4369.65
INV172125,P0168,Product 168,electronisc,4,625.62,09-03-2023 19:45,C001993,40,Female,USA,SR015,0,2502.48
INV140531,P0135,Product 135,Health,6 units,376.26,45027,C004965,20,Male,Germany,SR006,0,2257.56
INV193354,P0075,Product 75,Home Decor,4,962.97,05-12-2023 01:33,C003444,25,Male,U S A,SR014,0,"$3,851.88 USD"
INV119476,P0012,Product 12,Fashon,9,35.23,25-02-2023 11:19,C002687 ,61,Male,Canada,SR018,0,317.07
INV192207,P0115,Product 115,electronisc,7,188.77,11-01-2023 17:49,C002878,22,Female,Germany,SR004,0,1321.39
INV195056,P0135,Product 135,Health,1,535.69,11-02-2023 00:02,C002507,56,Female,India,SR018,0,535.69
INV107773,P0124,Product 124,Fashon,2,510.98,44932,C004955,46,F,Austalia,SR018,0,1021.96
INV114886,P0177,Product 177,Home Decor,6,670.3,31-03-2023 14:21,C001043,66,Male,UK,SR003,0,4021.8
INV159776,P0071,Product 71,electronisc,9,17.99,22-12-2023 16:50,C003413,56,Female,UK,SR003,0,161.91
INV181408,P0076,Product 76,Electronics,6,729.12,30-05-2023 23:45,1067,35,Female,Untied States,SR018,0,4374.72
INV160884,P0007,,electronisc,5,766.84,02-11-2023 07:39,C003738,24,Male,Inda,SR016,0,3834.2
INV104555,P0093,Product 93,Electronics,8,75.52,26-01-2023 10:38,173,30,Female,Uk,SR012,0,604.16
INV101097,P0176,Product 176,SPORTS,-4,333.45,21-06-2023 19:07,C002407,20,Male,Australia,SR018,1,-1333.8
INV183686,P0069,Product 69,Beauty,4,550.11,04-03-2023 06:17,C000024 ,63,Female,Canad,SR004,0,2200.44
INV172921,P0002,Product 2,beauty ,2,729.15,04-10-2023 20:11,C002130 ,23,,Inda,SR009,0,1458.3
INV186485,P0165,Product 165,Beauty,7,58.01,16-04-2023 17:15,C000918,48,Female,Austalia,SR010,0,406.07
INV178913,P0018,Product 18,Toyz,3,749.36,45100,C001179,19,Female,Germny,SR017,0,2248.08
INV101093,P0107,,Fashon,3,5.73,45276,C003096,35,Female,U S A,SR002,0,17.19
INV149423,P0007,Product 7,electronisc,3,407.61,10-12-2023 05:29,C000455,33,Female,Germany,SR017,0,1222.83
INV162205,P0095,Product 95,BEAUTY,7,726.29,13-08-2023 18:31,C000779,43,Male,Uk,SR015,0,5084.03
INV122742,P0040,Product 40,Toyz,7,150.56,21-01-2023 16:14,C002431,31,Female,Untied States,SR015,0,1053.92
INV114218,P0046,Product 46,Books,6,457.43,45100,C000111,34,Male,USA,SR008,0,2744.58
INV162149,P0112,Product 112,Toys,5,280.87,45170,C003988,30,Female,Australia,SR007,0,1404.35
INV185308,P0046,Product 46,Books,9,191.28,45172,C000763,,Male,Inda,SR019,0,1721.52
INV173370,P0191,Product 191,Toyz,1,69.01,02-07-2023 23:37,C002471,22,Male,USA,SR009,0,69.01
INV125356,P0120,Product 120,Books,9 units,786.67,15-01-2023 01:44,C002714,39,Female,Uk,SR010,0,7080.03
INV114619,P0085,Product 85,Fashion,8,431.95,01-01-2023 10:10,C002701,35,Male,Untied States,SR007,0,3455.6
INV166857,P0030,Product 30,SPORTS,5,708.2,09-06-2023 14:31,C001165,41,Female,Austalia,SR011,0,3541
INV16572,P0050,Product 50,Books,7,368.48,10-01-2023 06:25,C002429,53,Female,Uk,SR005,,2579.36
INV173199,P0087,Product 87,GROCERY,2,387.96,13-11-2023 07:19,C004952,30,,Germny,SR010,0,775.92
INV197480,P0106,Product 106,Books,3,875.29,45055,C000041,34,Male,Frnace,SR003,0,2625.87
INV193195,P0027,Product 27,Health,8,672.48,24-06-2023 02:43,C003880,41,Female,U S A,SR015,0,5379.84
INV182229,P0034,Product 34,Toys,4,598.57,45267,C002366,50,Female,USA,SR008,0,2394.28
INV195405,P0133,Product 133,Grocery,4,460.97,27-06-2023 11:50,C003388,25,Female,Frnace,SR010,0,1843.88
INV107381,P0174,Product 174,GROCERY ,5 units,636.11,18-04-2023 13:14,C003053,31,Female,USA,SR013,0,3180.55
INV176835,P0063,Product 63,beauty ,9,$568.26,27-11-2023 11:51,,22,Male,Australia,SR019,0,5114.34
INV175345,P0028,Product 28,Toys,2,600.08,22-11-2023 00:40,C004075,23,Male,Frnace,SR015,0,1200.16
INV194740,P0122,Product 122,Home decors,2,788.24,13-06-2023 12:26,C003613,32,Male,Uk,SR016,N,1576.48
INV183724,P0162,Product 162,electronisc,7,521.48,31-12-2023 20:42,C001990,64,Male,UK,SR004,0,3650.36
INV192651,P0034,Product 34,Toys,9,307.4,19-08-2023 17:34,C001182,56,Female,Germany,SR011,0,2766.6
INV112148,P0043,Product 43,Sports,9,384.33,18-05-2023 22:16,C003445,25,Male,Frnace,SR016,0,3458.97
INV137546,P0152,Product 152,Toyz,5,340.51,15-08-2023 22:25,C000850,52,Male,USA,SR020,0,1702.55
INV183658,P0061,Product 61,home decor,8,76.83,28-06-2023 06:05,C001498,41,Female,USA,SR008,0,614.64
INV179110,P0013,Product 13 ###,Grocery,3,433.16,44954,C000893,69,Male,Frnace,SR010,0,1299.48
INV155571,P0051,Product 51,Sports,3,115.23,07-09-2023 06:11,C000237,27,Male,Germny,SR006,0,345.69
INV178335,P0091,Product 91,Automotive,1,521.1,08-08-2023 13:54,C002925,53,Female,UK,SR007,0,521.1
INV104004,P0188,Product 188,Toys,8,159.86,26-08-2023 05:28,C000615,28,Male,Untied States,SR001,0,1278.88
INV169854,P0041,Product 41,Sports,-4,944.43,45230,C003343,63,Female,U S A,SR005,1,-3777.72
INV130583,P0028,Product 28,Toys,9 units,210.82,26-09-2023 09:15,C004821 ,65,Male,USA,SR009,0,1897.38
INV184710,P0072,Product 72,Toyz,2,165.08,14-06-2023 01:22,C001743,58,Female,Canada,SR006,0,330.16
INV150221,P0023,Product 23,Fashon,1,755.07,08-02-2023 18:31,C004657 ,23,F,Austalia,SR008,0,755.07
INV132167,P0180,Product 180,Electronics,6,306.67,45224,C001029,50,Male,Uk,SR016,0,1840.02
INV141028,P0101,Product 101,SPORTS,3,312.24,45206,C002076,18,Male,France,SR002,0,936.72
INV103895,P0200,Product 200,HOME DECOR,4,538.35,27-05-2023 13:59,C004380,41,Male,Canad,SR014,0,2153.4
INV134563,P0050,Product 50,Books,6,969.49,21-12-2023 10:51,C002626,60,Female,India,SR013,0,5816.94
INV138549,P0110,Product 110,Sports,7,572.21,03-11-2023 14:55,C003165,64,Female,Germny,SR019,0,4005.47
INV155535,P0105,Product 105,beauty ,6,18.71,03-04-2023 01:56,C000155 ,54,Male,Frnace,SR015,0,112.26
INV170834,P0007,Product 7,electronisc,8,937.72,17-03-2023 13:31,C003750 ,49,Male,U S A,SR015,0,7501.76
INV104760,P0084,Product 84,Fashon,6,645.24,24-07-2023 20:33,C004271,105,Female,USA,SR008,0,3871.44
INV131653,P0093,Product 93,Electronics,2,863.28,06-06-2023 10:21,C002999,41,Male,Australia,SR020,0,1726.56
INV18925,P0087,Product 87,GROCERY,4,169.36,12-08-2023 11:41,C001193,54,Female,Canada,SR002,0,677.44
INV185809,P0058,Product 58,GROCERY,2,211.63,14-06-2023 12:21,C004022,18,Male,USA,SR013,0,423.26
INV127892,P0159,Product 159,Fashon,2,630.56,25-05-2023 13:39,,37,Female,USA,SR008,0,1261.12
INV148948,P0038,Product 38,Home Decor,2 units,338.67,14-06-2023 00:14,C003069,23,Male,Frnace,SR013,0,677.34
INV175572,P0111,Product 111,Beauty,8,384.42,30-06-2023 18:35,C002375,26,Male,Canad,SR001,0,3075.36
INV152890,P0159,Product 159,Fashon,6,438.72,10-12-2023 00:43,C000119,59,Female,Austalia,SR007,0,2632.32
INV122652,P0038,Product 38,Home Decor,4,390.38,16-03-2023 16:00,C000387,46,F,USA,SR020,0,1561.52
INV189020,P0069,Product 69,Fashon,7,259.83,08-07-2023 06:56,C001757,67,Male,India,SR004,0,1818.81
INV188200,P0129,Product 129,HOME DECOR,-3,605.24,05-05-2023 15:43,C003631,34,Male,Austalia,SR003,1,-1815.72
INV134258,P0123,Product 123,Fashon,7,983.33,04-07-2023 08:18,C001532,57,Female,Inda,SR014,0,6883.31
INV186392,P0044,Product 44  - damaged,Fashion,4,505.72,24-03-2023 15:29,C001110,45,Female,Austalia,SR020,0,2022.88
INV179620,P0151,Product 151  [refurbished],Toyz,6,904.71,21-03-2023 10:19,C003490,58,Female,India,SR020,0,5428.26
INV124975,P0138,Product 138,Books,5,$749.27,19-11-2023 09:14,C003815,48,Male,USA,SR018,0,3746.35
INV193288,P0099,Product 99,Electronics,3 units,828.75,31-07-2023 18:11,C002336,20,Male,Germny,SR010,0,2486.25
INV153064,P0136,Product 136,Beauty,6,$866.97,13-05-2023 23:51,C000678,45,Female,Australia,SR001,0,5201.82
INV130890,P0155,Product 155,BEAUTY,6,148.39,23-07-2023 17:26,C003434,36,Male,Austalia,SR004,0,890.34
INV182942,P0118,Product 118,Toys,1,230.52,29-08-2023 15:45,C000299,53,Male,Austalia,SR019,0,230.52
INV115394,P0194,Product 194,GROCERY,5,659.84,12-11-2023 07:56,C003195,34,Female,Germny,SR007,0,3299.2
INV131747,P0069,Product 69,Fashon,8 units,538.25,04-07-2023 11:50,C004458,64,Male,Uk,SR009,0,4306
INV107563,P0166,Product 166,Fashion,7,793,23-06-2023 07:20,C003673,5,Female,Uk,SR001,Y,5551
INV151900,P0117,Product 117,home decor,7,721.75,28-08-2023 00:10,C000044,29,Female,Inda,SR012,0,5052.25
INV196842,P0061,Product 61,home decor,5,985.72,06-11-2023 20:31,C002304,39,Female,USA,SR011,0,4928.6
INV155741,P0139,Product 139,Fashon,3,821.54,11-01-2023 08:04,C000852,54,Female,Inda,SR008,0,2464.62
INV172265,P0092,Product 92,Home Decor,7 units,234.97,45210,C004953,65,Male,Uk,SR008,0,1644.79
INV123264,P0076,Product 76,Electronics,9 units,887.1,07-05-2023 13:00,C004489,37,Male,India,SR003,0,7983.9
INV114648,P0053,Product 53,GROCERY,6,432.09,20-01-2023 15:16,C000917,30,Male,India,SR010,0,2592.54
INV119816,P0001,Product 1,Toys,4,910.61,15-01-2023 04:20,C001612,67,Male,Frnace,SR006,0,3642.44
INV177412,P0136,Product 136,Beauty,-4,320.32,45217,C004117,21,Female,France,SR006,1,-1281.28
INV114760,P0180,Product 180,Electronics,1,792.72,11-08-2023 12:27,C001501,25,Male,Austalia,SR011,0,792.72
INV161162,P0041,Product 41,Sports,9,591.03,19-09-2023 12:35,C000219,29,Female,Canada,SR019,0,5319.27
INV192523,P0154,Product 154,Fashion,1,624.73,09-05-2023 17:43,C001899 ,22,Male,Austalia,SR014,0,624.73
INV173705,P0039,Product 39,SPORTS,-1,466.62,45259,C001778 ,51,Female,Uk,SR009,1,-466.62
INV124225,P0148,Product 148,Toyz,7,414.77,07-07-2023 15:17,C000465,41,Male,Australia,SR017,0,2903.39
INV183465,P0090,Product 90,Fashon,9,916.07,30-01-2023 03:41,C002536,62,Female,USA,SR003,0,8244.63
INV120371,P0010,Product 10,Home Decor,7,826.27,44994,,41,Male,Frnace,SR015,0,5783.89
INV112908,P0102,Product 102,Toys,9,647.4,03-02-2023 09:13,C004912,31,Male,Canad,SR009,1,5826.6
INV179256,P0072,Product 72,Toyz,9,836.61,45282,C003963,47,MALE,France,SR019,0,7529.49
INV100844,P0090,Product 90,Fashon,1 units,249.59,21-04-2023 18:39,644,23,Male,Austalia,SR016,0,249.59
INV150309,P0160,Product 160,Grocery,6,732.14,19-03-2023 08:14,C003323 ,54,Female,U S A,SR017,0,4392.84
INV136586,P0072,Product 72,Toyz,4,51.3,12-02-2023 02:38,C003287,47,Female,USA,SR013,0,205.2
INV114859,P0135,Product 135,Health,4,34.68,15-11-2023 20:17,C000061,45,MALE,Untied States,SR014,0,138.72
INV152098,P0179,Product 179,Health,6,792.87,10-01-2023 23:12,C002458,31,Female,Canada,SR018,0,4757.22
INV127024,P0024,Product 24,Home Decor,-4,909.18,21-01-2023 21:24,C000064,22,Female,U S A,SR006,1,-3636.72
INV166012,P0142,Product 142,Fashon,7,884.22,45073,598,22,Male,Canad,SR018,0,6189.54
INV119332,P0189,Product 189,GROCERY,5,349.7,03-06-2023 01:58,C002209,25,Male,Uk,SR010,0,1748.5
INV160238,P0013,Product 13,Grocery,7,866.48,25-02-2023 10:51,C003951,,Female,Untied States,SR019,0,6065.36
INV123872,P0133,Product 133,Grocery,7,596.18,13-09-2023 20:09,,25,Male,Austalia,SR013,0,4173.26
INV151872,P0012,Product 12,Fashon,5,553.82,23-10-2023 03:58,C004589,50,Male,Frnace,SR010,0,2769.1
INV157075,P0091,Product 91,Automotive,1,630.86,09-07-2023 16:02,C002101,63,Male,Australia,SR012,0,630.86
INV176452,P0184,Product 184,Electronics,-2,549.96,31-10-2023 01:47,C002516,31,Female,U S A,SR012,1,-1099.92
INV113372,P0035,,Fashon,1,79.71,03-03-2023 13:29,C002051,58,Female,USA,SR016,0,79.71
INV136604,P0143,Product 143 (,Toyz,5,78.71,28-12-2023 17:45,3731,44,Male,Austalia,SR014,0,393.55
INV199332,P0010,Product 10,Home Decor,-2,690.9,09-07-2023 01:44,C003214,26,Male,Canad,SR012,1,-1381.8
INV196360,P0138,Product 138,Books,2,345.88,45003,C003304,58,Female,France,SR015,0,691.76
INV132527,P0063,Product 63,beauty ,2,444.55,45109,C000653,31,Male,U S A,SR013,0,889.1
INV197220,P0062,Product 62,Health,2 units,78.64,18-06-2023 02:17,C002891,68,Female,Canada,SR002,0,157.28
INV185569,P0090,Product 90,Fashon,2,$839.60,30-05-2023 10:38,C001990,64,,Untied States,SR018,,1679.2
INV100050,P0156,Product 156,Electronics,9,210.12,12-03-2023 13:02,C003415,66,Female,Germny,SR010,0,1891.08
INV101052,P0024,Product 24,Home Decor,6,946.29,45180,C004015,45,Female,U S A,SR011,0,5677.74
INV157408,P0037,Product 37,beauty ,4,406.39,25-09-2023 07:46,C000302,26,Female,Inda,SR020,0,1625.56
INV163872,P0100,Product 100,Beauty ,5,731.15,07-07-2023 04:39,C000633,49,Male,India,SR012,0,3655.75
INV195598,P0120,Product 120,Books,5,839.8,06-12-2023 23:00,C001162,69,Male,USA,SR001,0,4199
INV182611,P0021,Product 21,beauty ,5,778.92,03-11-2023 16:17,C003833,51,Female,Australia,SR003,0,3894.6
INV134657,P0011,Product 11,Fashion,5,309.65,08-11-2023 09:04,C002145 ,68,Female,Canada,SR015,0,1548.25
INV196658,P0088,Product 88,BEAUTY,1,179.5,21-05-2023 21:59,C001608,18,Female,Germany,SR003,0,179.5
INV137594,P0187,Product 187,Home Decor,1,908.97,27-08-2023 13:15,C000836,51,Male,USA,SR007,0,908.97
INV136236,P0032,Product 32,Fashion,8,749.93,21-02-2023 17:50,C004179,22,Male,Germany,SR004,0,5999.44
INV108750,P0138,Product 138 (,Books,5,$791.07,22-06-2023 17:30,C004445,27,Male,Austalia,SR020,0,3955.35
INV100964,P0119,Product 119,Fashion,9,187.22,07-01-2023 04:32,C002061,51,Female,UK,SR012,0,1684.98
INV116629,P0100,Product 100,Beauty,3,507.99,20-07-2023 14:36,C001960,,Female,Australia,SR006,0,1523.97
INV181822,P0031,Product 31,Health,1,$317.32,31-03-2023 04:53,2137,40,Male,U S A,SR018,N,317.32
INV16812,P0170,Product 170,GROCERY,9,478.28,24-07-2023 03:00,C001818,30,Female,Uk,SR005,0,4304.52
INV137936,P0048,Product 48,Fashon,5,454.59,29-03-2023 12:17,C000406,61,Fem,U S A,SR020,0,2272.95
INV113179,P0170,Product 170,GROCERY,9,310.7,29-01-2023 23:50,C000949,23,Male,Uk,SR004,0,2796.3
INV107677,P0107,Product 107,home decor,8,336.81 USD,25-01-2023 11:14,C004507,35,,Uk,SR013,0,2694.48
INV157914,P0125,Product 125,electronisc,8,599.87,25-03-2023 14:10,C001479,51,Male,Frnace,SR011,0,4798.96
INV148311,P0025,Product 25,Beauty,6,704.41,45181,C004746,60,Male,Frnace,SR020,0,4226.46
INV184384,P0072,Product 72,Toyz,5,105.9,19-01-2023 02:24,C001999,69,Female,Uk,SR018,0,529.5
INV187693,P0165,Product 165,Beauty,4,$988.33,29-05-2023 04:07,C001356,54,Female,Canada,SR011,0,3953.32
INV112015,P0051,Product 51,Sports,3,743.26,31-05-2023 14:09,3831,57,Female,Canad,SR012,0,2229.78
INV106993,P0129,Product 129,home decor,7,219.68,03-08-2023 06:10,C000713,37,Male,U S A,SR016,0,1537.76
INV194100,P0143,Product 143,Toyz ,9,276.06,30-06-2023 15:08,C002585,25,Female,India,SR016,0,2484.54
INV171510,P0144,Product 144,Fashon,7,581.62,44973,C003276,24,Female,Untied States,SR013,0,4071.34
INV168069,P0187,Product 187,HOME DECOR,3,689.63,10-09-2023 07:33,C000558,20,Female,India,SR012,0,2068.89
INV164694,P0088,Product 88,BEAUTY,2,864.57,12-02-2023 08:51,C000381,59,Male,Uk,SR007,0,1729.14
INV117885,P0018,Product 18,Toyz,3,30.81,05-03-2023 04:35,C002140,64,Female,Inda,SR004,0,92.43
INV160549,P0041,Product 41,Sports,1,641.11,"Apr 26, 2023 08:55 AM",C002332,33,MALE,Uk,SR017,0,641.11
INV101155,P0044,Product 44,Fashion,4 units,483.85,17-05-2023 11:08,C001378,59,Male,France,SR009,0,1935.4
INV108138,P0200,Product 200,Home Decor,8,116.11,12-05-2023 14:06,C002575,50,Male,UK,SR014,0,928.88
INV161330,P0050,Product 50,Books,5,653.37,31-10-2023 17:42,C002214,44,Male,Australia,SR016,0,3266.85
INV198835,P0183,Product 183,Automotive,3,305.75,02-03-2023 14:36,C004580,200,Female,Inda,SR010,0,917.25
INV114215,P0051,Product 51,Sports,8,272.61,13-03-2023 20:26,C001874,56,Female,Germny,SR014,0,2180.88
INV110826,P0098,Product 98,Home Decor,1,940.31,13-01-2023 19:45,C001414,42,Female,U S A,SR008,0,940.31
INV145586,P0087,Product 87,GROCERY,6,647.25,25-12-2023 03:57,C003284,53,Male,Inda,SR016,0,3883.5
INV184048,P0063,Product 63,beauty ,8,146.61,01-08-2023 09:39,C003839,43,Female,Untied States,SR003,0,1172.88
INV125165,P0119,Product 119  [refurbished],Fashion,1,$569.68,45144,C004564,66,Male,USA,SR009,0,569.68
INV166718,P0112,Product 112,TOYS,4,170.88,23-03-2023 21:53,C002317,25,Male,Untied States,SR009,0,683.52
INV195375,P0137,Product 137,Electronics ,8,712.43,25-08-2023 11:31,C001234,43,Female,Germny,SR016,0,5699.44
INV154631,P0094,Product 94,Home Decor,3 units,358.32,45181,,49,Female,UK,SR006,0,1074.96
INV142548,P0074,Product 74,Home Decor,2 units,613.61,"Dec 10, 2023 02:56 AM",C002750,54,Female,India,SR019,0,1227.22
INV121219,P0082,,HEALTH,5,$889.56,11-09-2023 16:00,C003073,42,female,Untied States,SR018,0,4447.8
INV142867,P0196,Product 196,Beauty,2,280.64,31-12-2023 11:23,C004042 ,31,Male,UK,SR003,0,561.28
INV138054,P0122,Product 122 (,Grocery,1,365.21,06-07-2023 17:25,C001230,18,Female,Germny,SR014,0,365.21
INV191289,P0103,Product 103,Health,4,378.71,06-08-2023 16:55,C001587,58,Female,UK,SR001,0,1514.84
INV130532,P0161,Product 161,Sports,3,16.68,24-06-2023 17:27,C004793,53,Female,U S A,SR009,0,50.04
INV150409,P0140,Product 140,BEAUTY ,4,700.32,22-03-2023 19:57,C003698,56,Female,Canad,SR020,0,2801.28
INV121037,P0200,Product 200,Home Decor,8,135.39,19-04-2023 22:29,1911,34,female,Uk,SR002,0,1083.12
INV192106,P0090,Product 90,Fashon,8,15.95,08-10-2023 00:35,4644,44,Male,Austalia,SR002,0,127.6
INV187075,P0011,Product 11,Fashion,8,630.48,18-10-2023 08:06,C001028,41,Female,USA,SR013,N,5043.84
INV110455,P0055,Product 55,Automotive,9,233.82,11-11-2023 13:45,C000041,34,Male,Australia,SR012,0,2104.38
INV175851,P0103,Product 103,Health,-2,476.06,03-04-2023 22:21,C000785,43,Male,Austalia,SR013,1,-952.12
INV167101,P0045,Product 45,Grocery ,3,739.45,45224,C002144,28,Female,Canada,SR010,0,2218.35
INV140783,P0014,Product 14,Fashion,4,445.38,19-05-2023 03:02,C002589,40,Male,Canada,SR001,0,1781.52
INV134590,P0021,Product 21,beauty ,2,541.23,21-11-2023 07:01,,65,Male,Untied States,SR017,0,1082.46
INV140953,P0179,Product 179,Health,7,460.75,29-06-2023 19:08,C002022,35,Female,Canada,SR013,0,3225.25
INV117351,P0141,Product 141,Health,-2,874.37,45259,C004717,42,Male,UK,SR015,1,-1748.74
INV169774,P0189,Product 189,GROCERY,1,144.56,27-06-2023 09:52,C002798,21,Male,USA,SR008,0,144.56
INV136903,P0136,Product 136,Beauty,5,95.92,20-06-2023 18:49,C004580,58,Female,Germny,SR016,0,479.6
INV150666,P0163,Product 163,Fashon,4,375.21,09-05-2023 09:34,C004533,30,Male,Germany,SR003,0,1500.84
INV156206,P0133,Product 133,Grocery,5,68.04,17-03-2023 19:00,C000796,31,Male,France,SR001,0,340.2
INV125709,P0070,Product 70 ###,Automotive,2,916.19,31-03-2023 06:25,C000330 ,39,Male,Untied States,SR002,0,1832.38
INV157904,P0099,Product 99,Electronics,2,958.87,14-05-2023 21:55,C002089,42,Female,France,SR007,0,1917.74
INV156369,P0082,Product 82,Health ,8,822.26,24-09-2023 20:28,C000487,30,Male,France,SR019,0,6578.08
INV174065,P0037,Product 37,beauty ,6,883.23,06-07-2023 22:04,,66,Male,Canad,SR017,0,5299.38
INV146700,P0045,Product 45,Grocery,8,115.86,17-07-2023 20:59,C001014,24,Male,Uk,SR018,Y,926.88
INV186795,P0007,Product 7,electronisc ,4,147.12,15-03-2023 13:44,C001003,27,Female,India,SR007,0,588.48
INV177245,P0050,Product 50,BOOKS,9,$133.46,23-11-2023 14:26,C004865,23,Female,Austalia,SR019,0,1201.14
INV184915,P0042,Product 42,Automotive,5,804.5,27-09-2023 12:40,2274,62,Female,France,SR015,0,4022.5
INV189801,P0061,Product 61,home decor,5 units,$754.90,15-07-2023 15:34,C003611,67,Male,Germany,SR018,0,3774.5
INV181711,P0079,Product 79,Toys,8 units,743.21,09-08-2023 15:45,C000379,30,Male,Uk,SR002,0,5945.68
INV124647,P0157,Product 157,Electronics ,1,976.57,03-09-2023 01:58,C002692,38,Female,U S A,SR014,0,976.57
INV101627,P0165,Product 165,Beauty,8,759.96,22-06-2023 12:42,C001621,24,Female,Untied States,SR002,0,6079.68
INV190624,P0163,Product 163,Toyz,3,$591.82,45284,C001188,43,Male,Austalia,SR001,0,1775.46
INV170615,P0085,Product 85,Fashion,4,604.53,22-05-2023 01:00,C003947,27,Female,Australia,SR016,0,2418.12
INV148872,P0033,Product 33,BEAUTY ,-4,213.71,29-07-2023 09:30,C003217,25,Male,U S A,SR007,1,-854.84
INV185506,P0182,,Toys,5,627.99,25-12-2023 10:17,C001726,35,Male,India,SR015,0,3139.95
INV138623,P0018,Product 18,Toyz,1,119.49,24-09-2023 12:20,C004373,21,,Germany,SR016,0,119.49
INV130362,P0119,Product 119 ***,Fashion,2,110.71,45131,C001944,37,Female,Austalia,SR001,0,221.42
INV103421,P0116,Product 116,Sports,9,881.56,45144,C000568,64,Male,Uk,SR020,0,7934.04
INV147914,P0182,Product 182,Toys,9,849.45,24-10-2023 13:54,C002793,68,Male,Germany,SR002,0,7645.05
INV111009,P0136,,Beauty,9,323.82,02-11-2023 19:26,C000038,25,MALE,Uk,SR008,0,2914.38
INV121996,P0182,Product 182,Toys,6 units,875.08,22-07-2023 17:18,C003383,34,Female,Austalia,SR018,0,5250.48
INV126145,P0180,Product 180,Electronics,7,774.31,29-11-2023 17:09,C004375,52,Female,Uk,SR015,0,5420.17
INV128487,P0011,Product 11,Fashion,9,260.11,45183,C003599,41,Female,UK,SR012,0,2340.99
INV170495,P0046,Product 46,Books,8 units,789.07,12-10-2023 17:45,C004159,58,Female,U S A,SR019,0,6312.56
INV192755,P0059,Product 59,home decor,2,604,45068,C003545,20,Female,Inda,SR018,,1208
INV137191,P0070,Product 70,Automotive,6,835.94,22-06-2023 06:24,C000739,62,Female,Uk,SR005,0,5015.64
INV164928,P0017,Product 17,Fashon,5,369.2,03-08-2023 23:08,C000138,32,Female,U S A,SR018,0,1846
INV179390,P0159,Product 159,FASHON,7,450.63,06-07-2023 01:45,C000684,,Female,France,SR014,0,3154.41
INV10513,P0072,Product 72,Toyz,4,839.45,14-12-2023 04:35,C000016,37,Female,India,SR003,0,3357.8
INV119409,P0045,Product 45,Grocery,4,68.05,26-04-2023 07:25,C002771 ,63,Female,Untied States,SR008,0,272.2
INV168920,P0155,Product 155,Beauty,1,104.79,20-05-2023 12:21,C000084,48,Male,Untied States,SR015,0,104.79
INV188069,P0014,Product 14,FASHION,1,467.27,29-06-2023 22:09,C004506,21,,Germny,SR004,0,467.27
INV162226,P0099,Product 99,Electronics,5,891.62,04-06-2023 13:34,C004670,21,Male,Untied States,SR007,0,4458.1
INV120576,P0005,Product 5,Toys,9,559.75,07-09-2023 03:16,C001312,32,Female,Frnace,SR004,0,5037.75
INV174554,P0139,Product 139,Fashon,7,725.27,44970,C002225,36,Female,UK,SR009,0,5076.89
INV122569,P0035,Product 35,Fashon,1,468.09,09-10-2023 11:43,C001371,50,Female,Untied States,SR010,0,468.09
INV100159,P0080,Product 80,HEALTH,6,438,07-01-2023 00:46,C000707,39,Male,France,SR012,0,2628
INV113750,P0181,Product 181,Automotive,4,930.54,08-05-2023 18:18,C004672,36,Female,Inda,SR013,0,3722.16
INV130891,P0071,Product 71,electronisc,1,35.89,"Jan 14, 2023 08:37 PM",C000224,38,Female,Untied States,SR017,0,35.89
INV133098,P0041,Product 41,Sports ,7,987.65,21-01-2023 10:49,C000418,37,Female,Germny,SR006,0,6913.55
INV109182,P0168,Product 168,electronisc,5,397.12,20-08-2023 07:09,C000048,63,Male,U S A,SR009,0,1985.6
INV155039,P0135,Product 135,HEALTH,6,891.01,22-11-2023 05:34,C001637,21,Male,Inda,SR003,0,5346.06
INV132687,P0052,Product 52 ###,SPORTS,9,335.67,05-06-2023 16:09,3440,57,Female,France,SR010,0,3021.03
INV126996,P0075,Product 75,Home Decor,1,355.01,12-11-2023 03:14,C001628,,Female,Uk,SR001,0,355.01
INV185073,P0108,Product 108,Toys,2 units,348.43,25-01-2023 12:14,C003452,56,Female,UK,SR011,0,696.86
INV164617,P0093,Product 93,Electronics,9,321.71,04-02-2023 13:08,C004776,34,,USA,SR015,0,2895.39
INV100164,P0169,Product 169,GROCERY,5,777.5,21-10-2023 14:14,C004963,43,Female,Canad,SR009,0,3887.5
INV125305,P0065,Product 65,Electronics,9,761,28-01-2023 05:09,C004580,58,Female,France,SR016,0,6849
INV180968,P0158,Product 158,Fashion,9,53.92,29-04-2023 00:55,2108,38,,India,SR011,0,485.28
INV158117,P0051,Product 51,Sports,4,$552.55,21-05-2023 19:29,C003678,41,Male,India,SR005,0,2210.2
INV179737,P0119,Product 119,Fashion,5,546.44,"Jun 13, 2023 06:49 AM",C000058,38,Male,Canada,SR017,0,2732.2
INV140655,P0082,Product 82,Health,4,595.25,22-10-2023 00:29,C001993,40,Female,France,SR019,0,2381
INV123999,P0057,Product 57,Automotive,5,465.35,06-12-2023 13:54,C000643,38,Male,Inda,SR003,0,2326.75
INV106973,P0055,Product 55,Automotive,4,376.55,45243,,40,Male,Canad,SR015,0,1506.2
INV188949,P0051,Product 51,Sports,9 units,926.18,45056,C003745,62,Male,Canad,SR005,0,8335.62
INV168476,P0105,Product 105,beauty ,9,977.41,18-10-2023 05:00,C004871,58,Female,UK,SR012,0,8796.69
INV179531,P0111,Product 111 ***,Beauty,1,$997.25,28-02-2023 13:34,C001892,40,Male,U S A,SR020,0,997.25
INV126736,P0057,Product 57,Automotive,2 units,166.3,"Dec 20, 2023 03:23 PM",C002079,42,Female,Australia,SR008,0,332.6
INV133728,P0193,Product 193,Electronics,4,831.98,31-07-2023 09:04,C001879,20,Male,Inda,SR001,0,3327.92
INV172798,P0022,Product 22,beauty ,2,159.51,45138,C001489,,Male,Canad,SR016,0,319.02
INV147376,P0194,Product 194,GROCERY,1 units,850.21,03-11-2023 08:48,C000769,32,Female,Uk,SR017,0,850.21
INV102300,P0044,Product 44,Fashion,4,233.22,09-08-2023 07:19,C003462,64,Male,Inda,SR013,0,932.88
INV118710,P0198,Product 198,Health,3,60.91,03-05-2023 07:45,C002167,5,Male,Canad,SR020,0,182.73
INV163570,P0012,Product 12,Fashon,4,89.26,24-08-2023 08:50,C004738,40,Male,Frnace,SR010,0,357.04
INV164513,P0169,Product 169,Beauty,3,860.81,"Jan 08, 2023 11:23 AM",C004697,18,Female,USA,SR004,0,2582.43
INV165685,P0054,Product 54,beauty ,8,765.32,44998,,,Female,UK,SR017,0,6122.56
INV122787,P0039,Product 39,SPORTS,3 units,904.1,01-05-2023 05:54,C001120,60,Female,Frnace,SR009,,2712.3
INV166827,P0080,Product 80 (,Health,5,363.01,01-09-2023 17:08,C001260,60,Male,USA,SR017,0,1815.05
INV166774,P0065,Product 65,Electronics,6,290.4,06-03-2023 11:54,C000217,69,Female,France,SR014,0,1742.4
INV193699,P0036,Product 36 (,Automotive,2 units,948.26,31-05-2023 05:09,3536,53,Female,Untied States,SR015,0,1896.52
INV145850,P0125,Product 125,electronisc,6,540.23,"Aug 30, 2023 09:01 PM",C002967,32,Female,Uk,SR017,0,3241.38
INV103943,P0173,Product 173,Grocery,8,985.47,30-06-2023 01:56,C001575,57,Male,USA,SR014,0,7883.76
INV199162,P0158,Product 158,Fashion ,3,914.31,"Mar 14, 2023 07:08 PM",C002968,65,Male,Germany,SR012,0,2742.93
INV104412,P0091,Product 91,Automotive,4,989.41,04-10-2023 18:05,C004536,36,Female,Uk,SR013,0,3957.64
INV160644,P0182,Product 182,Toys,2 units,38.61,15-05-2023 15:53,C001694,69,F,Germny,SR007,0,77.22
INV197923,P0055,Product 55,Automotive,4,$945.95,"Aug 04, 2023 02:11 AM",C003099,23,Male,Uk,SR005,0,3783.8
INV188523,P0165,Product 165,Beauty,7,730.61,45078,C000302,26,Female,India,SR009,0,5114.27
INV17057,P0166,Product 166,Fashion,8,8.61,"Mar 27, 2023 09:15 PM",C003361,45,Male,Austalia,SR016,0,68.88
INV164190,P0085,Product 85,Fashion,9,790.49,45175,C004859,,Male,U S A,SR017,0,7114.41
INV182278,P0139,Product 139,Fashon,3,461.2,17-09-2023 00:19,C002596,18,Female,Canada,SR015,0,1383.6
INV176526,P0035,Product 35,Fashon,2,902.9,30-09-2023 06:09,C000926,25,Male,Germany,SR011,0,1805.8
INV145879,P0058,Product 58,GROCERY,8,388.08,04-09-2023 00:44,C001839,20,Female,Canada,SR014,0,3104.64
INV159196,P0072,Product 72,Toyz,1,973.33,09-08-2023 06:04,C004323,27,Male,Germany,SR018,0,973.33
INV143231,P0180,Product 180,Electronics,1,980.39,02-05-2023 00:25,C000608,51,Male,India,SR016,0,980.39
INV169316,P0113,Product 113,home decor,9,148.31,06-04-2023 06:37,C002182,30,Male,Germny,SR007,0,1334.79
INV173123,P0146,Product 146,Fashion,7,761.34,08-10-2023 23:56,,33,Female,U S A,SR019,1,5329.38
INV194217,P0016,Product 16 ###,Fashon,5 units,712.22,25-03-2023 22:01,C004007,51,Female,Germany,SR013,0,3561.1
INV113994,P0184,Product 184,Electronics,2,108.82,28-06-2023 21:00,,65,Female,Uk,SR002,0,217.64
INV110636,P0003,Product 3,electronisc,2,$733.41,07-04-2023 17:47,C002372 ,38,Male,Australia,SR001,0,1466.82
INV167039,P0023,Product 23,Fashon,8,996.86,24-04-2023 19:15,2557,58,Male,Untied States,SR004,0,7974.88
INV196536,P0063,Product 63,beauty ,-1,387.16,45029,4150,60,Male,Austalia,SR014,1,-387.16
INV198222,P0157,Product 157,Electronics,9,994.56,24-04-2023 17:08,C000861,42,Female,Austalia,SR013,0,8951.04
INV114113,P0058,Product 58,GROCERY,7,403.9,44994,C003812,31,Female,Germany,SR012,0,2827.3
INV188986,P0109,Product 109,Toyz,7,429.89,26-02-2023 05:52,C003162,61,Female,Inda,SR013,0,3009.23
INV101027,P0187,Product 187,HOME DECOR,7,222.89,05-10-2023 18:53,C001895,31,Female,Austalia,SR008,0,1560.23
INV124585,P0092,Product 92,Home Decor,4,74.32,01-12-2023 11:31,C002523,38,Male,U S A,SR010,0,297.28
INV175543,P0055,Product 55,Automotive,5,907.14,04-04-2023 18:31,C002639,48,Male,Uk,SR016,0,4535.7
INV141630,P0118,Product 118,Toys,3,553.91,12-11-2023 07:52,C003469,19,Male,U S A,SR002,0,1661.73
INV173441,P0057,Product 57,Automotive,5,922.53,"Sep 24, 2023 08:33 AM",C004417,68,Female,Untied States,SR017,0,4612.65
INV129792,P0108,Product 108,Toys,1,412.2,45190,C003091,64,Male,Untied States,SR018,0,412.2
INV142577,P0082,Product 82,Health,1,54.05,22-04-2023 13:11,C003715,49,Female,France,SR009,0,54.05
INV122856,P0195,Product 195,Fashon,8,18.84,23-08-2023 02:16,C004680,38,Female,Germany,SR006,0,150.72
INV10812,P0135,Product 135  - damaged,Health,3 units,$432.19,15-07-2023 23:24,C002481,26,Male,India,SR011,0,1296.57
INV143108,P0149,Product 149,Beauty,7,177.27,45199,C002559,69,Male,Uk,SR008,0,1240.89
INV171049,P0008,Product 8,Sports,9,949.94,01-04-2023 19:25,C000593,32,Female,Inda,SR011,0,8549.46
INV197048,P0020,Product 20,GROCERY,4,703.43,05-01-2023 15:55,C003264,39,Male,UK,SR005,0,2813.72
INV191446,P0016,Product 16,Fashon,4,293.01,04-07-2023 14:38,C002211,33,Male,Germany,SR007,0,1172.04
INV123186,P0013,Product 13 (,Grocery,5,155.53,06-10-2023 10:48,C002327,59,Female,USA,SR010,0,777.65
INV126509,P0053,Product 53,GROCERY,6,466.58,"Jul 16, 2023 08:03 PM",C000889,24,Male,Germany,SR018,0,2799.48
INV125276,P0166,Product 166,Fashion,3,489.95,13-07-2023 20:31,C001913,45,Female,Uk,SR013,0,1469.85
INV114223,P0171,Product 171,Electronics ,8,705.47,17-10-2023 03:52,C002328,47,Female,Canada,SR005,0,5643.76
INV143974,P0120,Product 120,Books,4 units,51.22,03-04-2023 22:37,C004893,40,Female,Uk,SR012,0,204.88
INV195366,P0072,Product 72,Toyz,2,709.5,45266,C000835,26,Fem,Untied States,SR005,0,1419
INV160472,P0157,Product 157,Electronics,6,855.51,26-09-2023 16:27,C001923,40,Female,USA,SR003,0,5133.06
INV109752,P0037,Product 37,beauty ,5,193.93,02-03-2023 01:05,C000737,43,Female,France,SR009,,969.65
INV183782,P0119,Product 119,Fashion,1,27.27,31-05-2023 11:33,C002068,51,Female,U S A,SR006,0,27.27
INV195080,P0161,Product 161,Sports,6,404.58,24-09-2023 05:03,C004109,51,Male,Uk,SR004,0,2427.48
INV189663,P0147,Product 147,Home Decor,3,993.05,12-05-2023 15:37,C003752,36,Male,Uk,SR014,0,2979.15
INV132272,P0012,Product 12  - damaged,Fashon,8 units,871.84,10-09-2023 23:24,C001334,25,Male,UK,SR003,0,6974.72
INV149319,P0014,Product 14,Fashion,3,349.9,29-05-2023 13:11,C003319,38,Female,Germny,SR015,0,1049.7
INV100710,P0136,Product 136,Beauty,1,518.11,08-01-2023 17:01,C003233,56,Male,Austalia,SR018,0,518.11
INV176989,P0104,Product 104  - damaged,BEAUTY ,-3,619.42,11-05-2023 11:50,C003380,39,Male,Australia,SR012,1,-1858.26
INV168116,P0161,Product 161,Sports,1 units,$512.81,25-02-2023 09:14,C004494,29,Female,Canada,SR016,0,512.81
INV145955,P0087,Product 87,GROCERY,-1,238.03,03-11-2023 02:11,C002270,5,Male,Uk,SR016,1,-238.03
INV111604,P0181,Product 181 (,Automotive,6,435.66,16-01-2023 18:24,C004092,68,M,U S A,SR007,0,2613.96
INV172244,P0022,Product 22,beauty ,3,851.88,04-02-2023 11:29,C004773,68,Female,Frnace,SR009,0,2555.64
INV154990,P0062,Product 62,Health,6 units,866.98,07-07-2023 03:32,186,29,Male,Untied States,SR017,0,5201.88
INV178153,P0023,Product 23,Fashon,4,14.42,30-11-2023 11:00,,47,Male,Austalia,SR019,0,57.68
INV157155,P0045,Product 45,Grocery,7 units,119.3,05-12-2023 03:11,C002097,43,Male,UK,SR015,0,835.1
INV171084,P0032,Product 32,Fashion,6,751.7,16-05-2023 15:38,C002870,23,Male,Germny,SR001,0,4510.2
INV139570,P0174,Product 174,GROCERY,2,300.59,07-08-2023 07:37,C003888,35,Fem,France,SR003,0,601.18
INV163236,P0070,Product 70,Electronics,8,$793.74,11-01-2023 17:09,C000657,26,Female,USA,SR017,0,6349.92
INV101132,P0144,Product 144,Fashon,1,$185.88,13-08-2023 20:26,C003222,64,Fem,Frnace,SR003,0,185.88
INV152475,P0046,Product 46,Books,4,71.64,14-08-2023 05:15,C000530,20,Male,Germany,SR011,0,286.56
INV196890,P0052,Product 52,SPORTS,9,964.23,09-02-2023 06:09,C004547,19,Male,USA,SR004,0,8678.07
INV128485,P0200,Product 200,Home Decor,3,545.16,20-05-2023 16:55,C004742,64,Male,India,SR002,0,1635.48
INV134541,P0003,Product 3,electronisc,1,429.76,25-02-2023 02:03,C002174 ,42,Female,Untied States,SR016,0,429.76
INV107107,P0069,Product 69,Fashon,7,553.65,05-04-2023 02:47,C001502,22,Female,Untied States,SR004,0,3875.55
INV163062,P0081,Product 81,Toys,2,273.64,45200,2582,51,Female,Frnace,SR016,0,547.28
INV149034,P0092,Product 92,Home Decor,5,282.89,03-08-2023 17:13,C003973,54,Male,France,SR007,0,1414.45
INV144343,P0173,Product 173,GROCERY,-2,533.61,16-04-2023 13:13,C002949,53,Female,Untied States,SR018,1,-1067.22
INV107402,P0019,,Books,1,18.86,22-02-2023 13:04,C004540,27,Female,Inda,SR002,0,18.86
INV124787,P0107,Product 107 ***,home decor,3,653,44966,C003850,46,Male,USA,SR008,0,1959
INV190128,P0183,Product 183,Automotive,2,491.63,28-11-2023 03:50,C003364,39,Male,Uk,SR015,0,983.26
INV146386,P0112,Product 112,Toys,5,132.89,27-05-2023 18:57,C004747,65,Male,Canad,SR005,0,664.45
INV160037,P0076,Product 76,Electronics,9,429.69,45075,C002856,66,Male,Inda,SR006,0,3867.21
INV14989,P0115,Product 115,electronisc,2,230.54,45077,C004986,39,Female,Uk,SR004,0,461.08
INV184728,P0091,Product 91 ###,Automotive,-1,446.47,01-10-2023 07:12,C003135,47,Female,Inda,SR012,1,-446.47
INV126737,P0105,Product 105,beauty ,4,190.94 USD,26-06-2023 16:07,C004698,27,Female,USA,SR014,0,763.76
INV149593,P0045,Product 45,Grocery,3,402.27,16-02-2023 06:16,C000783,22,Female,Germny,SR007,0,1206.81
INV129827,P0058,Product 58,GROCERY,3,315.36,19-03-2023 15:33,C001235,46,Female,UK,SR015,,946.08
INV196405,P0145,Product 145,TOYS,1 units,26.19,03-02-2023 00:45,C003832,5,M,UK,SR008,0,26.19
INV174778,P0164,Product 164,Grocery,9,585.87,29-05-2023 01:10,C001031,46,Male,U S A,SR006,0,5272.83
INV194167,P0156,Product 156,Electronics,1,369.54,"Jun 02, 2023 02:16 AM",C000710,42,Female,U S A,SR018,0,369.54
INV146927,P0037,Product 37,beauty ,1,258.98,21-01-2023 12:18,C000082,66,Fem,Canad,SR009,0,258.98
INV185571,P0037,Product 37,beauty ,8,416.11,09-04-2023 10:50,C002210,41,Male,Inda,SR006,1,3328.88
INV151095,P0099,Product 99,ELECTRONICS,6,594.27,18-01-2023 06:15,C004137,42,Female,UK,SR015,0,3565.62
INV143628,P0143,Product 143,Toyz,6,134.72,"Jan 02, 2023 02:18 AM",C002919,63,Female,Germany,SR017,0,808.32
INV189742,P0181,Product 181,Automotive,2,400.88,03-07-2023 11:50,C004419,64,Female,Inda,SR007,0,801.76
INV157211,P0191,Product 191 (,Toyz,4,$437.61,31-01-2023 09:11,C000022 ,9,,Australia,SR007,0,1750.44
INV145542,P0086,Product 86,Electronics,1,43.84,08-08-2023 17:59,C002325,64,Female,Frnace,SR005,0,43.84
INV146933,P0187,Product 187,Home Decor,7,32,44978,C003691,51,Male,USA,SR001,0,224
INV190074,P0027,Product 27,Health,3,398.67,25-10-2023 14:37,C004208,61,Female,Canad,SR008,0,1196.01
INV125297,P0123,Product 123 (,Fashon,3,587.16,29-08-2023 01:21,C003315,28,Male,India,SR007,0,"$1,761.48 USD"
INV173931,P0097,Product 97,SPORTS,2,155.04,05-07-2023 08:31,C001605,39,Female,U S A,SR013,0,310.08
INV102719,P0045,Product 45,Grocery,5,195.53,23-10-2023 01:41,C003567,18,Female,Canada,SR014,0,977.65
INV158268,P0028,Product 28,Toys,3,330.24,31-12-2023 07:03,C004926,32,Female,Frnace,SR012,0,990.72
INV168607,P0091,Product 91,Automotive,6,719.63,22-06-2023 21:19,C003668,64,Male,Canada,SR002,0,4317.78
INV156903,P0105,Product 105,beauty ,4,909.84,06-07-2023 20:59,C003231,29,Female,U S A,SR007,0,3639.36
INV126084,P0121,Product 121,home decor,6,632.37,"Feb 03, 2023 03:23 AM",C001790,48,Female,Germny,SR007,0,3794.22
INV146053,P0041,Product 41,Sports,2,342.74,45290,C001821,68,Male,India,SR009,0,685.48
INV105391,P0049,Product 49,Fashion,1,918.34,06-02-2023 17:59,C000115,60,Female,Austalia,SR020,0,918.34
INV166365,P0154,Product 154,Fashion,-2,62.88,11-12-2023 12:08,C000088,38,Female,USA,SR013,1,-125.76
INV18800,P0165,Product 165,BEAUTY,3,735.16,21-05-2023 17:49,C001089,36,Male,Untied States,SR020,Y,2205.48
INV183604,P0032,Product 32,Fashion,3,266.84,45181,C001201,55,Female,U S A,SR017,0,800.52
INV111197,P0002,Product 2,beauty ,3,137.59,12-11-2023 00:48,C003301,45,Female,Canada,SR008,0,412.77
INV102700,P0102,Product 102,Toys,9,768.6,16-05-2023 03:27,C003063,25,F,France,SR012,0,6917.4
INV143464,P0161,Product 161,Sports,7,795.3,45146,C003986,24,Female,Uk,SR007,0,5567.1
INV186000,P0168,Product 168,electronisc,9,342.15,29-03-2023 03:18,C002519,39,Female,U S A,SR015,0,3079.35
INV113451,P0095,Product 95,Beauty,6,737.79,45025,,28,Male,Germny,SR009,,4426.74
INV138302,P0016,Product 16,Fashon,1,701.37,25-06-2023 16:54,C001312,32,Female,Frnace,SR011,0,701.37
INV148645,P0077,Product 77,Beauty,7,473.09,12-09-2023 09:48,,45,Male,Untied States,SR011,0,3311.63
INV154497,P0120,Product 120,BOOKS,1,657.47,01-12-2023 22:43,C001369,30,Female,Austalia,SR012,0,657.47
INV195125,P0111,Product 111,Beauty,5,989.40 USD,19-11-2023 16:19,C000028,33,Male,USA,SR019,0,4947
INV157599,P0032,Product 32,Fashion,6,815.6,09-10-2023 15:10,C000403,23,Male,Germny,SR012,0,4893.6
INV122908,P0060,Product 60,beauty ,3,587.36,19-04-2023 04:17,4376,54,Female,Frnace,SR015,0,1762.08
INV181301,P0002,Product 2,beauty ,9,699.53,20-02-2023 01:17,C001882,57,MALE,Untied States,SR008,0,6295.77
INV144082,P0125,Product 125,electronisc,7,582.08,45216,2199,38,Female,Inda,SR010,0,4074.56
INV167170,P0047,Product 47,Sports,8,48.98,20-05-2023 10:18,2809,57,Female,France,SR010,0,391.84
INV158713,P0189,Product 189 ***,GROCERY,7,389.18,12-08-2023 04:13,C004496,64,Female,Inda,SR020,0,2724.26
INV146351,P0159,Product 159,Fashon,2,937.25,19-08-2023 17:22,C000253,41,Female,Untied States,SR004,0,1874.5
INV112300,P0102,Product 102,Toys,6,813.56,07-07-2023 16:29,C003636,21,Female,Canada,SR008,0,"$4,881.36 USD"
INV109121,P0007,Product 7,electronisc,9,$809.73,16-07-2023 17:38,2406,23,Female,U S A,SR006,0,7287.57
INV121181,P0090,Product 90,Fashon,2,851.58,04-11-2023 17:47,C002891,68,Female,Untied States,SR019,0,1703.16
INV192511,P0083,Product 83,Automotive,1,143.97,29-08-2023 07:57,2261,58,Female,UK,SR003,0,143.97
INV110577,P0180,Product 180,Electronics,9,251.96,45182,C000136,68,Female,USA,SR011,0,"$2,267.64 USD"
INV197325,P0180,Product 180,Electronics,2,798.29,28-04-2023 21:49,C001782,57,Female,Uk,SR019,0,1596.58
INV113090,P0060,Product 60,beauty ,-1,84.62,24-04-2023 01:35,C000078,58,Female,Germany,SR019,1,-84.62
INV196189,P0050,Product 50,Books,8,183.31,22-06-2023 06:49,C004092,68,Female,Frnace,SR002,0,1466.48
INV17623,P0075,Product 75,Home Decor,1,352.42,25-03-2023 13:30,C003373,44,Female,Untied States,SR005,0,352.42
INV132792,P0004,Product 4,Automotive,9 units,588.22,02-05-2023 22:35,C002876,43,Male,Germany,SR006,0,5293.98
INV176213,P0162,Product 162,electronisc,7,$248.30,15-04-2023 01:48,C001167,27,Female,Frnace,SR006,1,1738.1
INV145005,P0099,Product 99,Electronics ,3,$685.21,45023,C003370,19,Male,Untied States,SR005,0,2055.63
INV102237,P0115,Product 115,electronisc,7,715.61,25-02-2023 23:43,C002593,22,Male,Australia,SR019,0,5009.27
INV183623,P0002,Product 2,BEAUTY ,7,227.47,24-10-2023 16:28,,26,Male,USA,SR006,0,1592.29
INV138878,P0034,Product 34,Toys,1,$514.85,21-02-2023 06:26,C001655,44,Male,Germny,SR017,0,514.85
INV167607,P0153,Product 153,Fashion,4,522.75,23-04-2023 15:18,C002146,32,Female,Frnace,SR018,0,2091
INV182574,P0044,Product 44,Fashion,3,775.84,15-11-2023 22:42,C002609,41,Male,Germny,SR003,0,2327.52
INV156843,P0168,Product 168,electronisc,7,744.36,03-07-2023 10:06,C004684,47,Female,Germny,SR006,0,5210.52
INV109118,P0141,Product 141,Health,4 units,278.41,10-02-2023 19:20,C004900,23,Female,USA,SR014,0,1113.64
INV176029,P0081,Product 81,Toys,5,$668.37,28-01-2023 00:36,C000309,35,Male,USA,SR006,0,3341.85
INV186691,P0171,Product 171,Electronics,2,348.58,07-08-2023 11:05,C000221,43,F,Uk,SR002,0,697.16
INV176054,P0102,Product 102,Toys ,7 units,431.7,01-06-2023 14:01,C002013,39,Female,USA,SR005,1,3021.9
INV187126,P0151,Product 151,Toyz,3,472.74,06-12-2023 22:49,C001110,45,Female,Canad,SR007,0,1418.22
INV184797,P0138,Product 138,Books,9,117.27,11-05-2023 21:46,C002749,42,Male,U S A,SR011,0,1055.43
INV127679,P0183,,Automotive,5,701.72,10-01-2023 14:19,3741,65,Female,Uk,SR007,0,3508.6
INV127093,P0069,Product 69,Fashon,7,578.54,"Feb 28, 2023 12:01 PM",C001461,66,Male,USA,SR017,0,4049.78
INV103267,P0013,Product 13,Grocery,8,540.68,10-04-2023 05:49,C004215,43,Male,Canad,SR018,0,4325.44
INV134770,P0099,Product 99,Electronics,5,219.02,16-06-2023 15:13,C000092,20,Male,Frnace,SR013,0,1095.1
INV137608,P0131,Product 131,Home Decor,8,363.77,22-08-2023 20:17,C001080,21,Male,Canad,SR005,0,2910.16
INV154327,P0124,Product 124,Fashon,7,$480.67,31-10-2023 15:33,,42,Female,Untied States,SR016,0,3364.69
INV105283,P0022,Product 22,beauty ,6,497.06,15-11-2023 16:12,C001978,29,Male,Austalia,SR012,0,2982.36
INV187657,P0117,Product 117 (,home decor,4,237.01,20-09-2023 15:16,C004336,22,Male,Canad,SR011,0,948.04
INV168616,P0109,Product 109,Toyz,4,863.2,27-03-2023 00:23,C000181,43,MALE,UK,SR017,0,3452.8
INV194928,P0161,Product 161,Sports,3,808.42,"Jul 18, 2023 10:23 AM",C000857,21,Male,Uk,SR005,0,2425.26
INV113066,P0019,Product 19,Books,9,644.78,03-12-2023 12:22,C003598,47,Female,Canada,SR013,0,5803.02
INV195303,P0083,Product 83,Automotive,9,337.23,18-07-2023 03:11,C002798,,Male,Untied States,SR007,0,3035.07
INV157142,P0168,Product 168,electronisc,8,35.47,07-04-2023 21:26,C003940,34,,Germany,SR004,0,283.76
INV110106,P0032,Product 32,Fashion,4,51.12,13-12-2023 01:59,C002253,19,Female,India,SR005,0,204.48
INV164424,P0112,Product 112,Toys,6,586.03,22-09-2023 07:15,C004668,19,Female,Australia,SR004,0,3516.18
INV182774,P0198,Product 198,Health,9,794.24,26-11-2023 21:30,C004017,61,Female,France,SR010,0,7148.16
INV100816,P0145,Product 145,Toys,-1,843.13,06-04-2023 03:45,C004536,36,Female,Australia,SR015,1,-843.13
INV176112,P0019,Product 19,Books,7 units,903.35,15-04-2023 23:18,C003595,62,,Frnace,SR015,0,6323.45
INV142166,P0013,Product 13,Grocery,2,728.34,25-03-2023 08:47,C004321,69,Male,Inda,SR004,0,1456.68
INV156201,P0035,Product 35,Fashon,5,424.67,45022,C004442,33,Fem,Germany,SR001,0,2123.35
INV191380,P0124,Product 124,Fashon,5,124.31,45213,C003482,50,Female,Untied States,SR013,0,621.55
INV167724,P0024,Product 24,Home Decor,6,993.75,13-05-2023 21:14,C003795,18,Female,France,SR007,0,5962.5
INV140555,P0078,Product 78,Books,4,806.1,15-11-2023 14:03,C000011,66,Female,Inda,SR002,0,3224.4
INV110613,P0169,Product 169,Electronics,6,470.01,01-08-2023 21:33,C002485,52,Male,USA,SR009,0,2820.06
INV184689,P0059,Product 59,home decor,9,411.23,45157,C002563,38,Female,Inda,SR011,0,3701.07
INV187683,P0142,Product 142,Toyz,8,182.23,29-05-2023 09:58,C002349,47,Male,Canad,SR001,0,1457.84
INV160495,P0013,Product 13,Grocery,2,502.05,09-06-2023 18:46,C004309,69,Male,Austalia,SR012,0,1004.1
INV130800,P0009,Product 9,Automotive,-4,126.86,16-05-2023 07:22,C004999,58,Female,Canad,SR012,1,-507.44
INV128288,P0037,Product 37,beauty ,4 units,506.91,22-07-2023 11:14,C003397,31,Male,Germny,SR012,0,2027.64
INV13975,P0072,Product 72,Toyz,4,296.02,14-12-2023 07:07,C004753,50,Female,Australia,SR009,0,1184.08
INV153222,P0046,Product 46,Books,6,308.25,28-01-2023 17:32,C004625,20,Male,U S A,SR009,0,1849.5
INV135715,P0061,Product 61,home decor ,1,439.56,27-07-2023 15:41,C003494,28,MALE,Germny,SR020,0,439.56
INV112203,P0019,Product 19,Books,7,$785.28,44930,,,Male,USA,SR007,Y,5496.96
INV116412,P0060,Product 60,beauty ,4,$923.93,16-01-2023 14:33,C004859,56,Male,Canad,SR006,0,3695.72
INV162574,P0165,Product 165,Beauty,6 units,436.18,10-08-2023 03:45,C002541,49,Male,U S A,SR005,0,2617.08
INV120945,P0092,Product 92,Fashon,1,161.05,45166,C003035,68,Male,Canad,SR002,0,$161.05 USD
INV136281,P0023,Product 23,Fashon,2 units,35.2,09-02-2023 02:29,C003162,61,Female,Germany,SR004,0,70.4
INV197466,P0064,Product 64,home decor,1,70.31,05-09-2023 17:52,C001597,37,Male,Australia,SR011,0,70.31
INV175173,P0136,Product 136,Beauty,4 units,508.31,22-03-2023 00:24,C000168,64,Male,Untied States,SR013,0,2033.24
INV124198,P0021,Product 21,beauty ,9,659.79,45244,C003286,34,Male,UK,SR020,0,5938.11
INV157556,P0116,Product 116,Sports,2,493.26,06-01-2023 00:35,C001613 ,31,Male,Germny,SR009,0,986.52
INV134997,P0159,Product 159,Fashon,4,573.69 USD,45259,C003976,45,Female,Inda,SR013,0,2294.76
INV185942,P0072,Product 72,Toyz,4,701.82,23-04-2023 01:04,C002042,22,Female,Canad,SR019,0,2807.28
INV190000,P0091,Product 91,Automotive,1,727.22,25-09-2023 20:25,C002091,66,Female,Germny,SR011,0,727.22
INV116119,P0104,Product 104,beauty ,8,179.15,12-06-2023 18:55,C003651,62,Male,U S A,SR006,0,1433.2
INV117456,P0119,Product 119,Fashion,8,835.96,04-10-2023 12:02,C001234,43,Female,Frnace,SR018,0,6687.68
INV160681,P0097,Product 97,SPORTS,3,781.95,25-01-2023 18:19,C004953,65,Male,Frnace,SR019,0,2345.85
INV169717,P0052,Product 52,SPORTS,8,844.19,21-12-2023 14:34,C003224,32,Male,UK,SR015,0,6753.52
INV182652,P0007,Product 7,electronisc,2,48.44,44938,C003794,54,Female,Australia,SR015,1,96.88
INV192366,P0082,Product 82,Health,2,617.99,23-11-2023 07:57,C003104,20,,Uk,SR003,0,1235.98
INV116277,P0016,Product 16,Fashon,5,658.49,"May 16, 2023 07:21 PM",C002089,42,Female,Austalia,SR009,0,3292.45
INV148531,P0170,Product 170,Electronics,1 units,913.5,45202,C000084 ,48,Male,USA,SR004,0,913.5
INV101622,P0130,Product 130,Health,9,290.88,23-08-2023 07:51,C000138,32,Female,UK,SR005,0,2617.92
INV157196,P0063,Product 63,beauty ,-3,645.86,04-02-2023 15:31,C003518,52,Female,Australia,SR017,1,-1937.58
INV126582,P0148,Product 148,Toyz,3,595.36,26-12-2023 18:09,C002346,57,Female,Germany,SR019,0,1786.08
INV197335,P0024,Product 24,Home Decor,8,57.43,31-05-2023 03:53,C002871,64,Male,India,SR016,0,459.44
INV159790,P0198,Product 198,Health,8,934.8,05-08-2023 16:45,C001124,54,Female,U S A,SR015,0,7478.4
INV111760,P0160,Product 160,Grocery,7,$980.85,22-05-2023 07:36,C003413,56,Female,Inda,SR004,0,6865.95
INV140025,P0061,Product 61,home decor,1,992.08,04-03-2023 14:33,C004462,55,Male,Germny,SR008,0,992.08
INV102980,P0180,Product 180 ###,Electronics,7,24.34,30-08-2023 01:25,C004006,62,Female,France,SR005,0,170.38
INV134704,P0039,Product 39,SPORTS,4,518.67,08-09-2023 08:08,,28,Female,USA,SR005,0,2074.68
INV162144,P0162,Product 162,electronisc,7,247.66,28-05-2023 10:16,C000259,68,Male,U S A,SR001,0,1733.62
INV128757,P0086,Product 86,ELECTRONICS,7,332.91,14-09-2023 05:05,C001326,39,Female,U S A,SR020,0,2330.37
INV129887,P0200,Product 200,Home Decor,6,437.53,16-06-2023 00:22,,30,,Austalia,SR006,0,2625.18
INV125474,P0133,Product 133,Grocery,-2,202.94,45160,C002805,43,Male,Australia,SR018,1,-405.88
INV176136,P0165,Product 165,Beauty,5 units,352.6,07-09-2023 16:14,C004199 ,50,Male,Canada,SR014,0,1763
INV110207,P0021,Product 21  - damaged,beauty ,7,133.41,09-09-2023 00:26,C001231,68,Female,Canad,SR005,0,933.87
INV162444,P0188,Product 188,Toys,5,922.13,45020,C003727,105,Male,Uk,SR008,0,4610.65
INV128233,P0166,Product 166,FASHION,5,819.57,08-05-2023 21:02,C002287,56,,Germany,SR001,0,4097.85
INV169474,P0186,Product 186,Books,-4,713.3,"Oct 11, 2023 02:03 PM",C000313,41,Female,Germany,SR020,1,-2853.2
INV10108,P0126,Product 126,Toys,1,664.52,03-11-2023 07:14,C003203,50,Female,Inda,SR008,0,664.52
INV118905,P0043,Product 43,Sports,8,491.18,45190,C003431,30,Female,Germny,SR002,0,3929.44
INV15720,P0153,Product 153,Fashion,3,911.87,45221,C002828,21,Male,France,SR012,0,2735.61
INV130007,P0051,Product 51,SPORTS,8 units,399.73,13-06-2023 23:04,C002852,66,Female,Uk,SR001,0,3197.84
INV100915,P0114,Product 114,BEAUTY ,3,184.56 USD,02-02-2023 11:41,C001860,41,female,Frnace,SR015,0,553.68
INV195275,P0178,Product 178,Toys,2,744.94,31-08-2023 15:46,C004773,68,Female,India,SR018,0,1489.88
INV146808,P0029,Product 29,Sports,8,$854.05,45035,C000466,,F,Inda,SR020,0,6832.4
INV109452,P0143,Product 143,TOYZ,4,470.65,10-03-2023 13:31,C001607,27,MALE,UK,SR010,0,1882.6
INV107106,P0177,Product 177,Home Decor,6,896.36,08-05-2023 05:40,C000939,53,Female,Austalia,SR001,0,5378.16
INV133941,P0132,Product 132,Toys,1,44.49,10-10-2023 07:31,,26,Female,Frnace,SR012,0,44.49
INV189025,P0010,Product 10,Home Decor,5,757.94,15-05-2023 03:00,C002936,45,Male,Australia,SR009,0,3789.7
INV194407,P0065,Product 65,Electronics,4,212.66,45002,C004128,45,Male,Untied States,SR006,0,850.64
INV199429,P0016,Product 16,Fashon,1 units,206.71,45209,C003713,61,Female,Germny,SR012,0,206.71
INV101820,P0155,Product 155,BEAUTY,4,229.52,21-11-2023 20:27,C000017,52,Female,UK,SR014,0,918.08
INV150531,P0017,Product 17 ###,Fashon,1,869.8,24-09-2023 18:00,C004648,36,Male,USA,SR019,0,869.8
INV171901,P0143,Product 143,Toyz,3 units,313.71,45247,C002748,64,F,Canad,SR012,0,941.13
INV136160,P0142,Product 142,Toyz,3,282.49,25-11-2023 03:20,C003729,68,Female,Austalia,SR013,0,847.47
INV182183,P0117,Product 117,home decor,1,313.09,45041,C000638,22,Female,USA,SR001,0,313.09
INV120938,P0184,Product 184,Electronics,3,818.03,27-10-2023 13:22,,55,F,Uk,SR003,0,2454.09
INV145997,P0121,Product 121,home decor,-1,632.68,45268,C003815,,Male,UK,SR007,1,-632.68
INV185358,P0192,Product 192,Fashion,9,764.07,11-10-2023 15:22,C000327,37,Female,Austalia,SR001,0,6876.63
INV124761,P0153,Product 153,Fashion,7,$138.46,16-04-2023 11:36,C003641,30,Female,Frnace,SR005,0,969.22
INV141577,P0198,Product 198,Health,5,246.64,01-10-2023 17:17,C000343,48,Male,USA,SR003,N,1233.2
INV131563,P0064,Product 64,home decor,1,464.58,29-12-2023 09:26,C000173,30,Female,Canad,SR011,0,464.58
INV178450,P0149,Product 149,Beauty,8,805.55,10-08-2023 04:52,C000821,26,Male,Australia,SR017,0,6444.4
INV116386,P0026,Product 26,Toys,9,581.66,18-10-2023 13:43,C001364,66,Female,Austalia,SR003,0,5234.94
INV177850,P0050,Product 50,Books ,-3,626.25,17-08-2023 16:59,C003957,61,Female,Untied States,SR013,1,-1878.75
INV164310,P0089,Product 89,Home Decor,3,604.23,23-07-2023 00:34,C001551,40,Male,Australia,SR007,0,1812.69
INV166011,P0075,Product 75,Home Decor,6,768.19,45024,C002322,30,,India,SR007,0,4609.14
INV117573,P0168,Product 168,electronisc,5,143.93,45078,C001817,29,Male,U S A,SR001,0,719.65
INV195595,P0172,Product 172,Health,2,112.04,02-07-2023 06:45,C003704,63,Male,India,SR008,0,224.08
INV126709,P0193,Product 193,ELECTRONICS,7,361.73,24-12-2023 14:34,C004839,21,Male,Inda,SR013,0,2532.11
INV160507,P0170,Product 170,GROCERY,1,517.54,11-07-2023 07:37,C004244,53,Female,Canada,SR012,0,517.54
INV171898,P0169,Product 169,GROCERY,7,653.24,27-06-2023 03:01,C004876,29,Female,France,SR008,0,4572.68
INV171223,P0122,Product 122,Grocery,1,977.51,03-02-2023 03:02,C001054 ,40,Female,Austalia,SR008,0,977.51
INV199215,P0125,Product 125,electronisc,4 units,992.09,11-09-2023 13:52,C002520,22,Female,Canad,SR010,0,3968.36
INV189049,P0066,Product 66,Toys,6,869.33,05-06-2023 05:17,C002973 ,61,Male,Uk,SR020,0,"$5,215.98 USD"
INV106659,P0163,Product 163,Toyz,4,958.21,44928,C000293,62,Male,Inda,SR012,0,3832.84
INV184976,P0061,Product 61,home decor,8,375.93,23-10-2023 05:50,C003312,47,Male,Canada,SR016,0,3007.44
INV182543,P0067,Product 67,Health,5,612.8,10-11-2023 07:52,C000714,42,Female,Frnace,SR013,0,3064
INV104657,P0086,Product 86,Electronics,9,118.63,13-06-2023 21:23,C001931,27,Male,UK,SR002,0,1067.67
INV172938,P0184,Product 184,Electronics,1,634.87,27-11-2023 19:18,C002946,61,Male,France,SR012,0,634.87
INV166368,P0018,Product 18,Toyz,4,360.75,24-03-2023 02:52,C003702,37,Female,Germny,SR009,0,1443
INV177731,P0073,Product 73,Automotive,5,$170.57,01-10-2023 19:52,C004508,66,Female,Uk,SR006,0,852.85
INV180464,P0119,Product 119,FASHION,6,762.45,17-06-2023 09:08,C001596,21,Female,Australia,SR012,0,4574.7
INV127904,P0164,Product 164,Grocery,3,$967.84,30-01-2023 01:23,C004169,28,Female,France,SR003,0,2903.52
INV147261,P0128,Product 128,Electronics,9,545.76,23-02-2023 00:41,C001786,26,Female,USA,SR003,0,4911.84
INV137389,P0048,Product 48,Fashon,1,824.27,45278,C001569,30,Female,India,SR011,0,824.27
INV116378,P0030,Product 30,SPORTS,9,589.8,17-04-2023 19:08,C002827,69,Female,Canad,SR020,0,5308.2
INV190192,P0107,Product 107,home decor,6,533.03,24-04-2023 12:08,C000772,47,Female,India,SR006,0,3198.18
INV102640,P0048,Product 48,Fashon,4,212.87,04-05-2023 07:48,C002185,66,Male,UK,SR018,0,851.48
INV166601,P0198,Product 198,Health,1,36.39,22-04-2023 01:26,C003162,61,Female,Austalia,SR017,0,36.39
INV112456,P0057,Product 57,AUTOMOTIVE,2,100.98,09-05-2023 03:07,C000452,48,Female,Frnace,SR016,0,201.96
INV128849,P0116,Product 116,Sports,2,761.21,26-08-2023 10:43,C002644,19,Male,India,SR015,0,1522.42
INV109977,P0011,Product 11 (,Fashion,3,782.86,10-12-2023 12:09,C000526,22,Male,Austalia,SR005,0,2348.58
INV170234,P0031,Product 31,Health,8,497.74,22-11-2023 15:07,C000869,68,Female,Canad,SR009,0,3981.92
INV152674,P0091,Product 91,Automotive,2,468.75,14-07-2023 00:46,C000320,40,Male,Inda,SR011,0,937.5
INV157254,P0090,Product 90,FASHON,5,$232.17,23-06-2023 07:38,2306,19,Male,India,SR016,0,1160.85
INV126482,P0134,Product 134,AUTOMOTIVE,6,640.35,24-07-2023 10:07,C004239,30,Female,Austalia,SR015,0,3842.1
INV185915,P0085,Product 85,Fashion,2,226.27,04-03-2023 05:56,C004359,67,Female,Germny,SR013,0,452.54
INV192215,P0003,,electronisc,5 units,932.11,13-06-2023 01:27,,21,Female,Inda,SR005,0,4660.55
INV138829,P0014,Product 14,Fashion,5,857.97,05-05-2023 06:13,C002969,24,Male,Austalia,SR020,,4289.85
INV109501,P0128,Product 128,Electronics,9,454.86,01-03-2023 20:44,C002408,200,Female,France,SR019,0,4093.74
INV163178,P0064,Product 64,home decor,6,888.32,09-01-2023 15:47,C000972,54,Male,USA,SR006,0,5329.92
INV115391,P0050,Product 50,Books,5,791.4,27-10-2023 01:33,C002130,23,Female,Canada,SR009,0,3957
INV112979,P0199,Product 199  - damaged,Health,4,884.44,19-01-2023 08:37,C001053,47,Male,India,SR014,0,3537.76
INV106339,P0017,Product 17,Fashon,4,427.98,31-07-2023 07:31,C001329,32,Female,U S A,SR013,0,1711.92
INV136651,P0161,Product 161,Sports,3,358.97,24-06-2023 09:52,C004604,58,Male,Australia,SR005,0,1076.91
INV108709,P0121,Product 121,home decor,7,954.38,31-12-2023 00:12,C002869,32,Male,Germny,SR009,0,6680.66
INV193304,P0060,Product 60,beauty ,2,458.69,"Sep 05, 2023 03:31 PM",C000600,21,Male,Australia,SR002,0,917.38
INV172884,P0088,Product 88,Beauty,2,675.27,26-10-2023 10:57,,60,Female,Austalia,SR008,0,1350.54
INV167051,P0101,Product 101,SPORTS,9,584,45240,C003231,29,Female,France,SR010,0,5256
INV128079,P0198,Product 198,Health,2,$143.21,12-12-2023 02:35,C000703,27,Female,India,SR004,0,286.42
INV191840,P0173,Product 173,Grocery,4,128.47,"Nov 29, 2023 11:00 PM",C002820,21,Female,Canad,SR017,0,513.88
INV146755,P0189,Product 189,GROCERY,3,903.11,"Jan 22, 2023 02:52 AM",C002326,33,Male,Germany,SR004,0,2709.33
INV183675,P0188,Product 188,TOYS,6,694.06,01-02-2023 22:38,C000003,33,Male,Australia,SR012,0,4164.36
INV178432,P0077,Product 77,Beauty,3,720.73,10-07-2023 06:03,C004291,42,Male,Germny,SR002,0,2162.19
INV136486,P0165,Product 165,Beauty,9,563.81,45188,,64,Male,Frnace,SR006,0,5074.29
INV198361,P0066,Product 66,Toys,4 units,445.7,29-01-2023 12:43,C000504,35,Female,U S A,SR020,0,1782.8
INV159785,P0131,Product 131,Home Decor,8,509.21,09-09-2023 03:12,C000294,28,Male,U S A,SR019,0,4073.68
INV136881,P0170,Product 170,GROCERY,7 units,$96.25,13-09-2023 13:02,C000972,54,Male,U S A,SR006,N,673.75
INV115723,P0078,Product 78,Books,7,418.07,05-03-2023 20:10,C002615 ,48,Female,Canad,SR014,1,2926.49
INV142428,P0119,Product 119,Fashion,8,141.75,45241,C004078,,Female,U S A,SR009,0,1134
INV142261,P0077,Product 77,Beauty,2,725.26,11-08-2023 16:56,C003248,31,Female,Uk,SR009,0,1450.52
INV12709,P0106,Product 106,Books,1,261.58,18-12-2023 09:13,C001946,60,Male,Germny,SR008,0,261.58
INV169096,P0050,Product 50,Books,3 units,23.56,21-11-2023 17:28,C000863,57,Male,Inda,SR003,0,70.68
INV174635,P0148,Product 148,Toyz,1,620.97,27-08-2023 14:28,C001242,56,Female,USA,SR016,0,620.97
INV160095,P0131,Product 131,Home Decor,4,894.52,18-07-2023 06:02,C004549,68,Female,Inda,SR020,N,3578.08
INV147753,P0196,Product 196,Beauty,7,875.75,01-11-2023 16:28,C000763,23,Male,Australia,SR009,0,"$6,130.25 USD"
INV102709,P0136,Product 136  - damaged,Beauty,9,788.85,45016,C003139,45,Male,Untied States,SR016,0,7099.65
INV188086,P0177,Product 177,Home Decor,6,738.95,44966,,20,Male,Canad,SR009,0,4433.7
INV168791,P0158,Product 158,Fashion,9 units,772.55,02-11-2023 17:28,C002307,40,Male,UK,SR011,0,6952.95
INV196125,P0014,Product 14,Fashion,1,573.6,15-08-2023 02:41,C003874,67,Male,Frnace,SR015,0,573.6
INV125327,P0091,Product 91,Automotive,5,204.25,22-09-2023 19:26,C003729,68,Female,Uk,SR018,0,1021.25
INV143703,P0176,Product 176,Sports,7,508.4,26-02-2023 13:44,C004268,41,female,Untied States,SR014,0,3558.8
INV166084,P0054,Product 54,beauty ,3,518.12,12-09-2023 15:37,C004567,22,Male,Inda,SR013,0,1554.36
INV155570,P0080,Product 80,Health,6,176.3,11-10-2023 02:01,C001944,37,Female,Untied States,SR010,0,1057.8
INV103025,P0048,Product 48,Fashon,9 units,697.16,26-06-2023 10:51,C001781,66,Female,India,SR009,0,6274.44
INV189783,P0023,Product 23,Fashon,6,713.46,24-01-2023 00:14,C001596,21,Female,Austalia,SR007,0,4280.76
INV129306,P0002,Product 2,beauty ,3,557.08,10-04-2023 22:34,C004029,27,Female,India,SR017,0,1671.24
INV165573,P0057,Product 57,Automotive,4,103.11,44993,C003831,57,Female,Austalia,SR003,0,412.44
INV132012,P0149,Product 149,Beauty,7,322.4,14-03-2023 08:52,C002156,69,Male,Uk,SR008,0,"$2,256.80 USD"
INV134633,P0089,Product 89,Home Decor,8,369.02,21-08-2023 13:50,C000164,62,Female,Austalia,SR004,0,2952.16
INV196832,P0169,Product 169,GROCERY,6,855.98,31-08-2023 11:51,C003046,32,Male,Canada,SR012,0,5135.88
INV137530,P0066,Product 66 ###,Toys,7,994.57,04-12-2023 10:35,C004315,18,Female,UK,SR014,0,6961.99
INV18696,P0089,Product 89,Beauty,1,193.29,"Jun 05, 2023 05:17 PM",C004418,53,Female,Austalia,SR007,0,193.29
INV143076,P0081,,Toys,2,992.37,29-08-2023 09:36,,33,Male,Canada,SR016,0,1984.74
INV155292,P0157,Product 157 (,Electronics,5,581.2,29-01-2023 15:24,C001385,49,Male,India,SR002,0,2906
INV177038,P0174,Product 174,GROCERY,8,422.67,09-12-2023 14:39,C000893,69,Male,Australia,SR017,0,3381.36
INV110409,P0045,Product 45,Grocery,1,263.22,08-10-2023 16:33,C000390,36,Female,U S A,SR005,0,263.22
INV135217,P0112,Product 112,Toys,8 units,972.17,45135,C003709,36,Male,Germany,SR001,0,7777.36
INV175715,P0138,Product 138,Books,7,305.18,28-09-2023 14:08,C001651,31,Male,Germany,SR006,0,2136.26
INV185540,P0184,Product 184,Electronics,7,246.72,28-04-2023 21:27,C002494,50,Female,Uk,SR018,0,1727.04
INV113650,P0182,Product 182,Toys,8,369.12,45036,C001229,60,Female,Austalia,SR019,0,2952.96
INV160793,P0114,Product 114,beauty ,6,785.5,45077,C002138,60,Male,France,SR003,0,4713
INV165502,P0099,Product 99,Electronics,6,660.78,27-10-2023 11:37,C002444,25,Fem,India,SR002,0,3964.68
INV112150,P0157,Product 157,Electronics ,3,992.11 USD,27-07-2023 23:30,C000639,35,Male,UK,SR008,0,2976.33
INV168779,P0093,Product 93,Electronics,6,$957.42,27-11-2023 21:11,C004087,53,Female,Australia,SR012,,5744.52
INV180086,P0085,Product 85,Fashion,7,838.58,05-09-2023 07:12,C001994 ,61,Female,UK,SR020,0,5870.06
INV187002,P0061,Product 61,home decor,5,27.08,44970,C004062,33,Male,Untied States,SR011,0,135.4
INV151104,P0045,Product 45,Grocery,6,294.36,26-07-2023 20:09,2962,35,Male,Germny,SR011,0,1766.16
INV177120,P0045,Product 45,GROCERY,-2,295.09,30-11-2023 20:29,C002124,61,Male,France,SR015,1,-590.18
INV152003,P0041,Product 41,Sports,5,$897.44,20-02-2023 03:55,C004990,61,Female,Australia,SR008,0,4487.2
INV127710,P0030,Product 30,SPORTS,-3,627.44,12-07-2023 18:34,C003935,23,Female,Uk,SR019,1,-1882.32
INV165235,P0010,Product 10,Home Decor,3,53.22,24-03-2023 12:13,C001026,69,Female,USA,SR016,0,159.66
INV178251,P0099,Product 99,Electronics,4,267.33,"Sep 03, 2023 04:49 AM",2132,67,Female,Untied States,SR014,0,1069.32
INV137730,P0060,Product 60,beauty ,6,104.93,17-02-2023 21:14,C001163 ,39,Male,Germny,SR002,0,629.58
INV158536,P0028,Product 28,Toys,9,574.5,04-02-2023 00:48,C000102,49,Fem,Germany,SR007,0,5170.5
INV135290,P0012,Product 12,Fashon,9,239.64,21-06-2023 11:38,C003251,52,Male,Frnace,SR018,0,2156.76
INV189478,P0137,Product 137,Electronics,1,581.15,09-09-2023 08:34,C002506,55,Female,France,SR007,0,581.15
INV105214,P0187,Product 187,Home Decor ,7,518.1,45027,C001913,45,Female,Inda,SR014,0,3626.7
INV125713,P0136,Product 136,Beauty,6 units,952.58,20-03-2023 13:19,C004562,25,Female,Canad,SR011,0,5715.48
INV101517,P0147,Product 147,Home Decor,4,112.81,05-10-2023 17:56,C003695 ,29,Female,UK,SR020,0,451.24
INV124769,P0001,Product 1,Toys,2,656.68,45160,726,64,Female,Uk,SR010,0,1313.36
INV133317,P0102,Product 102,Toys ,1,112.33,45135,C004869,56,Female,UK,SR004,0,112.33
INV186082,P0009,Product 9,Automotive,4,373.89,03-07-2023 00:07,2079,42,Female,Untied States,SR010,0,1495.56
INV100017,P0022,Product 22,beauty ,9,837.01,17-11-2023 07:04,C002663,30,Female,Germany,SR016,0,7533.09
INV134000,P0037,Product 37,beauty ,3,251.62,"Jul 19, 2023 11:56 PM",C003319,38,Female,USA,SR009,0,754.86
INV127419,P0040,Product 40  [refurbished],Toyz,3,703.79,44974,,56,Female,Canada,SR011,0,2111.37
INV139869,P0164,Product 164,Grocery,9,988.31,45200,C004478,64,Female,Untied States,SR017,0,8894.79
INV185298,P0018,Product 18,Toyz,3,944.07,08-12-2023 17:19,C004823,22,Female,U S A,SR013,0,2832.21
INV141127,P0098,Product 98,Home Decor,-4,221.4,31-07-2023 23:47,4518,21,Male,Frnace,SR018,1,$-885.60 USD
INV157133,P0037,Product 37,beauty ,2,354.14,22-03-2023 07:36,C001866,53,Female,Inda,SR004,0,708.28
INV132162,P0160,Product 160,Grocery,6,254.8,45191,C001599,53,Female,India,SR016,,1528.8
INV128441,P0177,Product 177,Home Decor ,5,376.68,08-10-2023 07:47,C000458,29,F,France,SR020,0,1883.4
INV140104,P0141,Product 141,Health,6,172.05,12-01-2023 23:27,C004043 ,27,Male,UK,SR012,0,1032.3
INV176500,P0088,Product 88,Beauty ,5,254.35,18-12-2023 12:17,C000225,56,,U S A,SR004,0,1271.75
INV190674,P0095,,Beauty,2,727.62,"Aug 14, 2023 07:30 AM",C004304,43,Female,Inda,SR007,0,1455.24
INV164419,P0069,Product 69,Fashon,4,28.67,17-02-2023 06:07,C001547 ,60,Female,UK,SR016,0,114.68
INV160061,P0174,Product 174 (,GROCERY,2,679.05,16-04-2023 20:08,C001977,31,Male,Austalia,SR016,0,1358.1
INV123822,P0028,Product 28,Toys,6,127.12,14-01-2023 00:24,C001454,22,Female,Inda,SR011,0,762.72
INV134939,P0180,Product 180,Electronics,2,307.12,21-05-2023 10:58,C001311,29,Female,Uk,SR011,1,614.24
INV174421,P0007,Product 7,electronisc,1,456.85,05-07-2023 07:05,C000468,45,Male,France,SR002,0,456.85
INV129309,P0073,Product 73,Automotive,3,$687.79,11-03-2023 07:33,C003976,45,Female,Canada,SR013,0,2063.37
INV137524,P0139,Product 139,Fashon,7,714.71,04-08-2023 17:12,C002459,37,Male,Uk,SR012,0,5002.97
INV112566,P0036,Product 36 ***,Automotive,8,465.25,20-07-2023 21:02,C000712,30,Female,Canada,SR002,0,3722
INV164260,P0195,Product 195  - damaged,Fashon,4,248.33,16-11-2023 15:01,C002415,52,Male,Austalia,SR003,0,993.32
INV143266,P0013,Product 13,Grocery ,9,694.81,20-11-2023 11:18,C001936,58,Female,U S A,SR002,0,6253.29
INV164944,P0011,Product 11,Fashion,1,121.89,16-04-2023 03:36,C004430,68,Female,Frnace,SR010,0,121.89
INV153798,P0179,Product 179,Health,-4,606.32,45112,C000242,62,Male,Uk,SR011,1,-2425.28
INV172914,P0142,Product 142,Toyz,6,633.87,18-03-2023 06:39,,23,Male,Inda,SR011,0,3803.22
INV118550,P0048,Product 48,Fashon,8,608.23,14-06-2023 01:07,C003906,39,Female,France,SR005,0,4865.84
INV148972,P0075,Product 75,HOME DECOR,3,753.07,14-03-2023 19:24,,23,,Germny,SR015,0,2259.21
INV116154,P0128,Product 128,Electronics,6 units,793.3,06-03-2023 03:00,C000424,,,Canada,SR007,0,4759.8
INV119733,P0110,Product 110,Sports,4,862.53,45178,C004341,29,Female,U S A,SR008,0,3450.12
INV151365,P0124,Product 124,Fashon,5,388.84,27-06-2023 08:12,C003109,60,Male,Uk,SR004,0,"$1,944.20 USD"
INV146264,P0019,Product 19,Books,9,226.46,28-06-2023 20:19,C004325,58,Male,UK,SR012,0,2038.14
INV130054,P0026,Product 26,Toys,2,626.09,"Jul 17, 2023 12:35 AM",C002294,44,Female,Canada,SR019,0,1252.18
INV191578,P0067,Product 67,Health,9,571.83,"Dec 01, 2023 07:45 AM",,51,Male,Frnace,SR002,0,5146.47
INV118043,P0076,Product 76,Electronics,2 units,710.41,14-04-2023 08:26,C002184,24,Male,France,SR015,0,1420.82
INV116799,P0140,Product 140,beauty ,-1,376.44,15-08-2023 01:21,1338,35,Male,Inda,SR004,1,-376.44
INV151541,P0122,Product 122,Grocery,5,681.63,30-08-2023 00:59,C001601,21,Female,Australia,SR005,0,3408.15
INV142487,P0061,Product 61,home decor,2,620.56,24-12-2023 16:33,C004611,23,Male,Inda,SR003,0,1241.12
INV174195,P0036,Product 36,Automotive,4,888.3,22-07-2023 21:53,C000307,65,Female,Australia,SR001,0,3553.2
INV116763,P0040,Product 40,Toyz,-1,887.15,45091,1193,54,Female,France,SR005,1,-887.15
INV174207,P0003,Product 3,electronisc,-2,995.36,16-10-2023 18:23,C002980,40,F,Germany,SR018,1,-1990.72
INV110923,P0087,Product 87,GROCERY,4,183.52,26-12-2023 03:33,,23,Female,Canad,SR014,0,734.08
INV165176,P0179,Product 179,Health,1,84.42,05-05-2023 15:05,C000453,18,Female,U S A,SR006,0,84.42
INV115917,P0195,Product 195,Fashon,6,391.24,44977,C001752,37,Male,USA,SR017,Y,2347.44
INV148185,P0167,Product 167,Grocery,1,348.53,17-03-2023 03:44,C004052,41,Male,USA,SR008,0,348.53
INV180914,P0197,Product 197,Beauty,1,242.75 USD,"Aug 31, 2023 01:38 AM",C002990,58,Male,France,SR009,0,242.75
INV154655,P0198,Product 198,Health,4,749.42,19-02-2023 12:40,C003940,34,Female,Germany,SR015,,2997.68
INV110771,P0069,Product 69 ###,Fashon,6,884.22,03-08-2023 02:08,C004342,43,Female,Canada,SR008,0,5305.32
INV134186,P0123,Product 123,Fashon ,3,674.34,22-10-2023 20:51,C002190,21,Female,Austalia,SR012,0,2023.02
INV193292,P0191,Product 191,Toyz,1,952.92,19-01-2023 23:29,,39,Male,Austalia,SR018,0,952.92
INV123784,P0128,Product 128,Electronics,5,618.8,24-01-2023 13:24,C001053,47,,Australia,SR018,0,3094
INV176967,P0065,Product 65,Electronics,5,658.11,25-06-2023 01:34,C004447,51,Female,Frnace,SR004,0,3290.55
INV137629,P0169,Product 169,GROCERY,2,732.9,03-05-2023 20:56,C002816,62,Female,Inda,SR007,0,1465.8
INV143612,P0176,Product 176,SPORTS,7 units,44.14,12-12-2023 21:22,C003938 ,68,Female,U S A,SR011,0,308.98
INV113059,P0059,Product 59,home decor ,2,467.13,21-08-2023 04:13,C002998,34,Male,Germany,SR009,0,934.26
INV173453,P0014,Product 14,Fashion,4,13.62,11-03-2023 09:15,C002645 ,32,Fem,U S A,SR018,0,54.48
INV193130,P0190,Product 190,GROCERY,6,606.58,28-03-2023 15:24,C004340,52,Male,France,SR011,0,3639.48
INV189117,P0082,Product 82,Health,5,10.17,18-03-2023 05:29,C002027,57,Male,Uk,SR005,0,50.85
INV194531,P0165,Product 165,Beauty,8,527.9,09-06-2023 13:59,C000319,30,Male,India,SR015,0,4223.2
INV134105,P0043,Product 43,Sports,4,104.38,17-04-2023 05:13,C003010,63,Male,Untied States,SR014,0,417.52
INV196753,P0084,Product 84,Fashon,8,271.42,23-05-2023 11:41,C001356,54,Female,U S A,SR016,0,2171.36
INV138723,P0117,Product 117,home decor,1,366.03,05-04-2023 14:23,C003264,39,Male,USA,SR006,0,366.03
INV191844,P0127,Product 127,Electronics,3,954.39,01-04-2023 20:26,C001329,32,Female,India,SR010,0,2863.17
INV189542,P0133,Product 133,GROCERY ,6,$322.24,13-06-2023 06:59,C001499,32,Male,Canada,SR001,0,1933.44
INV194629,P0148,Product 148 ###,Toyz,3,205.58,03-12-2023 22:02,C000111,34,Male,Inda,SR009,0,616.74
INV122295,P0130,Product 130,Health,8,941.43,45243,C000194,57,Female,France,SR005,0,7531.44
INV125735,P0159,Product 159,Fashon,3,81.55,08-05-2023 07:40,C000209,46,Female,India,SR017,0,244.65
INV137363,P0178,Product 178,Electronics,5,455.5,02-10-2023 12:50,C000922,41,F,Germny,SR005,0,2277.5
INV108506,P0084,Product 84,Fashon,6,609.48,15-03-2023 19:52,1855,54,Male,Canad,SR008,0,3656.88
INV162018,P0157,Product 157,Electronics,7,896.91,18-03-2023 16:42,C000513,44,MALE,India,SR012,1,6278.37
INV150171,P0047,Product 47,Sports,3,174.86,30-07-2023 18:59,C001762,58,Male,UK,SR004,0,524.58
INV168489,P0100,Product 100,Beauty,9,716.16,25-07-2023 22:38,C000696,55,Female,India,SR004,0,6445.44
INV143035,P0155,Product 155,Beauty,-1,908.39,06-06-2023 23:37,C003030,64,Female,France,SR006,,-908.39
INV112427,P0022,Product 22,beauty ,2,682.68,19-04-2023 15:23,C004184,31,Male,France,SR001,0,1365.36
INV126162,P0167,Product 167,Grocery,6,182.85,21-10-2023 16:42,C001530,36,Female,Austalia,SR013,0,1097.1
INV157144,P0097,Product 97,SPORTS,9,$672.00,22-10-2023 01:21,C004233,60,Male,India,SR013,0,6048
INV100630,P0166,Product 166,Fashion,8,855.1,14-06-2023 23:25,C002790,37,Male,Uk,SR006,0,6840.8
INV152426,P0170,Product 170,GROCERY,7,193.01,16-08-2023 21:28,C001428,23,Female,USA,SR019,0,1351.07
INV137000,P0077,Product 77,Beauty,3 units,619.89,07-12-2023 18:59,C002850,53,Female,Australia,SR016,0,1859.67
INV117226,P0142,Product 142,Toyz,9,23.72,45132,C002239,39,Female,France,SR011,0,213.48
INV126357,P0157,Product 157,Electronics,5,558.43,44950,C002893,59,Male,UK,SR011,0,"$2,792.15 USD"
INV161007,P0198,Product 198,Health,1,237.09,07-11-2023 22:55,,,Male,Untied States,SR020,0,237.09
INV192188,P0197,Product 197,Beauty,4,744.14,18-05-2023 03:39,C000344,69,Male,India,SR017,0,2976.56
INV125621,P0104,Product 104,beauty ,3,217.73,16-06-2023 19:15,C000894,32,Female,Uk,SR011,0,653.19
INV155555,P0013,Product 13,Grocery,6,188.45,"Mar 14, 2023 11:42 AM",C003316,63,Male,USA,SR015,0,"$1,130.70 USD"
INV110168,P0022,Product 22,beauty ,9,269.14,45206,944,37,Male,Germny,SR017,0,2422.26
INV195154,P0039,Product 39,SPORTS,4,56.79,45104,C003914,23,Female,Untied States,SR016,0,227.16
INV162223,P0087,Product 87,GROCERY,5,312.46,17-02-2023 20:07,C000339,26,Female,Canada,SR010,0,1562.3
INV138469,P0066,Product 66,Toys,2,527.42,27-01-2023 01:06,C003785,66,Female,UK,SR018,0,1054.84
INV172854,P0077,Product 77,Beauty,5,271.55,12-01-2023 04:14,C003428,56,Female,Inda,SR017,0,1357.75
INV137207,P0122,Product 122,Fashon,5,405.78,20-01-2023 14:16,,54,Female,UK,SR013,0,2028.9
INV159300,P0107,Product 107,home decor ,4,756.85,44953,C000904,55,Female,U S A,SR007,0,3027.4
INV153496,P0158,Product 158,Fashion,7,689.33,08-12-2023 00:56,C001621,24,Female,UK,SR002,0,4825.31
INV118772,P0164,Product 164 ###,Grocery,1,846.5,45045,C000320,40,Male,France,SR019,0,846.5
INV109022,P0093,Product 93,Electronics,9 units,$330.94,13-06-2023 11:59,C003020,19,Male,France,SR001,0,2978.46
INV135669,P0146,Product 146,Fashion,7 units,474.08,14-01-2023 10:51,1590,45,Male,Uk,SR016,0,3318.56
INV156135,P0045,Product 45,Grocery,6,931.22,14-04-2023 01:31,C002909 ,21,Male,Canada,SR004,0,5587.32
INV187598,P0144,Product 144,Fashon,9,190.27,10-06-2023 14:53,C001732,28,M,France,SR002,0,1712.43
INV111520,P0165,Product 165,Beauty,2,742.37,13-09-2023 15:33,C000081,46,Female,Austalia,SR014,0,1484.74
INV114789,P0022,Product 22,beauty ,6,230.79,"Mar 01, 2023 11:15 AM",C002874,56,Female,India,SR006,0,1384.74
INV190163,P0008,Product 8,Sports,3,773.61,12-04-2023 18:43,C001415,65,Male,Austalia,SR010,0,2320.83
INV149971,P0129,Product 129,home decor,1,303.97,03-06-2023 11:11,,43,Female,UK,SR008,0,303.97
INV192439,P0167,Product 167,Grocery,6 units,806.97,02-12-2023 19:26,C003149,37,Male,Australia,SR003,,4841.82
INV155761,P0064,Product 64,home decor,3,468.91,18-11-2023 05:23,C001373,62,Female,Canad,SR011,0,1406.73
INV148018,P0028,Product 28,Toys,2,278.64,23-02-2023 02:57,C003684,45,Male,France,SR003,0,557.28
INV125822,P0054,Product 54,beauty ,6,674.6,26-05-2023 07:55,C004440,25,Male,Canad,SR003,0,4047.6
INV108378,P0163,Product 163,Toyz,3 units,101.59,30-10-2023 00:02,C004869,56,Female,UK,SR010,0,304.77
INV124707,P0092,Product 92,Home Decor,4,849.38,02-02-2023 11:34,C004689,5,Male,Inda,SR002,,3397.52
INV171851,P0071,Product 71,electronisc,5,445.65,45117,C004335,21,Female,Canada,SR015,0,2228.25
INV16948,P0117,Product 117,home decor,3,91.03,03-11-2023 20:35,C004881,39,Male,Inda,SR010,0,273.09
INV175829,P0102,Product 102,Toys,1 units,539.32,45253,C001670,18,Female,UK,SR013,0,539.32
INV113948,P0179,Product 179,Health ,7 units,$271.51,31-05-2023 04:37,C000843,46,Male,Frnace,SR012,0,1900.57
INV108224,P0115,Product 115,electronisc,1,446.08,10-06-2023 02:45,C000608,51,Male,Inda,SR005,0,446.08
INV197957,P0128,Product 128,ELECTRONICS,9,431.29,06-01-2023 05:00,C001180,62,Female,USA,SR016,0,3881.61
INV144484,P0143,Product 143,Toyz,8,814.11,45219,C003068,52,Male,Germany,SR009,0,6512.88
INV162995,P0188,Product 188,Toys,5,367.22,17-05-2023 07:13,C003197,61,male,India,SR008,0,1836.1
INV152092,P0026,Product 26,Toys,4,780.74,45059,C001124,54,Female,Canada,SR005,0,3122.96
INV119115,P0175,,Home Decor,2,433.34,31-12-2023 01:42,C002124,61,Male,Inda,SR011,0,866.68
INV198104,P0082,Product 82,Health,7,150.41,26-05-2023 04:09,C003772,29,Male,France,SR014,0,1052.87
INV15092,P0127,Product 127,Electronics,9 units,269.77,14-12-2023 18:26,C002467,40,Male,Canad,SR018,0,2427.93
INV115681,P0111,Product 111,Beauty,3,57.06,12-09-2023 12:40,C002217,67,Male,India,SR013,0,171.18
INV183119,P0163,Product 163,Toyz,9,694.24,30-09-2023 16:26,C003031,57,Male,Germany,SR002,0,6248.16
INV123645,P0145,Product 145,Toys,8,692.98,17-07-2023 23:25,C002958,44,Female,Inda,SR011,0,5543.84
INV151335,P0179,Product 179,Health,9,5.13,05-01-2023 15:12,3792,53,Female,U S A,SR018,0,46.17
INV113656,P0154,Product 154,Fashion,4 units,740.51,01-09-2023 16:38,C001530,36,Female,UK,SR002,0,2962.04
INV137817,P0165,,Beauty,1,94.09,24-06-2023 23:16,C004860,33,Female,Germany,SR018,0,94.09
INV148074,P0030,Product 30,SPORTS,5,549.1,45006,C003732,35,Male,U S A,SR006,0,2745.5
INV108160,P0058,Product 58,GROCERY,8,286.94,03-01-2023 05:57,C000753,41,Female,Austalia,SR004,0,2295.52
INV108555,P0029,Product 29,Sports,8,760.06,22-04-2023 03:07,C000985,28,Male,Canada,SR001,0,6080.48
INV188338,P0184,Product 184,Electronics,7 units,75.71,22-03-2023 09:55,C000908,50,Female,Canada,SR012,0,529.97
INV119821,P0086,Product 86,Electronics,4,558.21,28-12-2023 07:58,C000335,29,Male,Germany,SR005,0,2232.84
INV111649,P0198,Product 198,Health,1,368.53,45108,C000607,22,Male,U S A,SR020,0,368.53
INV183373,P0186,Product 186,Books,5,115.15,23-08-2023 07:28,,42,Female,France,SR010,0,$575.75 USD
INV104136,P0160,Product 160,Grocery,7,668.11,23-12-2023 13:24,C001753,50,Male,USA,SR010,0,4676.77
INV180049,P0028,Product 28,Toys,5,663.42,45011,C001631,40,Female,Canad,SR007,0,3317.1
INV194670,P0177,Product 177,Electronics,4,127,45101,C002704,38,Female,Germny,SR002,0,508
INV192712,P0123,Product 123,Fashon,4,984.92,27-10-2023 06:03,C003632,62,Female,Frnace,SR012,0,3939.68
INV134189,P0134,Product 134,Automotive,4,648.27,19-09-2023 01:28,C001225,38,Female,Canad,SR004,0,2593.08
INV150047,P0093,Product 93,Electronics,4,649.3,12-12-2023 03:27,,69,Male,Uk,SR016,0,2597.2
INV161061,P0099,Product 99,Electronics,3,665.07,45035,C000144,39,Male,Uk,SR005,0,1995.21
INV143795,P0083,Product 83,Automotive,3,82.62,12-04-2023 12:40,C000862 ,35,Female,Australia,SR001,N,247.86
INV195135,P0103,Product 103,Health,4,163.56,15-05-2023 20:55,C000408 ,44,Female,Untied States,SR007,0,654.24
INV151165,P0119,Product 119,Fashion,1,174,19-04-2023 12:16,C000238,36,Female,India,SR010,0,174
INV116854,P0075,Product 75 ***,Home Decor,4,389.41,02-01-2023 11:26,C000884,56,Female,Uk,SR007,0,1557.64
INV148881,P0180,Product 180,Electronics,5,876.16,03-11-2023 03:07,C000086,50,Male,U S A,SR007,0,4380.8
INV113407,P0155,Product 155,Beauty,4,581.91,26-11-2023 02:47,C001704,42,Male,Austalia,SR010,0,"$2,327.64 USD"
INV152032,P0091,,Automotive,8,439.63,45009,C004029,27,Female,Inda,SR009,0,3517.04
INV145957,P0030,Product 30,SPORTS,9,$547.73,18-07-2023 18:02,C000390,36,Female,Germny,SR002,0,4929.57
INV157262,P0011,Product 11,FASHION,9 units,504.49,45045,C002696,56,Female,Austalia,SR014,0,4540.41
INV104192,P0104,Product 104 ###,beauty ,6,649.03,45019,C003166,61,Male,India,SR013,0,3894.18
INV105189,P0114,Product 114,beauty ,1,$95.42,45166,C001366,46,Male,UK,SR013,0,95.42
INV152785,P0053,Product 53,GROCERY,5,42.39,14-11-2023 03:32,C001951,54,Female,Uk,SR004,0,211.95
INV136798,P0157,Product 157,Electronics,6,601.03,14-09-2023 03:50,C003973,54,Male,USA,SR005,0,3606.18
INV121006,P0130,Product 130,Health,1 units,529.08,23-03-2023 23:09,C002709 ,24,Male,Frnace,SR006,0,529.08
INV158354,P0111,Product 111,Beauty,6,483.82,03-04-2023 09:27,,61,Female,Australia,SR001,0,2902.92
INV115180,P0004,Product 4,Automotive,3,908.17,44976,C004729,60,Male,USA,SR003,0,2724.51
INV176848,P0106,Product 106,Books,9,657.66,20-11-2023 04:47,C004244,53,Female,Australia,SR007,0,5918.94
INV163409,P0088,Product 88,Beauty,4,935,05-02-2023 02:17,C001707,24,Female,Canad,SR007,0,3740
INV104297,P0191,Product 191,Toyz,2,191.01,24-04-2023 17:05,C001321,24,Fem,Austalia,SR006,0,382.02
INV150149,P0192,Product 192,Fashion,4 units,217.44,15-10-2023 05:17,C004449,34,Female,Canad,SR001,0,869.76
INV132601,P0182,Product 182,Toys,6,713.19,11-09-2023 13:43,C000264,18,Male,Frnace,SR001,0,4279.14
INV115755,P0021,Product 21,beauty ,4,105.63,21-03-2023 00:49,C000060,50,Male,Uk,SR014,0,422.52
INV114000,P0180,Product 180,Electronics,2,673.86,12-12-2023 12:52,C002983,41,M,UK,SR018,0,1347.72
INV162218,P0171,Product 171,Electronics,6 units,822.65,19-05-2023 18:07,C000394,18,Male,Germny,SR002,0,4935.9
INV175384,P0104,Product 104,beauty ,4,476.47,21-04-2023 12:25,C000240,18,Male,Frnace,SR020,0,1905.88
INV175782,P0150,Product 150,Toyz,8,44.67,26-05-2023 21:28,C000078,58,Female,Austalia,SR009,0,357.36
INV193716,P0105,Product 105,beauty ,3,728.9,30-06-2023 14:22,C004420,58,Male,Inda,SR016,0,2186.7
INV103093,P0177,Product 177,Home Decor,1,917.62,28-09-2023 13:55,C003588,69,Female,U S A,SR015,0,917.62
INV127686,P0100,Product 100,Beauty,7,649.43,44961,C001899 ,22,Male,India,SR009,0,4546.01
INV15248,P0015,Product 15,Electronics,5,659.39,"Sep 05, 2023 04:22 AM",C003971,59,Male,Australia,SR004,0,3296.95
INV133383,P0172,Product 172,Health,7,556.75,15-12-2023 18:10,,22,Male,Canad,SR012,Y,3897.25
INV191391,P0157,Product 157,Electronics,7,378.2,45185,C002498,57,Male,Frnace,SR003,0,2647.4
INV183277,P0024,Product 24,Home Decor,8,868.32,06-08-2023 10:46,C004715,69,Male,U S A,SR018,0,6946.56
INV142745,P0036,Product 36,Automotive,6,122.34,16-03-2023 10:34,C004632,41,Female,USA,SR010,0,734.04
INV199663,P0018,Product 18,Toyz ,-2,359.45,09-08-2023 23:46,C003623,21,Male,India,SR005,1,-718.9
INV107783,P0055,Product 55,Automotive,5,160.66,22-07-2023 06:56,C001292,27,Male,Germany,SR008,0,803.3
INV108771,P0019,Product 19,Books,3,774.71,31-01-2023 12:55,C004378,20,Male,India,SR013,0,2324.13
INV162980,P0089,Product 89,Home Decor,2,132.21,16-04-2023 19:46,C004221,36,Male,France,SR007,0,264.42
INV165366,P0146,Product 146,Fashion,1,135.32,45199,C002799,64,Male,U S A,SR001,0,135.32
INV136993,P0120,,Books,9,17.94,19-01-2023 03:54,C000504,35,Female,Canad,SR002,,161.46
INV131225,P0076,Product 76,Electronics,6 units,409.53,04-07-2023 10:55,C004227,21,Female,UK,SR004,0,2457.18
INV130910,P0004,Product 4,Automotive,7,330.43,45163,C001591,32,Female,Inda,SR008,0,2313.01
INV130670,P0155,Product 155,Beauty,9,296.34,21-02-2023 16:51,C002867,64,Male,India,SR016,0,2667.06
INV138591,P0022,Product 22  - damaged,beauty ,7,434.24,26-02-2023 07:22,C001309,35,Female,USA,SR007,0,3039.68
INV187785,P0008,Product 8,Sports,1,317.73,28-07-2023 11:48,,29,Male,Untied States,SR016,0,317.73
INV109700,P0121,Product 121,home decor,4,106.75,"Apr 16, 2023 04:20 PM",C003592,48,Male,Germany,SR002,0,427
INV141936,P0177,Product 177,Home Decor,8,596.02,26-04-2023 13:47,C004060,37,Female,Australia,SR015,0,4768.16
INV108719,P0162,Product 162,electronisc,6,281.41,15-08-2023 07:52,C000989,54,Female,Germny,SR003,0,1688.46
INV130907,P0185,Product 185,electronisc,8,75.23,16-02-2023 21:55,,62,Female,Australia,SR019,0,601.84
INV169603,P0099,Product 99,Electronics,3,201.44,22-02-2023 14:00,C000970,21,Male,Inda,SR002,0,604.32
INV175677,P0187,Product 187,Home Decor,8,794.8,16-01-2023 21:41,C003096,35,Female,Germany,SR017,0,6358.4
INV121333,P0007,Product 7,electronisc,4,461.64,21-07-2023 12:55,C003833,51,Female,Germany,SR016,0,1846.56
INV101879,P0179,Product 179,Health,6,54.46,26-10-2023 22:11,C004792,57,Male,USA,SR007,0,326.76
INV197837,P0044,Product 44,Fashion,5,205.74,13-04-2023 06:22,C001922,62,Male,UK,SR008,0,1028.7
INV113937,P0041,Product 41,Sports,2,239.1,18-11-2023 16:18,C002859,28,Male,Inda,SR008,0,478.2
INV122037,P0056,Product 56,SPORTS,1,951.58,45149,C001192,40,Female,Inda,SR011,0,951.58
INV143763,P0002,Product 2,beauty ,-2,808.82,26-10-2023 01:35,C001421,66,Female,Inda,SR005,1,-1617.64
INV198796,P0048,Product 48,Fashon,5,985.61,45264,C004665,23,Male,India,SR019,0,4928.05
INV169076,P0080,Product 80,Health,5,424.74,27-03-2023 04:12,C003798,30,Male,Australia,SR016,0,2123.7
INV117147,P0115,Product 115,electronisc,6,723.98,02-04-2023 21:12,C003710,43,Male,Germany,SR009,0,4343.88
INV112951,P0021,Product 21,beauty ,8,236.01,22-06-2023 12:18,C000691,63,Male,France,SR003,0,1888.08
INV118688,P0041,Product 41,Sports,6,466.36,03-11-2023 08:12,C004402,27,Female,Uk,SR013,0,2798.16
INV132528,P0072,Product 72,Toyz ,4,678.49,45189,C003195,34,MALE,Canad,SR010,0,2713.96
INV113917,P0119,Product 119,FASHION,5,206.61,04-03-2023 00:03,C000484,45,Male,USA,SR014,0,1033.05
INV127035,P0066,Product 66,Toys,6,807.88,24-02-2023 20:26,C004810,,Female,Germany,SR012,0,4847.28
INV169239,P0169,Product 169,GROCERY,2,629.91,13-01-2023 21:16,C001874,56,Female,France,SR008,0,1259.82
INV100030,P0099,Product 99,Electronics,4,730.2,08-08-2023 02:17,C000128,62,Female,France,SR009,0,2920.8
INV118443,P0114,Product 114,beauty ,1,648.96,18-06-2023 19:11,C003488,19,Male,Inda,SR020,0,648.96
INV145090,P0111,Product 111,Beauty,9,844.99,06-10-2023 02:17,C004734,62,Male,Germany,SR019,0,7604.91
INV129067,P0091,Product 91,Automotive,2,537.4,45145,C001178,57,Male,UK,SR015,0,1074.8
INV180402,P0120,Product 120,Books,8,709.48,45197,C000508,28,Male,Germany,SR003,0,5675.84
INV100890,P0098,Product 98,Home Decor,3,656.23,13-07-2023 20:50,C003964,26,Male,India,SR014,0,1968.69
INV163446,P0072,Product 72,Toyz,1,34.01,45286,C004719,64,Male,USA,SR008,,34.01
INV160866,P0019,Product 19,Books,1,$248.21,13-02-2023 18:45,C003383,34,Female,Germany,SR017,,248.21
INV192662,P0107,Product 107,home decor,9,885.62,13-09-2023 15:08,C001872,53,Female,Uk,SR014,0,7970.58
INV136473,P0072,Product 72,Toyz,3,191.55,31-01-2023 19:29,C002304,39,Female,U S A,SR003,0,$574.65 USD
INV109736,P0107,Product 107,home decor,8,472.98,25-04-2023 19:09,2763,,Male,Germny,SR005,0,"$3,783.84 USD"
INV181984,P0048,Product 48,Fashon,7,323.53,28-06-2023 11:10,C000371,29,,Frnace,SR019,0,2264.71
INV138840,P0176,Product 176,Sports,3,676.25,45021,C004343,9,Male,Uk,SR013,0,2028.75
INV100439,P0160,Product 160,GROCERY,5,523.81,16-10-2023 20:41,4265,59,Male,Uk,SR009,0,2619.05
INV153665,P0174,Product 174,GROCERY,5,913.39,01-07-2023 22:39,C003925,51,Male,UK,SR006,0,4566.95
INV105388,P0150,Product 150,Toyz ,8,932.16,20-09-2023 16:54,C000418,37,Female,Canada,SR016,0,7457.28
INV103159,P0152,Product 152,Toyz,3,272.23,18-04-2023 19:38,C003221,,Male,Uk,SR003,0,816.69
INV189528,P0191,Product 191,Toyz,9,809.76,29-11-2023 04:39,C001232,53,Female,Germny,SR006,0,7287.84
INV139098,P0007,Product 7 (,electronisc,3,595.66,26-01-2023 05:50,C001673,51,Male,Frnace,SR007,0,1786.98
INV112562,P0183,Product 183  [refurbished],Automotive,5,717.56,12-02-2023 09:08,C002953,60,Male,Frnace,SR011,0,3587.8
INV153717,P0023,Product 23,Fashon,8,106.73,18-01-2023 07:37,C002009,49,Female,India,SR005,0,853.84
INV112247,P0016,Product 16,Fashon,3,958.23,30-07-2023 18:41,C002399 ,62,Male,Frnace,SR016,0,2874.69
INV142628,P0160,Product 160,Grocery,5,792.92,17-06-2023 22:29,C001826,25,Female,USA,SR008,0,3964.6
INV126256,P0121,Product 121,home decor,7,307.21,12-05-2023 13:49,3615,59,Male,Canada,SR013,0,2150.47
INV187241,P0086,Product 86 ###,Electronics,9,760.03,21-11-2023 04:53,C002557,58,Male,Canada,SR003,0,6840.27
INV114162,P0067,Product 67,Health,6,17.93,12-05-2023 03:24,C000080,41,Female,Inda,SR008,,107.58
INV129355,P0013,Product 13,Grocery,7,500.15,"May 19, 2023 10:13 AM",C003359,21,Male,India,SR019,N,3501.05
INV105975,P0074,Product 74,Home Decor,-2,859.89 USD,22-06-2023 11:46,C000968,53,Female,Germny,SR009,1,-1719.78
INV176188,P0005,Product 5,Toys,9,911.68,10-03-2023 06:51,C002740,50,Female,Inda,SR001,0,8205.12
INV193305,P0010,Product 10,Home Decor,7 units,383.82,04-10-2023 19:50,C003149,37,Male,Germany,SR001,0,2686.74
INV180567,P0006,Product 6  [refurbished],electronisc,1 units,438.68,45131,,30,Male,Untied States,SR019,0,438.68
INV168335,P0165,Product 165,Beauty,9,392.04,25-01-2023 07:46,C004492,34,Male,Australia,SR006,0,3528.36
INV153100,P0073,Product 73,Automotive,8 units,85.25,06-11-2023 14:05,C002389,39,Male,USA,SR002,1,682
INV104761,P0161,Product 161,Sports,9,680.58,45220,C002009,49,Female,U S A,SR012,0,6125.22
INV126109,P0077,Product 77,Beauty,3,342.22,09-08-2023 13:58,C001105,64,Female,Australia,SR020,1,1026.66
INV155402,P0087,Product 87,GROCERY,4,325.37,18-07-2023 04:26,C004478,64,Female,Frnace,SR010,0,1301.48
INV153424,P0151,Product 151,Toyz,3,500.67,23-06-2023 22:19,C000181,43,Male,Austalia,SR019,0,1502.01
INV159098,P0087,Product 87,GROCERY,8,453.28,45126,C004434,53,Female,Austalia,SR007,0,"$3,626.24 USD"
INV151540,P0190,Product 190 ***,GROCERY,9,286.53,16-11-2023 05:50,C004818,55,Male,Frnace,SR013,0,2578.77
INV191639,P0082,Product 82  - damaged,Health,8,740.16,15-04-2023 08:13,,51,Female,Germny,SR006,1,5921.28
INV130062,P0014,Product 14,Fashion,8,805.82,45191,C001595,39,Female,Australia,SR017,0,6446.56
INV160234,P0189,Product 189,GROCERY,2 units,656.77,12-08-2023 21:10,C003477,64,Male,Inda,SR015,0,1313.54
INV160765,P0090,Product 90,Fashon,1,955.59,21-05-2023 20:10,C002341,45,Female,Frnace,SR001,0,955.59
INV111734,P0078,Product 78,Books,2,485.62,"Jun 06, 2023 11:39 PM",C002193,61,Male,Canada,SR019,0,971.24
INV199566,P0184,Product 184,Electronics,8,323.86,09-03-2023 06:59,C002036,18,Female,Austalia,SR016,0,2590.88
INV122111,P0185,Product 185,electronisc,8,666.13,21-07-2023 15:41,C004413,21,Female,Frnace,SR004,0,5329.04
INV149419,P0072,Product 72,Toyz,7,203.54,12-07-2023 05:41,C004042,31,Male,Germany,SR009,0,1424.78
INV167919,P0132,Product 132,Toys,9,656.44,01-11-2023 00:06,C001569,30,Female,Australia,SR012,0,5907.96
INV131455,P0191,Product 191,Toyz,5,528.89,09-02-2023 16:32,C003652,68,Male,UK,SR012,0,2644.45
INV137666,P0008,Product 8 (,Sports,7,779.21,16-04-2023 09:16,C003718,55,Female,UK,SR019,0,5454.47
INV140301,P0067,Product 67,Health,6,58.07,17-12-2023 04:50,C003152,22,F,Canada,SR011,0,348.42
INV136762,P0098,Product 98,Home Decor,6,339.4,11-08-2023 13:27,C001341,69,Male,Inda,SR010,0,2036.4
INV148966,P0152,Product 152,Toyz,3,256.98,09-01-2023 21:45,C000655,62,Female,Germany,SR008,0,770.94
INV195299,P0062,Product 62,Health,5,957.31,09-11-2023 20:54,C000040,20,Male,Untied States,SR017,0,"$4,786.55 USD"
INV148539,P0198,Product 198,Health,9,366.36,45040,4549,68,Female,USA,SR013,0,3297.24
INV124376,P0090,Product 90,Fashon,6,252.25,14-02-2023 01:24,C000157 ,25,Female,Uk,SR020,0,1513.5
INV197521,P0036,Product 36,Automotive,6 units,472.71,17-08-2023 09:48,C000061,45,Female,India,SR011,0,2836.26
INV114432,P0049,Product 49,Fashion,6,197.46,01-02-2023 19:26,1790,48,Female,Australia,SR012,0,"$1,184.76 USD"
INV185448,P0086,Product 86,Electronics,9,167.45,01-11-2023 22:42,C001289,61,Female,India,SR015,0,1507.05
INV151032,P0185,Product 185,electronisc,-3,609.58,25-11-2023 11:22,C002248,9,Female,India,SR017,1,-1828.74
INV173356,P0155,Product 155,Beauty,6,463.77,07-09-2023 03:31,C002560,46,Female,UK,SR002,0,2782.62
INV135820,P0155,Product 155,Beauty,5,521.79,12-09-2023 13:24,C003232,34,Male,U S A,SR002,0,2608.95
INV188309,P0053,Product 53,GROCERY,1,657.6,08-04-2023 22:18,C000181,43,Male,Uk,SR004,,657.6
INV138380,P0018,Product 18  [refurbished],Toyz,9,838.63,03-02-2023 20:12,C001010,43,Female,Frnace,SR018,0,7547.67
INV141693,P0114,Product 114,beauty ,3 units,782.3,07-10-2023 14:24,C001154,22,Female,U S A,SR013,Y,2346.9
INV174959,P0179,Product 179,Health,5,872.42,17-11-2023 19:58,C001553,5,Female,Frnace,SR018,0,4362.1
INV171081,P0189,Product 189,GROCERY,2,361.89,10-12-2023 15:50,2368,67,Female,France,SR007,0,723.78
INV199462,P0167,Product 167,Grocery,5,150.31,24-12-2023 11:59,C003295,58,Female,India,SR010,0,751.55
INV194836,P0107,Product 107,home decor,1,514.11,09-11-2023 08:35,C003260 ,31,Female,Frnace,SR012,0,514.11
INV124877,P0135,Product 135,Health,5,303.26,45050,C003560,51,Male,Germny,SR007,0,1516.3
INV151462,P0105,Product 105,BEAUTY ,-3,473.51,24-11-2023 11:20,C004780,42,Male,UK,SR016,1,-1420.53
INV176496,P0198,Product 198,Health,4,595.18,06-12-2023 05:04,C004789,19,Male,USA,SR008,0,2380.72
INV183290,P0139,Product 139,Fashon,9,815.92,44998,,27,Male,USA,SR005,0,7343.28
INV115032,P0145,Product 145,Toys,6,409.28,28-06-2023 14:52,C000833,31,Male,Frnace,SR009,0,2455.68
INV167365,P0195,Product 195,Fashon,3,542.58,45158,C002197,30,Female,Austalia,SR015,0,1627.74
INV176367,P0008,Product 8,Sports,2,156.13,25-12-2023 17:27,,68,Female,Germany,SR009,0,312.26
INV100881,P0197,Product 197,Beauty,6,600.23,09-11-2023 07:56,C004803,30,Female,India,SR009,0,3601.38
INV140636,P0138,Product 138,Books,6,940.33,06-12-2023 01:57,C001826,25,Female,France,SR007,0,5641.98
INV177113,P0134,Product 134,AUTOMOTIVE,9,163.4,03-05-2023 12:45,C003305,63,Male,India,SR012,0,1470.6
INV193756,P0128,Product 128,Electronics,2,428.6,44935,C002131,63,Male,Australia,SR011,0,857.2
INV168030,P0063,Product 63,beauty ,7,273.48,10-09-2023 07:18,C002100,25,Female,Canada,SR007,0,1914.36
INV178169,P0171,Product 171,Electronics,1,162.98,27-04-2023 10:56,C001388,63,Female,Austalia,SR020,0,162.98
INV165826,P0106,Product 106,Books,4,656.5,13-07-2023 10:10,C000934,44,Female,Canada,SR002,0,2626
INV116197,P0004,Product 4,Automotive,8,900.56,22-12-2023 16:49,4892,65,Female,Germny,SR014,0,7204.48
INV138063,P0127,Product 127,Electronics,5,900.91,29-10-2023 18:46,C002804,52,Female,Untied States,SR005,0,4504.55
INV127650,P0076,Product 76,Electronics,2,904.01,"Jun 07, 2023 05:13 AM",C001040,34,Female,Germny,SR008,0,1808.02
INV130892,P0098,Product 98,Home Decor,6,81.19,45187,,62,Female,Germany,SR014,0,487.14
INV166960,P0176,Product 176,Sports,5,954.34,45135,,41,Female,France,SR014,0,4771.7
INV170371,P0172,Product 172,Health ,8 units,$533.46,29-08-2023 13:36,,55,Male,Uk,SR014,0,4267.68
INV135326,P0128,Product 128,Electronics,6,563.38,45074,C002508,67,Female,Germny,SR015,0,3380.28
INV133268,P0191,Product 191,Toyz,9,893.01,25-01-2023 07:27,C000439,38,Male,India,SR020,0,8037.09
INV117057,P0025,Product 25,Beauty,3,703.48,02-02-2023 14:03,C002115,46,Female,Austalia,SR009,0,2110.44
INV101513,P0113,Product 113,HOME DECOR,-3,262.81,"Aug 10, 2023 07:49 PM",C004726,36,Female,Untied States,SR020,1,-788.43
INV120704,P0196,Product 196,Beauty,3 units,692.16,06-09-2023 13:29,C000828,48,Male,India,SR015,0,2076.48
INV125135,P0063,Product 63,beauty ,2,129.58,44954,C004929,25,,Australia,SR006,0,259.16
INV104638,P0190,Product 190,GROCERY,4,44.02,18-10-2023 06:38,,53,Male,Inda,SR018,0,176.08
INV181120,P0191,Product 191,TOYZ,-2,691.14,26-04-2023 11:52,C003893,35,Female,USA,SR014,1,-1382.28
INV172046,P0175,Product 175,Home Decor,6,298.45,15-10-2023 11:03,,30,Female,Uk,SR012,0,1790.7
INV124507,P0160,Product 160,Grocery,7,542.09,11-01-2023 16:48,2436,69,Male,USA,SR019,0,3794.63
INV188079,P0077,Product 77,Beauty,8,76.37,45140,,49,Male,Germny,SR007,0,610.96
INV153193,P0112,Product 112,Toys,1,399.01,03-05-2023 17:46,3145,20,Male,U S A,SR016,0,399.01
INV174100,P0058,Product 58,GROCERY,6,253.93,01-01-2023 03:38,C001735,50,Male,U S A,SR011,0,1523.58
INV106844,P0082,Product 82,Health,1 units,794.15 USD,09-11-2023 04:16,C001916,54,Male,Inda,SR013,0,794.15
INV186872,P0008,Product 8,Sports,6,238.56,10-02-2023 20:59,,42,Male,Austalia,SR003,0,1431.36
INV159122,P0070,Product 70,Automotive,1,627.43,21-05-2023 09:39,C003604,43,Female,Germny,SR016,0,627.43
INV159212,P0011,Product 11,Fashion,2,70.9,14-12-2023 07:00,C003000,51,Male,Canada,SR015,0,141.8
INV141784,P0139,Product 139,Fashon,4,659.83,02-06-2023 13:20,C004330,39,Female,Frnace,SR013,0,2639.32
INV152763,P0032,Product 32,Fashion,-2,117.35,03-08-2023 01:21,C000356,33,Male,France,SR015,1,-234.7
INV150396,P0009,Product 9,Automotive,9,790.26,04-08-2023 00:31,C000256,52,Male,Uk,SR011,0,7112.34
INV103117,P0068,Product 68,Electronics,5 units,709.24,"Dec 17, 2023 05:05 AM",C002670,28,Male,Untied States,SR012,0,3546.2
INV180809,P0187,Product 187,Home Decor,4,755.59,19-08-2023 18:24,C000599,46,Male,Frnace,SR009,0,3022.36
INV127736,P0183,,Automotive,4,80.71,"Dec 31, 2023 10:19 AM",C000915,50,Female,U S A,SR009,0,322.84
INV118765,P0173,Product 173,Grocery,6,518.44,16-01-2023 21:02,C004858,59,Female,USA,SR009,0,3110.64
INV171338,P0191,Product 191,Toyz,3,611.34,28-06-2023 08:02,C004981 ,42,Female,Untied States,SR002,0,1834.02
INV174535,P0178,Product 178,Toys,5,951.7,23-07-2023 12:47,C002784,43,Female,Australia,SR007,0,4758.5
INV10944,P0031,Product 31,Health,4 units,353.2,02-02-2023 23:00,C004562,25,Female,Inda,SR017,0,1412.8
INV170537,P0089,Product 89,Home Decor,8,396.44,06-12-2023 14:46,C000362,48,Male,Germny,SR020,0,3171.52
INV144491,P0074,Product 74,Home Decor,4,337.14,45072,C000806,67,Male,Germany,SR010,0,1348.56
INV138503,P0104,Product 104,beauty ,1,207.31,15-10-2023 13:29,C001665 ,37,Female,UK,SR012,,207.31
INV124615,P0121,Product 121,home decor,5,588,45077,C001531,33,Female,USA,SR013,0,2940
INV153382,P0073,Product 73,Automotive,9,452.23,20-03-2023 07:29,C003863,48,Male,Australia,SR014,0,4070.07
INV126921,P0078,Product 78,Books,2,475.7,11-11-2023 04:30,C003768,27,Male,Untied States,SR011,0,951.4
INV139451,P0107,Product 107,home decor,1,740.28,05-10-2023 07:44,C001030,66,Female,UK,SR015,0,740.28
INV163297,P0074,Product 74,HOME DECOR,3,369.43 USD,30-04-2023 09:28,C004091,64,Male,Frnace,SR004,0,1108.29
INV120944,P0131,Product 131,HOME DECOR,4,411.85,25-10-2023 19:05,C001357,60,Male,Inda,SR018,0,1647.4
INV108996,P0067,Product 67,Health,5,892.25,29-12-2023 19:51,C004162,43,Female,Untied States,SR006,0,4461.25
INV151063,P0052,Product 52,SPORTS,5,697.64,18-03-2023 12:35,C003791,18,,Germany,SR010,0,3488.2
INV166932,P0040,Product 40,Toyz,8,163.21,28-03-2023 04:16,C000383,67,Female,Frnace,SR018,0,1305.68
INV125327,P0091,Product 91,Automotive,5,204.25,22-09-2023 19:26,C003729,68,Female,Uk,SR018,0,1021.25
INV180027,P0183,Product 183,Automotive,9,283.37,03-10-2023 02:06,C000884,56,Female,Untied States,SR011,0,2550.33
INV110026,P0076,Product 76,Electronics,5,18.39,16-12-2023 06:12,C002713,28,Male,Canad,SR017,0,91.95
INV177343,P0162,Product 162,electronisc,2,$741.20,45214,C002838,36,Female,UK,SR017,0,1482.4
INV133068,P0133,Product 133,GROCERY,8,312,03-11-2023 18:39,,35,Female,Germny,SR004,,2496
INV133169,P0163,Product 163,Toyz,5,885.54,11-06-2023 00:20,C001996,37,Male,Untied States,SR020,0,4427.7
INV138097,P0141,Product 141,Health,8,247.61,27-11-2023 08:26,C002664,49,Female,Inda,SR018,0,1980.88
INV151408,P0151,Product 151,Toyz,8,15.58,26-08-2023 15:10,C001333,65,Male,USA,SR001,0,124.64
INV102502,P0121,Product 121,home decor,7,358.79,07-02-2023 03:15,C003499,68,Male,Austalia,SR002,0,2511.53
INV193783,P0162,Product 162,electronisc,1,721.91,19-01-2023 08:45,C000900,56,Female,France,SR010,0,721.91
INV163957,P0040,Product 40,Toyz,6,739.25,04-12-2023 15:46,,57,Male,Canad,SR005,0,4435.5
INV195219,P0062,Product 62,Health,6,259.38,07-03-2023 18:23,C001558,48,Female,Inda,SR015,0,1556.28
INV138624,P0096,Product 96,beauty ,5,884.91,27-10-2023 03:23,C004188,48,Male,Canada,SR005,0,4424.55
INV159759,P0014,Product 14,Fashion,1,792.25,18-12-2023 02:40,C000575,28,Male,U S A,SR004,0,792.25
INV185213,P0010,Product 10,Home Decor,9,979.5,22-04-2023 17:06,C001731 ,49,Female,Untied States,SR012,0,8815.5
INV143112,P0027,Product 27,Health,7,$744.06,20-12-2023 00:36,C004152,66,Female,Canad,SR002,0,5208.42
INV160969,P0059,Product 59,home decor,8,22.5,45237,C004929,25,Male,Australia,SR018,0,180
INV195777,P0024,Product 24,Home Decor,4,600.31,13-08-2023 18:37,C004915,68,Female,France,SR017,0,2401.24
INV124061,P0154,Product 154,Fashion,3,69.31,45012,C003485,32,Male,U S A,SR012,0,207.93
INV165271,P0098,Product 98,Home Decor,3,272.38,16-11-2023 10:48,C003321,65,Female,Inda,SR020,0,817.14
INV194931,P0120,Product 120,Books,4,54.74,30-03-2023 09:07,C003584,22,Female,Inda,SR013,0,218.96
INV119625,P0016,Product 16,Fashon,2,926.42,28-09-2023 02:46,,60,Male,UK,SR011,0,1852.84
INV114173,P0046,Product 46,Books,7,214.58,05-01-2023 09:50,C003844,56,Female,France,SR015,0,1502.06
INV164187,P0092,Product 92,Home Decor,9,62.02,21-05-2023 15:32,C003583,55,Male,Australia,SR002,0,558.18
INV159401,P0104,Product 104,beauty ,-1,755.66,30-11-2023 20:48,,28,Male,UK,SR012,1,-755.66
INV118399,P0025,Product 25,Beauty,1,810.02,29-06-2023 16:56,C002258,20,Male,UK,SR009,0,810.02
INV156496,P0059,Product 59,Electronics,1,949.68,45094,C000876,34,Female,Germany,SR003,0,949.68
INV131049,P0119,Product 119,Fashion,1,112.57,21-09-2023 09:57,C004847,41,Male,Frnace,SR009,0,112.57
INV194823,P0008,Product 8,Sports,9,70.37,44989,C004061,45,Female,Germny,SR005,0,633.33
INV117413,P0127,Product 127,Electronics,4 units,431.01,16-02-2023 16:22,C000899,47,Male,Canad,SR011,0,1724.04
INV104941,P0079,Product 79,Toys,4 units,$899.88,10-05-2023 00:23,C002337,33,Male,Canad,SR008,0,3599.52
INV128772,P0128,Product 128,Electronics,5,212.8,03-06-2023 10:40,C003423,58,Male,Austalia,SR017,0,1064
INV124328,P0157,Product 157,Electronics,1,470.02,05-05-2023 22:34,C001494,42,Female,Austalia,SR019,0,470.02
INV173475,P0001,Product 1,Toys,8,$339.97,44977,C000768,21,Male,Untied States,SR019,0,2719.76
INV135109,P0023,Product 23,Fashon,3,281.77,10-03-2023 08:04,C004741 ,69,Male,Canada,SR017,0,845.31
INV135926,P0096,Product 96,beauty ,1,598.83,26-07-2023 18:35,C001054,40,Female,Germany,SR018,0,598.83
INV109442,P0131,Product 131,Home Decor,9,874.1,09-03-2023 12:06,C000926,25,Male,UK,SR009,0,7866.9
INV140532,P0013,Product 13,Grocery,4 units,791.35,45232,C001617,53,Female,Germny,SR011,0,3165.4
INV162117,P0168,Product 168,electronisc ,5,824.45,44927,C000328,65,Female,Uk,SR002,0,4122.25
INV146274,P0200,Product 200,Home Decor,3,100.32,09-02-2023 06:00,C000029,58,Female,Germany,SR018,0,300.96
INV113113,P0143,Product 143,Toyz,5,932.4,11-11-2023 06:01,C000027,52,Male,France,SR006,0,"$4,662.00 USD"
INV106976,P0150,Product 150,Toyz,4,173.63,29-09-2023 16:08,C001332,68,Male,USA,SR018,0,694.52
INV147696,P0093,Product 93,Electronics,1,441.93,08-08-2023 16:26,C004287,51,Male,Uk,SR009,0,441.93
INV178888,P0130,Product 130,HEALTH,9,949.62,14-03-2023 01:00,C002770,38,Male,Germany,SR012,0,8546.58
INV177818,P0123,Product 123,Fashon,2,578.55,18-08-2023 17:46,,34,Female,UK,SR008,Y,1157.1
INV108586,P0083,Product 83,Automotive,4,277.98,23-11-2023 08:53,C000284,43,Male,Austalia,SR011,0,1111.92
INV102892,P0060,Product 60,BEAUTY ,4 units,801.71,10-07-2023 06:40,C004216,29,Male,Uk,SR013,0,3206.84
INV194712,P0126,Product 126,Toys,1,353.65 USD,24-01-2023 10:27,C003136,30,Male,Australia,SR015,0,353.65
INV110067,P0087,Product 87 ***,GROCERY,6,118.4,09-05-2023 06:35,C003850,46,Male,Germany,SR018,0,710.4
INV152574,P0028,Product 28,Toys,4,66.54,14-08-2023 22:24,C000999,38,Female,Germny,SR013,0,266.16
INV178614,P0084,Product 84 (,Fashon,1,680.98,45075,C000344,69,Male,India,SR012,0,680.98
INV120598,P0084,Product 84,Fashon,5,550.92,19-06-2023 00:56,C002136,38,Male,UK,SR015,0,2754.6
INV190509,P0089,Product 89  [refurbished],Home Decor,1,830.93,22-09-2023 19:17,C002594,49,Male,Untied States,SR006,0,830.93
INV150803,P0087,Product 87,GROCERY,-1,340.19,18-03-2023 12:32,C002109,9,Female,Canada,SR007,1,-340.19
INV111495,P0005,Product 5,Toys,7,71.58,06-09-2023 12:18,C004191,47,Female,Canada,SR004,0,501.06
INV125355,P0060,Product 60,beauty ,8,448.28,08-08-2023 04:16,C001559,35,Male,Austalia,SR007,0,3586.24
INV185741,P0135,Product 135,Health,1,225.5,12-04-2023 20:29,C004857,66,Female,Austalia,SR013,0,225.5
INV182095,P0090,Product 90,Fashon,9,632.11,45257,C000764,19,Female,Australia,SR008,0,5688.99
INV143053,P0142,Product 142,Toyz,6,435.2,24-12-2023 22:51,C003509,55,Female,Australia,SR009,0,2611.2
INV189482,P0192,Product 192,Fashion,4,904.99,44985,C004837,22,male,France,SR006,0,3619.96
INV128786,P0017,Product 17,Fashon,3,513.01,19-02-2023 14:09,C000734,54,Female,Australia,SR002,,1539.03
INV193231,P0186,Product 186,Books,6 units,5.84,13-03-2023 06:08,C000977,48,Male,Inda,SR016,0,35.04
INV124909,P0027,Product 27,Health,9,762.94,"Apr 01, 2023 05:00 AM",C001352,61,Male,Canada,SR011,0,6866.46
INV138394,P0030,Product 30,SPORTS,1,427.37,09-04-2023 16:13,C003969,29,Male,USA,SR006,0,427.37
INV142369,P0181,Product 181,Automotive ,-1,57.84,19-07-2023 20:34,C000339,26,MALE,Germany,SR008,1,-57.84
INV115974,P0006,Product 6,electronisc,5,805.89,"Jan 02, 2023 11:05 PM",C002546,28,Female,Germny,SR006,0,4029.45
INV124567,P0110,Product 110,Sports,7,922.59,14-09-2023 16:54,C004592,24,Female,Germany,SR005,0,6458.13
INV146909,P0023,Product 23,Fashon,4,61.44,04-10-2023 02:36,C000392,65,Female,Australia,SR003,0,245.76
INV139456,P0079,Product 79,Toys ,8,375.92,"May 17, 2023 12:34 AM",C000548,66,Female,Australia,SR018,0,3007.36
INV126932,P0011,Product 11,Fashion,5,969.1,45052,C002015,51,Female,Australia,SR001,0,4845.5
INV117608,P0097,Product 97,SPORTS,6,596.91,07-06-2023 14:49,4184,31,Male,India,SR010,0,3581.46
INV164514,P0042,Product 42,Automotive,6,383.07,04-09-2023 15:55,C002038,48,Female,Uk,SR002,0,2298.42
INV164051,P0135,Product 135,Health,3,415.13,01-10-2023 07:14,C000631,44,Male,India,SR003,0,1245.39
INV135758,P0088,Product 88,Beauty,9,133.35,44930,C001242 ,56,Female,Austalia,SR003,0,1200.15
INV118229,P0016,Product 16,Fashon,8,903.05,15-12-2023 12:59,C000981,31,Male,UK,SR014,0,7224.4
INV121111,P0028,Product 28,Toys,3,318.34,24-05-2023 06:03,C000399,42,Female,Austalia,SR010,0,955.02
INV111835,P0109,Product 109,Toyz,2,213.77,45005,1420,32,Male,Austalia,SR018,0,427.54
INV138642,P0064,Product 64,home decor,8,177.01,18-11-2023 12:01,C001203,34,Male,Frnace,SR003,0,1416.08
INV169384,P0200,Product 200,Home Decor,2,509.66,45183,C003089,25,Fem,France,SR010,0,1019.32
INV110633,P0090,Product 90,Fashon ,1,116.42,16-02-2023 22:46,C002752,25,Female,Austalia,SR010,0,116.42
INV189313,P0094,Product 94,Home Decor,5,454.8,19-02-2023 08:14,C002752,25,Female,Inda,SR012,0,2274
INV185709,P0200,Product 200,Home Decor ,4,491.29,16-02-2023 12:07,C004249,56,Female,Austalia,SR016,0,1965.16
INV171666,P0164,Product 164,Grocery,6 units,$912.54,05-10-2023 11:09,C002284,,Female,Frnace,SR011,0,5475.24
INV156958,P0128,Product 128,Electronics,3 units,490.8,26-10-2023 22:31,C004151,18,Female,USA,SR007,0,1472.4
INV101431,P0001,Product 1,Toys,1,483.33,09-12-2023 06:59,,9,Female,Canad,SR007,0,483.33
INV198607,P0097,Product 97,SPORTS,7,782.7,23-08-2023 01:21,C004430,68,Female,Austalia,SR017,0,5478.9
INV174807,P0045,Product 45,Grocery,9,307.31,18-07-2023 13:21,C004288,68,Female,Canada,SR012,0,2765.79
INV145316,P0093,Product 93,Electronics,6,342.12,45129,C003909,40,Female,Canad,SR014,0,2052.72
INV173872,P0015,Product 15,Electronics,6,667.16,22-07-2023 07:51,C003570,36,,Frnace,SR017,0,4002.96
INV169572,P0047,,SPORTS ,4,366.58,09-03-2023 01:10,C001195,23,Male,Uk,SR011,0,1466.32
INV130726,P0050,Product 50,Books,3 units,144.83,45154,C002396,,Male,Austalia,SR002,0,434.49
INV168784,P0184,Product 184,Electronics,3,632.44,"Jul 31, 2023 08:01 PM",C004466,68,Female,Inda,SR009,0,1897.32
INV139634,P0047,Product 47,SPORTS,6 units,$692.36,12-10-2023 05:23,C004269,59,MALE,Frnace,SR019,0,4154.16
INV186041,P0101,Product 101,SPORTS,7,974.27,44949,C004468,34,Female,Germany,SR005,0,6819.89
INV171371,P0089,Product 89,Home Decor,-1,456.02,01-09-2023 13:33,C002783,59,Female,Germany,SR001,1,-456.02
INV138424,P0118,Product 118,Toys,6,919.81,01-07-2023 05:18,C000191,49,Female,France,SR003,0,5518.86
INV179645,P0115,Product 115,electronisc,2,613.45,31-03-2023 19:46,C000077,52,Female,USA,SR006,0,1226.9
INV150030,P0001,Product 1,Toys,5,564.35,06-06-2023 00:42,C002953,60,Male,UK,SR017,0,2821.75
INV188412,P0050,Product 50,Books,9 units,380.2,14-07-2023 02:32,C004987,33,Fem,U S A,SR001,0,3421.8
INV103551,P0140,Product 140,beauty ,9,943.2,29-05-2023 21:09,C001362,56,MALE,Austalia,SR011,0,8488.8
INV190369,P0044,Product 44,Fashion,8,183.98,"Jul 13, 2023 08:11 PM",C001725,47,MALE,Uk,SR004,0,1471.84
INV103936,P0048,Product 48,Fashon,5,51.67,05-02-2023 01:32,C001790,48,Female,USA,SR003,0,258.35
INV128397,P0171,Product 171,Electronics,1,463.15,05-01-2023 06:48,C000743,39,Female,Canada,SR012,0,463.15
INV184249,P0075,Product 75,Home Decor,2,570.05,21-04-2023 13:35,C001219,62,Male,France,SR003,0,"$1,140.10 USD"
INV114969,P0003,Product 3,electronisc,2,719.78,08-09-2023 03:49,C002938,27,Male,Australia,SR006,0,1439.56
INV112119,P0005,Product 5,Toys,9,103.8,05-10-2023 20:03,,21,Male,UK,SR017,0,934.2
INV175532,P0174,Product 174,GROCERY,7,155.23,21-11-2023 03:26,C000096,48,Male,UK,SR005,0,1086.61
INV190439,P0199,Product 199,Health,5,874.93,04-10-2023 00:00,C004368,56,Female,Canad,SR008,0,4374.65
INV119662,P0191,Product 191,Toyz,5,83.48,12-01-2023 21:41,C002684,47,Male,Untied States,SR001,0,417.4
INV185714,P0042,Product 42,Automotive,9,969.95,20-03-2023 10:01,C000338,29,Male,Untied States,SR001,0,8729.55
INV134082,P0025,Product 25 ###,Beauty,4,814.38,20-09-2023 12:49,C003440,57,Female,Uk,SR020,,3257.52
INV121615,P0027,,Health,7,$953.66,22-04-2023 15:02,C000326,66,Male,Canad,SR015,0,6675.62
INV14128,P0037,Product 37,beauty ,4,$327.64,04-09-2023 00:57,C003017,19,Female,Austalia,SR010,0,1310.56
INV120420,P0017,Product 17,Fashon,3,721.39,18-10-2023 23:48,C000775,5,Female,UK,SR008,0,2164.17
INV132095,P0166,Product 166,Fashion,3,116.22,45178,C000314,40,Male,Canad,SR007,0,348.66
INV140901,P0158,Product 158,Fashion,6,$783.02,20-11-2023 03:15,C001970,52,Male,Austalia,SR009,0,4698.12
INV122812,P0084,Product 84,Fashon,3,167.18,17-05-2023 05:54,C004378,20,Male,USA,SR010,0,501.54
INV192446,P0052,Product 52,SPORTS,6,164.28,15-04-2023 01:15,C003468,35,Male,India,SR003,0,985.68
INV164574,P0172,Product 172,HEALTH,4,447.26,01-12-2023 13:42,C002599,25,Male,Uk,SR017,0,1789.04
INV185945,P0098,Product 98,Home Decor,8,735.34,24-05-2023 10:13,C000406,61,Female,India,SR020,0,5882.72
INV193373,P0193,Product 193,Electronics,2,897.19,13-01-2023 21:12,C000387,46,Female,UK,SR011,N,1794.38
INV120355,P0144,Product 144,Fashon ,6,112.25,02-02-2023 18:46,C001479,51,Male,Uk,SR009,0,673.5
INV141348,P0005,Product 5,Toys,1,501.24,04-11-2023 14:02,C003162,61,Female,Inda,SR005,0,501.24
INV107085,P0101,Product 101,SPORTS,4,$32.05,31-03-2023 11:22,C004706,23,Male,France,SR011,0,128.2
INV107316,P0009,Product 9,Automotive,8,657.13,06-09-2023 01:51,C001010,43,Female,France,SR005,0,5257.04
INV19054,P0102,Product 102,Toys,9,587.65,30-01-2023 21:27,C001488,51,Female,Canada,SR019,0,5288.85
INV155400,P0018,Product 18,Toyz,2,559.79 USD,19-01-2023 13:24,C000127,53,Female,Untied States,SR005,0,1119.58
INV120178,P0013,Product 13,Grocery,5,817.43,13-06-2023 01:07,,55,male,UK,SR015,0,4087.15
INV182965,P0020,Product 20,GROCERY,7,808.3,24-08-2023 14:59,C000320,40,Male,Canad,SR005,0,5658.1
INV153784,P0197,Product 197 ###,Beauty,7,591.9,21-05-2023 12:20,C004183,35,Female,U S A,SR008,0,4143.3
INV194529,P0192,Product 192,Fashion,2,46.31,20-02-2023 20:50,C002105 ,63,Female,Austalia,SR013,0,92.62
INV195629,P0095,Product 95,Beauty,4,841.68,07-09-2023 07:14,C002478,67,Male,U S A,SR016,0,3366.72
INV179287,P0183,Product 183,AUTOMOTIVE,6,135.3,15-06-2023 18:07,C000282,25,Male,Germany,SR005,0,811.8
INV183963,P0094,Product 94,HOME DECOR ,2,850.79,05-07-2023 01:51,C002143,5,Male,Canad,SR004,0,1701.58
INV188321,P0098,Product 98,HOME DECOR,2,825.67,25-04-2023 00:42,C002331,34,Female,Canada,SR011,0,1651.34
INV186586,P0114,Product 114,BEAUTY ,8,186.34,22-08-2023 13:53,C002409,24,Male,Canada,SR015,,1490.72
INV122634,P0181,Product 181,Automotive ,6,506.8,03-08-2023 13:48,C002789,51,Male,Uk,SR012,0,3040.8
INV163174,P0060,Product 60,beauty ,4,174.68,18-09-2023 04:15,C000398,,Female,Frnace,SR002,0,698.72
INV140700,P0165,Product 165,Beauty,2 units,661.42,11-06-2023 03:47,C000725,51,Male,U S A,SR006,0,1322.84
INV102859,P0077,Product 77,Beauty,6,113.71,01-12-2023 10:02,C004472,57,Female,Canad,SR015,0,682.26
INV187090,P0172,Product 172,Health,5,918.13,07-12-2023 08:28,C002235,51,Female,Inda,SR001,0,4590.65
INV193164,P0074,Product 74,Home Decor,6,12.74,44954,C001803,37,Male,Inda,SR007,0,76.44
INV131947,P0191,Product 191,Toyz,3,729.91,17-03-2023 14:58,C004267,38,Male,Canad,SR009,0,2189.73
INV149168,P0144,Product 144,FASHON,1 units,132.07,14-04-2023 18:44,C004256,39,Male,France,SR006,0,132.07
INV162187,P0064,Product 64,home decor,1,375.84,19-01-2023 13:50,C001738,25,Male,France,SR001,0,375.84
INV128261,P0095,Product 95,Beauty,4,978.94,44964,C000362,,Male,Australia,SR002,0,3915.76
INV177650,P0077,Product 77,Beauty,9,930.88,05-03-2023 02:41,4666,58,Male,Germny,SR012,0,8377.92
INV138311,P0001,Product 1,Toys,7,240.96,14-03-2023 03:35,C000928,46,Female,Untied States,SR004,0,1686.72
INV192454,P0015,Product 15,Electronics,4,$795.12,22-05-2023 20:16,C000442,53,F,Uk,SR001,0,3180.48
INV115044,P0186,Product 186,Books,2,888.46,25-10-2023 06:28,C002246,49,Male,Australia,SR005,0,1776.92
INV196004,P0108,,Toys,5,152.57,27-07-2023 13:09,C001099,25,Male,Australia,SR013,0,762.85
INV19913,P0142,Product 142,Toyz,5,415.05,18-04-2023 05:20,C001642,56,Male,Germny,SR020,0,2075.25
INV169813,P0007,Product 7,electronisc,7,531.81,45218,C003452,56,Female,Australia,SR013,0,3722.67
INV161329,P0149,Product 149,Beauty,8 units,879.92,15-02-2023 04:10,2211,33,Male,Germny,SR001,0,7039.36
INV128414,P0102,Product 102,Toys,2,604.28,07-02-2023 17:01,C001757,67,Male,Uk,SR015,0,"$1,208.56 USD"
INV106227,P0189,Product 189,GROCERY,9,143.43,16-02-2023 14:31,C000960,35,Female,India,SR016,0,1290.87
INV135472,P0166,Product 166,Fashion,3,771.97 USD,07-07-2023 19:04,C004724,44,Female,Inda,SR013,,2315.91
INV198443,P0020,Product 20,GROCERY,7,687.42,12-03-2023 19:26,C004368,56,Female,Uk,SR003,0,4811.94
INV120168,P0058,Product 58,GROCERY,4,345.36,19-12-2023 05:10,C003400,62,Female,Canad,SR007,0,1381.44
INV101945,P0174,Product 174,GROCERY,5 units,234.85 USD,08-10-2023 12:05,4677,39,Female,USA,SR002,0,1174.25
INV125392,P0156,Product 156,Electronics,8,286.47,28-01-2023 14:23,C004318,43,Female,Austalia,SR019,0,2291.76
INV145288,P0175,Product 175,Home Decor,4,699.16,24-06-2023 21:09,C002857,45,female,USA,SR005,0,"$2,796.64 USD"
INV110141,P0194,Product 194,GROCERY,7,400.82,27-09-2023 06:38,C003922,36,Female,UK,SR007,0,2805.74
INV192502,P0129,Product 129,home decor,1,$904.86,16-12-2023 08:17,C000109,19,Male,Austalia,SR020,0,904.86
INV198322,P0122,Product 122,Grocery,5,$978.75,24-01-2023 17:50,,21,Female,Canada,SR019,0,4893.75
INV108503,P0126,Product 126,Toys,4,341.04,15-06-2023 12:16,C002275,63,Female,U S A,SR015,0,1364.16
INV185725,P0166,Product 166,Fashion,7 units,836.07,30-06-2023 23:09,C001158,26,Male,Uk,SR019,0,5852.49
INV175354,P0146,Product 146,Fashion,7,674.3,26-09-2023 22:24,C001131,27,Female,Frnace,SR010,0,4720.1
INV113401,P0189,Product 189,GROCERY,4,69.81,45132,,48,Female,Canada,SR007,1,279.24
INV175091,P0108,Product 108,Toys,1,330.12,29-06-2023 06:35,C002331,34,Female,U S A,SR014,0,330.12
INV140212,P0072,Product 72,Toyz,2,334.64,12-11-2023 03:48,C000250,49,MALE,UK,SR012,0,669.28
INV113101,P0166,Product 166,Fashion,6,342.56,31-12-2023 00:33,C001588,49,Female,Canad,SR010,0,2055.36
INV129729,P0165,Product 165,Beauty,6,380.69,06-10-2023 17:24,C000035,38,Female,Inda,SR006,0,2284.14
INV188101,P0197,Product 197,Beauty,7,231.99,09-12-2023 19:27,C000137,40,Female,Uk,SR019,0,1623.93
INV177837,P0094,Product 94,Home Decor,7,388,07-08-2023 22:19,C004708,55,Female,UK,SR005,0,2716
INV165588,P0094,Product 94,Home Decor,5 units,702.28,29-09-2023 09:23,C002599,25,Male,Untied States,SR012,0,3511.4
INV114247,P0136,,Beauty,5,253.04,30-03-2023 01:12,C004275,39,Female,Inda,SR004,0,1265.2
INV171981,P0089,Product 89,HOME DECOR,7,458.01,11-03-2023 02:52,C002838,36,Female,Austalia,SR008,0,"$3,206.07 USD"
INV180626,P0046,Product 46,Books,1,280.75,26-11-2023 14:53,C003925,51,Male,USA,SR008,0,280.75
INV199733,P0039,Product 39,SPORTS,3,$902.45,09-10-2023 03:09,C001907,37,Male,USA,SR013,0,2707.35
INV162253,P0010,Product 10,Home Decor,7,861.89,45286,C000418,37,Female,France,SR019,0,6033.23
INV172899,P0153,Product 153 ###,Fashion,1,689.88,20-04-2023 04:02,1321,24,MALE,U S A,SR002,0,689.88
INV164515,P0080,Product 80,Health,2,829.36,10-09-2023 10:22,C002816,62,Female,USA,SR008,0,1658.72
INV190797,P0116,Product 116,Sports,3,284.79,03-10-2023 01:14,C001109,50,Male,Germny,SR005,0,854.37
INV146761,P0148,Product 148,Toyz,5,157.04,"Nov 15, 2023 02:20 AM",C001773,56,Female,U S A,SR011,0,785.2
INV132959,P0138,Product 138,Books,8,674.5,20-10-2023 16:13,C001379,51,Male,Inda,SR019,0,5396
INV117516,P0058,Product 58,GROCERY,2,735.65,45268,1690,32,Male,Inda,SR011,0,1471.3
INV135287,P0093,Product 93 (,Electronics,1,399.92,27-12-2023 04:50,C000580,55,Male,Germany,SR016,0,399.92
INV144898,P0170,Product 170,GROCERY,6,$626.38 USD,45016,C003510,20,Male,Germany,SR009,0,3758.28
INV187735,P0029,Product 29,Sports,1,416.15 USD,07-06-2023 09:57,C003668,64,Male,India,SR011,0,416.15
INV191204,P0031,Product 31,Health,1,648.85,15-02-2023 20:27,C000781,62,Male,Australia,SR018,0,648.85
INV150738,P0150,Product 150,Toyz,9,935,06-03-2023 03:46,C003511,33,Male,Frnace,SR005,0,8415
INV118515,P0078,Product 78,Books,9,986.71,07-01-2023 21:12,C001791,49,Male,Germany,SR006,0,8880.39
INV172987,P0096,Product 96,beauty ,6,64.78,15-09-2023 10:33,C004255,46,Male,India,SR009,0,388.68
INV172983,P0019,Product 19,Books,7,469.82,09-12-2023 16:30,C001111,64,Female,Inda,SR005,0,3288.74
INV107803,P0142,Product 142,Toyz,8,30.19,04-02-2023 23:32,C000214,66,Female,USA,SR004,,241.52
INV169326,P0079,Product 79,Toys,4,507.22,08-11-2023 18:26,C000716 ,27,Male,Germany,SR015,0,2028.88
INV134521,P0038,Product 38,Home Decor,5 units,362.5,30-09-2023 01:14,C003657 ,38,Male,Australia,SR001,0,1812.5
INV143349,P0071,Product 71,electronisc,9,299.37,23-04-2023 06:17,C000057,51,Male,Germany,SR010,0,2694.33
INV120791,P0118,Product 118,Toys,4 units,367.24,29-06-2023 15:46,C003579,44,Male,Canad,SR013,0,1468.96
INV127208,P0064,Product 64,home decor,4,366.95,45244,C004426,54,Male,Uk,SR009,0,1467.8
INV194733,P0107,Product 107,home decor,9,521.42,45252,C002917,23,Male,Inda,SR004,0,4692.78
INV197642,P0133,Product 133,Grocery,6,199.75,07-01-2023 14:03,C002594,49,Male,USA,SR004,0,1198.5
INV164816,P0062,Product 62,Health,1,521.88,02-11-2023 23:40,C002778,30,Female,Canada,SR015,0,521.88
INV117655,P0064,Product 64,home decor,1,934.36,10-10-2023 21:03,C004900,23,Female,UK,SR015,0,934.36
INV136172,P0190,Product 190,GROCERY,5,781.07,45244,C001666,23,Female,U S A,SR005,0,3905.35
INV135486,P0135,Product 135,Health,9,812.14,23-11-2023 22:10,484,45,Male,Germny,SR018,0,7309.26
INV114374,P0166,Product 166,Fashion,3,128.22,44953,C000668,18,Male,Germny,SR010,0,384.66
INV13011,P0018,Product 18,Toyz,3,381.33,26-01-2023 15:27,C003724,44,F,Frnace,SR009,0,1143.99
INV104191,P0129,Product 129,home decor,8,534.32,45166,C000859,62,Female,Canad,SR007,0,4274.56
INV124217,P0040,Product 40,Toyz,5,700.71,06-02-2023 08:23,C000885 ,68,Female,India,SR006,0,3503.55
INV160007,P0094,Product 94,Home Decor,4,127.93,44987,C003373,44,Female,France,SR018,0,511.72
INV185447,P0133,Product 133,Grocery,1,144.96,23-11-2023 10:10,C004001,50,Female,U S A,SR007,0,144.96
INV119800,P0090,Product 90,Fashon,9,364.98,29-06-2023 06:00,C004932,64,MALE,Canad,SR008,0,3284.82
INV158617,P0187,Product 187,Home Decor,6,$627.25,15-10-2023 21:14,C001492,32,Male,Untied States,SR013,0,3763.5
INV120775,P0065,Product 65,Electronics,1,51.89,45111,2232,66,Male,Canada,SR018,0,51.89
INV197476,P0128,Product 128,Electronics,7,390.2,19-07-2023 17:06,C002653,5,Female,Untied States,SR018,0,2731.4
INV160240,P0009,Product 9,Automotive,4,388.15,09-11-2023 07:46,,57,Male,Untied States,SR001,0,1552.6
INV178676,P0007,Product 7,electronisc,2,527.39,45133,C002965,37,Male,Australia,SR003,0,1054.78
INV11213,P0021,Product 21,beauty ,7,298.79,24-05-2023 10:25,C003627,46,MALE,Australia,SR003,0,2091.53
INV121400,P0130,Product 130,Health,1,491.43,26-11-2023 04:10,C003028 ,29,Female,Uk,SR012,0,491.43
INV174322,P0193,Product 193,Electronics,9,128.86,45145,C001490,59,Female,UK,SR005,0,1159.74
INV170527,P0107,,home decor,4,84.82,45240,C000706,56,Female,USA,SR012,0,339.28
INV132575,P0022,Product 22,beauty ,8,7.38,45031,C003049,,Male,Uk,SR007,0,59.04
INV128583,P0082,Product 82,Health,9,526.57,29-01-2023 06:27,C002490,68,Male,Australia,SR016,0,4739.13
INV192639,P0085,Product 85,Fashion,2,412.1,21-07-2023 23:31,C002935,52,Male,USA,SR002,1,824.2
INV187399,P0004,Product 4,Automotive,8,307.5,20-06-2023 05:10,C003841,64,Female,France,SR015,0,2460
INV164752,P0094,Product 94,Home Decor ,4,103.66,11-12-2023 22:33,C000014,55,Female,Canada,SR017,1,414.64
INV149131,P0159,Product 159,Fashon,8,196.86,22-04-2023 05:54,C002959,24,Female,Canada,SR011,,1574.88
INV163748,P0039,Product 39,SPORTS,3,$611.42,44986,C003957,61,Female,Canada,SR012,0,1834.26
INV134743,P0018,Product 18,Toyz,4,265.41,07-07-2023 11:42,C003744,69,Male,Untied States,SR001,0,1061.64
INV163634,P0102,Product 102,TOYS,4,642.86,06-05-2023 23:11,C004075,23,Male,Canada,SR020,0,2571.44
INV171725,P0143,Product 143,Toyz,2,184.04,29-10-2023 19:07,C001811,59,M,Australia,SR014,0,368.08
INV145819,P0035,Product 35,Fashon,7,135.01,22-07-2023 15:00,C001153,37,Female,Canad,SR015,0,945.07
INV180388,P0184,Product 184,Electronics,9,874.55,45069,C004226,23,Female,UK,SR006,0,7870.95
INV143137,P0054,Product 54,beauty ,1,489.68,23-11-2023 12:39,C000635,,Male,Australia,SR010,0,489.68
INV119474,P0131,Product 131,Home Decor,8,422.89,09-05-2023 20:17,C000555,56,Female,Frnace,SR010,0,3383.12
INV121048,P0085,Product 85,Fashion,3,790.76,16-07-2023 01:19,C002436,69,Male,U S A,SR009,0,2372.28
INV108387,P0164,Product 164 ***,Grocery ,7,872.69,09-02-2023 21:36,C002744,46,Male,India,SR003,0,6108.83
INV160532,P0169,Product 169,GROCERY,2,89.4,27-03-2023 21:32,C003051,69,,Frnace,SR002,0,178.8
INV189359,P0091,Product 91,Automotive ,8,695.91,03-07-2023 22:21,C004513,57,Female,Germany,SR019,0,5567.28
INV107574,P0161,Product 161,Sports,7,661.11,02-08-2023 00:02,3610,68,Female,Austalia,SR015,0,4627.77
INV176997,P0197,Product 197,Beauty,2,27.73,27-03-2023 06:57,C004331,51,Female,Untied States,SR007,0,55.46
INV152936,P0066,Product 66,Toys,3,264.95,04-12-2023 05:40,C003297,47,Female,Germny,SR012,0,794.85
INV142537,P0090,Product 90,Fashon,9,280.88,23-02-2023 02:47,C000643,38,Male,France,SR014,0,2527.92
INV119386,P0087,Product 87,GROCERY,8,747.56,11-09-2023 06:20,C000199,22,Male,Inda,SR001,0,5980.48
INV138237,P0147,Product 147,Home Decor,2,618.69,09-07-2023 22:49,C003003,58,Female,Uk,SR017,0,1237.38
INV187375,P0087,Product 87,GROCERY,7,912.25,23-07-2023 06:03,C000261,54,Male,UK,SR011,0,6385.75
INV123414,P0121,Product 121,home decor,7,711.7,14-06-2023 01:12,C003678,41,Male,Untied States,SR018,0,4981.9
INV144370,P0179,Product 179,Health,2,$667.07,12-09-2023 22:39,C002731,32,,Australia,SR020,0,1334.14
INV190115,P0137,Product 137,Electronics ,6,523.89,04-02-2023 01:11,3828,55,Male,Untied States,SR004,0,3143.34
INV196885,P0089,Product 89,Home Decor,6,514.5,26-09-2023 07:58,C004623,29,Male,Canad,SR015,0,3087
INV125921,P0181,Product 181,Automotive,1,678.97,01-03-2023 12:14,C002369,62,Male,Canad,SR007,0,678.97
INV121653,P0056,Product 56,SPORTS,4,$225.23,44992,C000502,50,Female,Untied States,SR009,0,900.92
INV127355,P0081,Product 81,Toys,6,$655.56,27-12-2023 01:14,C000624,21,F,India,SR015,0,3933.36
INV104495,P0184,Product 184,Electronics,1,875.47,45066,C004563,50,Male,USA,SR016,0,875.47
INV191602,P0018,Product 18,Toyz,9,940.32,26-08-2023 21:50,C002687,61,Male,Untied States,SR004,0,8462.88
INV142844,P0200,Product 200,Home Decor,8,496,19-11-2023 07:02,C004491,20,Male,Australia,SR003,0,3968
INV198898,P0009,Product 9  [refurbished],Automotive,4,252.09,45266,C004345,62,Male,Germny,SR011,0,1008.36
INV129455,P0146,Product 146,Fashion,3,$107.48,"Jun 06, 2023 04:10 PM",C000832,67,Female,Germny,SR001,0,322.44
INV153408,P0114,Product 114,beauty ,6,978.31,05-01-2023 03:46,C000829 ,66,Female,Canada,SR014,0,5869.86
INV154775,P0123,Product 123,Fashon,9,990.46,28-02-2023 18:59,C003688 ,53,Male,Uk,SR011,0,8914.14
INV156631,P0055,Product 55,Automotive,5,863.38,"May 21, 2023 08:14 AM",C000491,35,Female,Austalia,SR019,0,4316.9
INV168101,P0138,Product 138,Books,4,60.15,27-03-2023 23:03,C002947,26,Female,France,SR018,0,240.6
INV142633,P0160,Product 160,Grocery,1 units,169.7,08-09-2023 16:15,C003021,5,Female,France,SR016,0,169.7
INV175233,P0186,Product 186,Books,4,737.13,06-01-2023 17:50,,47,Female,Frnace,SR008,0,2948.52
INV146931,P0182,Product 182,Toys,3,905.75,05-12-2023 09:17,C001129,35,Male,Untied States,SR012,0,2717.25
INV108573,P0083,Product 83,Automotive,3,533.51,"May 26, 2023 06:58 PM",C003243,40,Male,USA,SR017,0,1600.53
INV148233,P0074,Product 74,Home Decor ,3,703.1,10-01-2023 07:26,C001882,57,Male,U S A,SR017,0,2109.3
INV177686,P0001,Product 1,Toys,2,694.93,02-07-2023 09:44,C001115,200,Female,India,SR001,0,1389.86
INV151510,P0188,Product 188,TOYS,4,455.8,45208,C004185,27,Male,Canada,SR018,0,1823.2
INV125274,P0065,Product 65,Electronics,4,443.96,03-04-2023 11:45,C001999,69,Female,Uk,SR006,0,1775.84
INV133760,P0056,Product 56,SPORTS,7,620.64,25-08-2023 16:53,,42,Female,France,SR011,0,4344.48
INV131192,P0054,Product 54,beauty ,4,416.07,"May 05, 2023 02:15 PM",C002402,,Female,Canad,SR007,0,1664.28
INV139800,P0077,Product 77,Beauty,1,468.36,25-10-2023 12:07,C002907,23,Male,Uk,SR009,0,468.36
INV191876,P0094,Product 94,Home Decor,7 units,791.29,19-02-2023 20:16,C002705,25,Female,Uk,SR013,0,5539.03
INV131031,P0029,Product 29,Sports,5,118.78,13-05-2023 03:41,3353,38,Fem,Canada,SR015,0,593.9
INV134995,P0002,Product 2,beauty ,5,$277.10,05-11-2023 20:32,,22,Male,Uk,SR014,0,1385.5
INV156913,P0024,Product 24,Home Decor,1,360.28,24-01-2023 07:35,C004781,56,Male,Canad,SR003,0,360.28
INV190691,P0003,Product 3,electronisc,5,33.03,13-04-2023 06:34,C000066,36,Male,Australia,SR016,0,165.15
INV155138,P0063,Product 63,beauty ,7,9.03,09-01-2023 16:52,C003484,68,Female,Canada,SR009,0,63.21
INV150791,P0094,Product 94,Home Decor,-4,412.25,16-11-2023 16:46,C004609,34,Female,Untied States,SR019,1,-1649
INV164675,P0149,,Beauty,-1,952.95,29-01-2023 16:06,C002401,47,Female,Uk,SR018,1,-952.95
INV102525,P0017,Product 17,Fashon,1,786.97,13-06-2023 03:44,C003922,36,Female,UK,SR004,0,786.97
INV148672,P0031,Product 31,Health,1,$576.15,22-03-2023 16:35,C004074,200,Female,USA,SR001,0,576.15
INV123555,P0064,Product 64,home decor,8,873.87,45284,C003944 ,50,Male,India,SR011,0,6990.96
INV145745,P0132,Product 132,Toys,2,223.43,20-09-2023 02:41,C004830,20,Female,Inda,SR009,0,446.86
INV147300,P0191,Product 191,Toyz,9,388.56,13-10-2023 18:48,C003921,60,Male,U S A,SR004,0,3497.04
INV178218,P0074,Product 74,Home Decor,4,886.17,23-10-2023 13:26,C002740,50,Female,Untied States,SR005,0,3544.68
INV198374,P0150,Product 150,Toyz,2 units,44.31,24-01-2023 22:52,C001297,41,Female,U S A,SR002,Y,88.62
INV173032,P0036,Product 36,Automotive,9,885.49,28-07-2023 16:25,C000856,,male,UK,SR009,0,7969.41
INV124805,P0147,Product 147,Home Decor,1 units,936.39,13-03-2023 12:39,C000822,28,Male,Uk,SR007,0,936.39
INV112258,P0014,Product 14,Fashion,1,498.62,29-05-2023 03:47,C004130,58,M,Canad,SR008,0,498.62
INV187266,P0094,Product 94,HOME DECOR,3 units,158.61,14-02-2023 00:24,C002453,49,Male,Frnace,SR015,0,475.83
INV143561,P0114,Product 114,beauty ,9,375.18,17-04-2023 23:09,C000085 ,52,Female,Uk,SR012,0,3376.62
INV139143,P0171,Product 171,Electronics,8,115.71,13-03-2023 13:47,C002733,40,Male,U S A,SR009,0,925.68
INV124712,P0194,Product 194,GROCERY,2,924.73,24-03-2023 02:19,C002866,65,Female,Frnace,SR007,0,1849.46
INV129473,P0050,Product 50,Books,3,734.41,12-01-2023 08:18,C002931,47,Female,India,SR018,0,2203.23
INV107302,P0085,Product 85,Fashion,1,626.14,25-08-2023 19:32,C004031,64,Male,Australia,SR019,0,626.14
INV103928,P0021,Product 21,beauty ,8,387.45,26-06-2023 15:08,C000170,57,Female,Germany,SR016,0,3099.6
INV191163,P0016,Product 16,Fashon,9,157.82,12-08-2023 02:22,C000986,40,Female,U S A,SR010,0,1420.38
INV111869,P0009,Product 9,Automotive,6,604.9,30-04-2023 22:18,C003231,29,Female,UK,SR013,0,3629.4
INV182277,P0124,Product 124,Fashon,7,612.16,10-10-2023 07:42,3473,53,Female,Canad,SR007,0,4285.12
INV109607,P0020,Product 20,GROCERY,5,368.02,24-04-2023 23:39,,27,Male,Inda,SR002,0,1840.1
INV107162,P0120,Product 120,Books,6,720.2,02-12-2023 14:46,C000672,,Female,Austalia,SR014,0,4321.2
INV160219,P0046,Product 46,Books,6,499.36,01-05-2023 20:54,C001818 ,30,Female,U S A,SR005,0,2996.16
INV128207,P0179,Product 179,Health,4,520.76,09-08-2023 02:49,C000687,24,Male,Canad,SR014,0,2083.04
INV140357,P0115,Product 115,electronisc,8,410.2,"Mar 11, 2023 11:32 AM",C001517,49,Male,Frnace,SR002,0,3281.6
INV173268,P0059,Product 59,home decor,9,595.96,11-01-2023 06:39,,25,Female,U S A,SR015,0,5363.64
INV118328,P0033,Product 33,beauty ,4,919.34,09-02-2023 11:36,C000613,,Male,Inda,SR011,0,"$3,677.36 USD"
INV154460,P0091,Product 91,Automotive,1,318.72,16-02-2023 15:18,C001255,52,Male,Uk,SR010,,318.72
INV169803,P0195,Product 195,Fashon,-4,847.76,"Aug 16, 2023 11:35 AM",C003433,,Male,France,SR007,1,-3391.04
INV194440,P0154,Product 154,Fashion,8,359.65,10-07-2023 21:04,C002865,37,Female,Germany,SR009,0,2877.2
INV111936,P0076,Product 76,Electronics,8 units,603.44,10-12-2023 17:30,C000933 ,19,Female,Uk,SR003,0,4827.52
INV196855,P0097,Product 97,SPORTS,7,200.75,05-07-2023 00:54,C003900,48,Male,Inda,SR002,0,1405.25
INV170333,P0173,Product 173,Grocery,7,646.3,16-03-2023 16:19,C000754,26,Female,Frnace,SR014,0,4524.1
INV102480,P0076,Product 76,Electronics,4 units,767.47,14-03-2023 17:25,C004411,39,Male,Untied States,SR015,0,3069.88
INV188087,P0148,Product 148,Toyz,2,469.78,29-03-2023 16:39,C001144,64,Male,USA,SR005,0,939.56
INV193180,P0030,Product 30,SPORTS,5,461.3,44949,C003517,,Female,France,SR010,0,2306.5
INV146982,P0124,Product 124,Fashon,7,405.92,27-08-2023 00:46,2409,24,Male,Austalia,SR001,0,2841.44
INV136429,P0063,Product 63,beauty ,9,$814.23,09-06-2023 12:02,C003748,66,Male,USA,SR014,0,7328.07
INV133425,P0122,Product 122,Grocery,8,$37.88,45056,C002039,33,Female,Germny,SR018,0,303.04
INV177570,P0088,Product 88,Beauty,9,580.83,45223,C004485,26,Female,Untied States,SR018,,5227.47
INV103383,P0125,,electronisc,9,158.5,09-05-2023 12:44,C001360,40,female,UK,SR019,0,1426.5
INV102976,P0129,Product 129,home decor ,1,$636.25,25-06-2023 04:38,C000818,54,Male,Uk,SR018,0,636.25
INV166724,P0132,Product 132,Toys,5,204.68,"May 01, 2023 02:13 AM",,48,Male,Germny,SR019,0,1023.4
INV150680,P0005,Product 5,Toys,5,319.28,19-09-2023 22:53,C002783,59,Female,India,SR020,0,1596.4
INV157346,P0123,Product 123,Fashon,9,659.86,04-02-2023 05:42,C003477 ,64,Male,Inda,SR006,0,5938.74
INV175224,P0015,Product 15,Electronics,5,467.5,20-12-2023 23:39,C003048,38,Male,Inda,SR004,0,2337.5
INV171479,P0069,Product 69,Fashon,2,30.21,18-01-2023 07:01,C003710,43,Male,Austalia,SR005,0,60.42
INV114103,P0132,Product 132,Toys,7,913.43 USD,04-10-2023 17:14,C001649,19,Male,Canada,SR013,0,6394.01
INV108173,P0117,Product 117 ###,home decor,1 units,575.98,09-03-2023 20:16,C000218,22,Male,Germny,SR007,0,575.98
INV139546,P0008,Product 8,Sports,5,853.08,17-07-2023 22:31,C002978,22,Male,UK,SR001,0,4265.4
INV139316,P0042,Product 42,Automotive,9,404.61,16-10-2023 18:03,,18,Male,Canada,SR005,0,3641.49
INV155744,P0143,Product 143,Toyz,6,718.88,21-09-2023 18:43,C002398,35,Male,U S A,SR016,0,4313.28
INV179491,P0045,Product 45,Grocery,6,387.49,45173,,44,Male,USA,SR009,0,2324.94
INV126401,P0109,Product 109,TOYZ,-4,413.87,31-03-2023 14:07,C003032,55,Female,Canada,SR016,1,-1655.48
INV107755,P0028,Product 28,Toys,9,242.68,21-08-2023 14:37,C001096,67,Male,Austalia,SR010,0,2184.12
INV165139,P0183,Product 183,Automotive,8,662.98,21-04-2023 00:35,C000080,41,Female,Australia,SR004,0,5303.84
INV108623,P0184,Product 184,Electronics,6 units,185.54,31-07-2023 23:06,C003719,28,Female,India,SR015,0,1113.24
INV140295,P0024,Product 24,Home Decor,5,433.3,07-08-2023 22:02,C004597,36,Female,Canad,SR004,0,2166.5
INV106741,P0112,Product 112 ###,TOYS,7,823.77,04-01-2023 22:21,C004133,61,Male,Canad,SR010,0,5766.39
INV138017,P0190,Product 190,GROCERY,8,514.43,22-09-2023 17:11,C003431,30,Female,Frnace,SR014,0,4115.44
INV123668,P0156,Product 156,Electronics,9,507.79,45086,C000667,53,Male,Canad,SR008,0,4570.11
INV170774,P0081,Product 81,Toys,3,451.62,"Apr 05, 2023 10:12 PM",C000071,61,Female,Germany,SR017,0,1354.86
INV146451,P0133,Product 133,Grocery,9,575.47,06-09-2023 16:26,C002097,43,Male,Austalia,SR004,0,5179.23
INV120921,P0066,Product 66,Toys,7,70.07,03-04-2023 20:03,C001039,24,Female,Germany,SR006,0,490.49
INV121778,P0060,Product 60,beauty ,5,485.2,22-11-2023 13:40,C004625,20,Male,Germny,SR016,0,2426
INV172790,P0054,Product 54,beauty ,1,405.52,22-02-2023 03:59,C001076,67,Female,France,SR016,0,405.52
INV115184,P0041,Product 41,Sports,2,513,06-06-2023 05:06,C001220,24,Male,UK,SR004,0,1026
INV109327,P0159,Product 159,Fashon,9,488.52,09-05-2023 09:26,C000012,25,Female,Canad,SR019,0,4396.68
INV191125,P0101,Product 101,SPORTS,3,545.94,"Mar 31, 2023 02:25 PM",C001635,51,Female,U S A,SR019,0,1637.82
INV169675,P0103,Product 103,Health,4,948.81,05-02-2023 07:52,C003131,33,Female,Austalia,SR011,0,3795.24
INV115750,P0031,Product 31,Health,1,33.92,44937,C000630,20,Male,U S A,SR016,0,33.92
INV167558,P0192,Product 192,Fashion,2 units,897.09,03-10-2023 17:23,C002285,,Male,Untied States,SR013,0,1794.18
INV183406,P0174,Product 174,GROCERY,7,271.03,17-03-2023 02:39,C000937,68,Female,Australia,SR014,0,1897.21
INV138277,P0069,Product 69,Fashon,8,308.8,13-10-2023 02:47,C000111,34,Male,Australia,SR015,0,2470.4
INV189055,P0115,Product 115,electronisc ,5 units,743.83,05-10-2023 13:31,C003269,20,Female,Untied States,SR009,0,3719.15
INV190969,P0165,Product 165,BEAUTY,5,680.36,09-10-2023 07:19,C003735 ,64,Male,Inda,SR015,0,3401.8
INV188076,P0086,Product 86,Electronics,5,802.63,07-12-2023 06:44,C000314,40,Male,USA,SR003,0,4013.15
INV172896,P0142,Product 142,Toyz,1,927.52,17-04-2023 23:49,C004964,66,Male,Inda,SR005,0,927.52
INV100168,P0128,Product 128,Electronics,4,609.49,26-10-2023 08:13,C002239,39,Female,France,SR016,0,2437.96
INV175115,P0007,Product 7  [refurbished],electronisc,5,$441.09,44944,C000105,40,Female,Austalia,SR020,0,2205.45
INV176640,P0049,Product 49,Fashion,8,804.51,11-06-2023 17:54,C001317,64,Female,Frnace,SR019,0,6436.08
INV197497,P0124,Product 124,Fashon,1,119.12,14-08-2023 10:07,C000790,37,Female,Germny,SR001,0,119.12
INV141076,P0144,Product 144,Fashon,9,119.54,08-03-2023 10:58,C000539,31,Female,France,SR008,0,1075.86
INV174719,P0167,Product 167,Grocery,6,767.55,03-05-2023 13:50,C000935,48,Female,Germany,SR011,0,4605.3
INV188273,P0158,Product 158,Fashion,9,734.04 USD,13-08-2023 20:42,C004050,29,Female,Germany,SR005,0,6606.36
INV150095,P0153,Product 153,Fashion,5 units,384.37,06-10-2023 22:19,C002773,44,,Canad,SR003,0,1921.85
INV141803,P0093,Product 93,Electronics ,1,437.65,02-09-2023 12:04,C002639,48,Male,U S A,SR015,0,437.65
INV137254,P0087,Product 87,GROCERY,2,805.67,02-03-2023 14:14,C004900,23,Female,Inda,SR011,0,1611.34
INV124928,P0064,Product 64,home decor,9,369.05,14-12-2023 00:39,C003114,18,Male,India,SR009,0,3321.45
INV144316,P0121,Product 121,home decor,9,690.9,13-06-2023 04:16,C001962,31,Male,Australia,SR009,0,6218.1
INV110893,P0026,Product 26,Toys,3,452.37,44928,C002890,62,Female,Canad,SR006,0,1357.11
INV194692,P0103,Product 103,Health,3,948.18,23-04-2023 11:51,C000302,26,Female,Canada,SR003,0,2844.54
INV104216,P0147,Product 147,Home Decor,3,89.68,45158,C002435,63,Female,Inda,SR018,0,269.04
INV194009,P0041,Product 41,Home decors,4,960.81,21-04-2023 13:00,C001832,23,Male,India,SR016,1,3843.24
INV124652,P0110,Product 110 ***,Sports,4,284.55,45088,C002619,69,Male,USA,SR020,0,1138.2
INV107061,P0197,Product 197,Beauty,5,521.57,28-06-2023 16:25,C004222,40,Female,Austalia,SR008,0,2607.85
INV115551,P0197,Product 197,Beauty,3,117.81,21-05-2023 20:28,2204,26,Female,U S A,SR018,0,353.43
INV148417,P0030,Product 30 ***,SPORTS,-2,220.91,12-04-2023 00:00,C002011,22,Female,Canada,SR011,1,-441.82
INV134752,P0052,Product 52,SPORTS,8,284.33,10-12-2023 06:37,C002874,56,Female,USA,SR014,0,2274.64
INV126149,P0045,Product 45,Grocery,8,18.56,31-08-2023 13:21,C004424,,Male,USA,SR017,0,148.48
INV107442,P0177,Product 177,Home Decor,3,185.86,08-05-2023 09:11,,,Male,Frnace,SR014,0,557.58
INV147662,P0097,Product 97,SPORTS,8,98.43,11-05-2023 14:46,2584,39,Female,Frnace,SR003,0,787.44
INV126555,P0054,Product 54,beauty ,9,644.88,03-03-2023 21:29,C004594,40,Male,U S A,SR004,0,5803.92
INV142089,P0151,Product 151,Toyz,8,$810.55,15-06-2023 16:28,C003198,28,Female,France,SR009,0,6484.4
INV191456,P0122,Product 122,Grocery,7,913,13-01-2023 09:48,C002219,36,male,U S A,SR006,0,6391
INV144044,P0058,Product 58,GROCERY,1 units,644.63,16-09-2023 01:21,C004877,40,Male,India,SR018,0,644.63
INV19184,P0104,Product 104,BEAUTY ,-2,609.44,10-01-2023 03:21,C000059,47,Female,Australia,SR013,1,-1218.88
INV150549,P0103,Product 103,HEALTH,9,314.57,"Aug 06, 2023 09:41 AM",C001854,37,M,U S A,SR008,0,"$2,831.13 USD"
INV12168,P0091,Product 91,Automotive,4,426.96,26-05-2023 06:59,C004927,45,Female,USA,SR002,0,1707.84
INV113398,P0031,Product 31,Health,7,332.42,45179,C000910,39,Female,Inda,SR001,0,2326.94
INV120012,P0169,Product 169,GROCERY,3,410.82,03-02-2023 16:50,C002479,48,Female,Australia,SR020,0,1232.46
INV188785,P0091,Product 91 ***,Automotive,1,613.27,27-05-2023 15:55,C002927,47,Female,Frnace,SR008,0,613.27
INV135311,P0063,Product 63,beauty ,4,242.41,24-07-2023 20:00,C001687,34,Female,UK,SR015,0,969.64
INV153842,P0057,Product 57,Automotive,6 units,25.59,05-07-2023 08:18,C004133,61,Male,Canad,SR013,0,153.54
INV191851,P0140,Product 140  - damaged,beauty ,7,177.32,26-06-2023 23:53,C002772,5,Male,Canad,SR007,0,1241.24
INV123005,P0178,Product 178,TOYS,4,984.53,07-08-2023 00:11,C003492,19,Male,India,SR018,0,3938.12
INV197735,P0022,,beauty ,3,482.29,24-09-2023 03:48,C004006,62,Female,Uk,SR015,0,1446.87
INV166038,P0036,,Automotive,9,800.28,06-05-2023 16:16,C002768,42,Female,Germany,SR010,0,7202.52
INV161586,P0184,Product 184,Electronics,-4,$627.88,07-11-2023 22:58,C002932,39,Female,USA,SR014,1,-2511.52
INV174081,P0166,Product 166,Fashion,1,890.98,05-12-2023 05:09,C004689,66,Male,U S A,SR011,0,890.98
INV195494,P0016,Product 16,FASHON,5 units,263.31,27-01-2023 23:35,,19,Male,India,SR019,0,1316.55
INV103742,P0154,Product 154,Fashion,2,900.22,01-06-2023 05:07,C000652,66,Female,U S A,SR011,0,1800.44
INV150110,P0062,Product 62,Health,3,292.01,05-06-2023 13:46,C002846,53,M,Frnace,SR013,0,876.03
INV142945,P0130,Product 130,Health,1,56.09,10-12-2023 21:14,C001014,24,Male,France,SR008,0,56.09
INV127327,P0169,Product 169,GROCERY,1,466.85,31-10-2023 13:05,C001527,50,Female,Austalia,SR015,0,466.85
INV131446,P0156,Product 156,Electronics,7,934.98,08-01-2023 07:08,,54,Male,Germny,SR012,,6544.86
INV144779,P0084,Product 84,Fashon,6,248.2,16-05-2023 23:32,C002720,46,Male,Frnace,SR018,0,1489.2
INV141731,P0073,,AUTOMOTIVE,1 units,605.74,"Apr 20, 2023 04:03 AM",C001984,51,,Inda,SR004,0,605.74
INV118109,P0101,Product 101,SPORTS,3,858.45,06-03-2023 11:34,C003392,46,Female,Uk,SR020,0,2575.35
INV153519,P0155,Product 155,Fashon,6,526.28,21-09-2023 06:28,C001041,37,Female,USA,SR020,0,3157.68
INV198752,P0107,Product 107,home decor,4,912.24,23-06-2023 19:09,C004876,29,Female,Untied States,SR003,0,3648.96
INV123182,P0017,Product 17 (,Fashon,3,875.09,26-07-2023 08:30,C001477,31,Female,India,SR017,0,2625.27
INV101848,P0133,,Grocery,7,875.38,45108,C000272,29,Female,Germany,SR019,0,6127.66
INV195418,P0001,Product 1,TOYS,9,815.49,17-09-2023 04:11,C003475,54,Male,India,SR017,0,7339.41
INV164933,P0138,Product 138,Books,2,655.12,10-01-2023 09:57,C002083,29,Female,Frnace,SR020,0,1310.24
INV184549,P0189,Product 189,GROCERY,3,532.13,26-08-2023 07:45,C001277,20,Female,France,SR014,0,1596.39
INV188978,P0115,Product 115,electronisc ,8,77.77,03-02-2023 23:02,C002685,37,MALE,Uk,SR014,0,622.16
INV105951,P0126,Product 126,Toys,8,340.39,45194,4264,45,Female,Inda,SR005,0,2723.12
INV182540,P0089,Product 89,Home Decor,4,232.86,18-07-2023 01:19,C000954,63,Female,U S A,SR015,0,931.44
INV124962,P0163,Product 163,Toyz ,5,320.7,45106,C004652,19,Male,Frnace,SR010,0,1603.5
INV185699,P0164,Product 164,Grocery,6,915.04 USD,13-04-2023 23:38,C000694,62,Male,India,SR014,0,5490.24
INV183211,P0148,Product 148,Toyz,3,911.96,44999,C002656,27,Male,Germny,SR006,0,2735.88
INV112441,P0081,Product 81,Toys,6,692.58,"Jul 19, 2023 11:04 AM",C001677 ,41,F,Germany,SR020,0,4155.48
INV113549,P0043,Product 43,Sports,9 units,908.69,12-04-2023 20:25,C001249,22,Female,Canada,SR015,0,8178.21
INV174062,P0148,Product 148,TOYZ,1,686.28,19-01-2023 12:22,C003674,52,Male,Untied States,SR010,0,686.28
INV15274,P0151,,Toyz,7,666.7,29-10-2023 06:17,C003850,46,Male,Germny,SR013,0,4666.9
INV167068,P0143,Product 143,Toyz,6,714.39,"Jul 10, 2023 12:10 PM",C004027,9,Female,Germny,SR008,0,4286.34
INV150038,P0094,Product 94,Home Decor,5,949.97,28-07-2023 09:23,C001654,28,Male,France,SR015,0,4749.85
INV118052,P0067,Product 67,Health,7,425.7,19-08-2023 17:31,C003647,20,Male,India,SR020,0,2979.9
INV176580,P0139,Product 139,Fashon ,5,294.95,45209,C002512,24,Male,Germany,SR017,0,"$1,474.75 USD"
INV101251,P0118,Product 118,Toys,9,927.87,02-12-2023 17:01,C002748 ,64,Male,Australia,SR017,0,8350.83
INV184012,P0079,Product 79,Toys,5,608.19,07-02-2023 16:42,C000044,29,Female,Frnace,SR020,0,3040.95
INV184996,P0022,Product 22,beauty ,4,606.85,10-12-2023 23:09,C003016,22,Male,Austalia,SR002,0,2427.4
INV126968,P0144,Product 144,Fashon ,7,982.09,03-11-2023 21:01,4058,55,Male,India,SR016,0,6874.63
INV184436,P0177,Product 177,Home Decor,6,600.17,25-05-2023 12:51,C004430,68,Female,UK,SR012,0,3601.02
INV180584,P0073,Product 73 (,Automotive,8 units,625.39,17-05-2023 15:20,C004448,26,Male,Frnace,SR012,0,5003.12
INV148763,P0152,Product 152,TOYZ,2,363.41,13-05-2023 05:22,C003460,47,Male,Inda,SR016,1,726.82
INV105991,P0066,Product 66,TOYS,-1,$485.85,25-03-2023 02:30,C002247 ,5,female,India,SR016,1,-485.85
INV158409,P0193,Product 193,Electronics,6,115.58,45156,C000237,27,Male,Germany,SR001,0,693.48
INV16584,P0182,Product 182,Toys,4,788.77,17-05-2023 11:57,C000974,59,Male,Austalia,SR010,0,3155.08
INV131376,P0121,Product 121,home decor,3,813.2,18-09-2023 21:33,,38,Male,U S A,SR008,0,2439.6
INV111672,P0114,Product 114,beauty ,4,342.23,25-08-2023 19:40,C000690 ,40,Female,France,SR019,0,1368.92
INV182178,P0138,Product 138,Books,6,26.11,30-09-2023 01:14,C000155,54,,Australia,SR001,0,156.66
INV151878,P0173,Product 173,Grocery,7,468.75,19-05-2023 15:18,C002469,48,Male,Frnace,SR012,0,3281.25
INV125975,P0193,Product 193,Electronics,7,162.68,05-10-2023 15:50,C001184,39,Male,UK,SR016,0,"$1,138.76 USD"
INV110110,P0181,Product 181,Automotive,7,372.9,30-11-2023 23:27,2766,51,Female,UK,SR012,0,2610.3
INV118039,P0199,Product 199,HEALTH,4,9.83,03-11-2023 09:21,1315,62,Female,Australia,SR006,0,39.32
INV149609,P0192,Product 192,Fashion,3,170.05,15-08-2023 12:40,C000770,23,Male,France,SR018,0,510.15
INV174926,P0121,Product 121,home decor ,8,415.91,05-07-2023 10:09,C004881,39,Male,Germany,SR011,0,3327.28
INV161836,P0103,Product 103,Health,1,702.92,06-11-2023 12:06,C001547,60,Female,Canad,SR008,0,702.92
INV116112,P0019,Product 19,Books,7,670.30 USD,10-01-2023 22:24,C000499,67,Female,Canada,SR009,0,4692.1
INV161248,P0074,Product 74,Home Decor,1,772.48,24-09-2023 19:20,C000282,25,Male,Germany,SR014,0,772.48
INV192527,P0174,Product 174,GROCERY,5,759.47,44996,C002045,45,Female,India,SR008,0,3797.35
INV151111,P0084,Product 84,Fashon,4,415.66,11-07-2023 14:23,C001706,31,Female,India,SR011,0,1662.64
INV137486,P0028,Product 28,Toys,7,263.55,13-12-2023 06:14,C000028,33,Male,Australia,SR001,0,1844.85
INV156103,P0144,Product 144,Fashon,8,272.72,"Apr 16, 2023 11:15 PM",C004327,22,Male,Australia,SR008,0,2181.76
INV122500,P0091,Product 91,Automotive,6,947.37,06-01-2023 20:03,C002108 ,38,Male,Canad,SR019,0,5684.22
INV142405,P0072,Product 72,Toyz,1,439.77,11-10-2023 10:42,C003208,52,Male,Austalia,SR016,1,439.77
INV127942,P0161,Product 161,Sports,8,83.82,27-12-2023 15:19,C001685,63,Male,Frnace,SR013,0,670.56
INV155640,P0083,Product 83,Automotive,6,$786.90,03-05-2023 03:35,C001822,36,Male,U S A,SR004,Y,4721.4
INV127535,P0004,Product 4,Automotive,7,980.45,45291,C004957,41,Female,Germny,SR017,0,6863.15
INV131691,P0144,Product 144,Fashon,1,86.26,08-08-2023 01:19,C002568,34,Male,Untied States,SR002,,86.26
INV142012,P0143,Product 143,Toyz,8,351.06,29-07-2023 00:17,C003210,45,Female,Australia,SR003,0,2808.48
INV196207,P0083,Product 83,Automotive,4 units,882.46,14-10-2023 16:23,C002644,19,Male,Untied States,SR007,0,3529.84
INV116899,P0053,Product 53,GROCERY,5,835.44,45206,C004875,34,Female,USA,SR018,0,4177.2
INV104081,P0067,Product 67,Health,8,256.68,45253,C001490,59,Female,Australia,SR018,0,2053.44
INV145109,P0062,Product 62,Health,6,532.06,07-01-2023 04:35,,26,Female,Austalia,SR004,0,3192.36
INV176945,P0128,Product 128  - damaged,Electronics,7,448.03,25-10-2023 06:44,C004020 ,45,Male,Inda,SR014,0,3136.21
INV143878,P0130,Product 130,Health,5,255.45,45247,C002686,38,Male,France,SR008,0,1277.25
INV182639,P0065,Product 65,Electronics,9,873.55,22-05-2023 06:37,C004232,34,Male,Inda,SR012,0,7861.95
INV103367,P0085,Product 85,Fashion,9,327.65,16-11-2023 18:52,528,22,Female,Inda,SR009,0,2948.85
INV106652,P0059,Product 59,home decor,2,819.07,15-06-2023 07:16,C002645,32,Male,France,SR001,0,1638.14
INV129007,P0065,Product 65,Electronics,3,993.7,28-04-2023 11:51,C000615,28,Male,Austalia,SR018,0,2981.1
INV176252,P0044,Product 44,Fashion,3,325.18,13-11-2023 20:28,C000813,30,Male,Uk,SR010,0,975.54
INV171456,P0166,Product 166,Fashion,3 units,658.32,30-01-2023 12:09,C003887,25,Female,Inda,SR016,0,1974.96
INV194694,P0176,Product 176,Sports,4,421.63,07-09-2023 06:01,C003361,45,Male,UK,SR003,0,1686.52
INV187296,P0075,Product 75,Home Decor,8,293.45,45197,C000219,29,Female,Germany,SR012,0,2347.6
INV130546,P0073,Product 73,Automotive,5,105.59,26-09-2023 07:29,C004162,43,Female,Inda,SR018,,527.95
INV169892,P0159,Product 159,Fashon,1,$450.97,14-10-2023 07:38,,32,Male,Untied States,SR011,0,450.97
INV137526,P0001,Product 1,Toys,2,64.99,04-01-2023 09:34,C002538,35,Male,Inda,SR010,0,129.98
INV151118,P0130,Product 130,Health,8,361.72,10-10-2023 00:21,C004812,18,Male,UK,SR007,0,2893.76
INV110354,P0098,Product 98,Home Decor,-3,92.56,19-02-2023 20:34,C000647,58,Female,USA,SR010,1,-277.68
INV159596,P0098,Product 98,Home Decor,2,341.66,01-05-2023 15:04,C004391,51,Female,Germany,SR006,0,683.32
INV196252,P0001,Product 1,Toys,8,472.66,25-02-2023 10:07,C001326,39,Female,Uk,SR007,0,3781.28
INV113348,P0063,Product 63,BEAUTY ,7,618.33,02-08-2023 18:43,C000886,105,Female,India,SR011,0,4328.31
INV101068,P0002,Product 2,beauty ,4,26.76,45234,C001627,9,Female,UK,SR015,0,107.04
INV100599,P0037,Product 37,beauty ,7 units,151.05,29-06-2023 18:02,C004850,63,Male,U S A,SR013,0,1057.35
INV189700,P0012,Product 12,Fashon,8,402.8,08-10-2023 23:03,,39,Male,France,SR010,0,3222.4
INV180022,P0158,Product 158,Fashon,9,55.79,"Jun 16, 2023 07:23 AM",C002596,18,Female,Frnace,SR006,0,502.11
INV163513,P0096,Product 96,beauty ,3,56.07,12-09-2023 16:41,C000214 ,66,Female,Untied States,SR009,0,168.21
INV159423,P0062,Product 62,Health,8,722.72,27-09-2023 20:57,C002635,49,Female,UK,SR015,0,5781.76
INV144722,P0048,Product 48,Home decors,9,715.14 USD,05-07-2023 14:37,C001063,47,Male,UK,SR007,0,6436.26
INV190229,P0029,Product 29,Sports,8,433.76,28-01-2023 07:39,C003119,60,Male,U S A,SR002,0,3470.08
INV154189,P0178,Product 178,Toys,6,928.76,08-11-2023 17:51,,18,Male,Untied States,SR002,0,5572.56
INV15412,P0110,Product 110,Sports,4,$693.87,45183,C004563,50,Male,Untied States,SR010,0,2775.48
INV142384,P0156,Product 156,Electronics,7,717.85,14-06-2023 05:40,C004719,64,Male,India,SR007,0,5024.95
INV161625,P0167,Product 167,Grocery,4,951.85,27-07-2023 20:18,C004109,51,Male,India,SR002,0,3807.4
INV182272,P0096,Product 96,BEAUTY ,4,181.98,27-03-2023 08:21,C000508,28,Male,Canada,SR002,0,727.92
INV130427,P0014,Product 14  [refurbished],Fashion,5,267.95,20-12-2023 05:37,C000367,,Female,Frnace,SR001,0,1339.75
INV181770,P0018,Product 18,Toyz,6,999.79,03-08-2023 04:31,C001197,38,Male,Frnace,SR005,0,5998.74
INV149675,P0016,Product 16,Fashon,1,171.15,24-06-2023 04:50,,48,Male,Germany,SR002,0,171.15
INV127730,P0142,Product 142,Home decors,9,173.67,07-05-2023 02:55,C001259,62,Male,Inda,SR003,0,1563.03
INV121922,P0133,Product 133,Grocery,5,164.95,02-06-2023 20:59,C003545,20,Female,Uk,SR007,0,824.75
INV196763,P0030,Product 30,SPORTS,1,768.98,45025,C000907,44,Male,Uk,SR007,0,768.98
INV100579,P0068,Product 68,Electronics,9,514.13,18-10-2023 01:05,C001484,5,Female,Frnace,SR003,0,4627.17
INV175245,P0145,Product 145,Toys,2,445.88,45105,C004666,58,Male,France,SR011,0,891.76
INV104363,P0089,Product 89,HOME DECOR,3,892.35,45244,C004737,66,Female,France,SR019,0,2677.05
INV19172,P0063,Product 63  - damaged,beauty ,6,747.87,11-12-2023 09:52,C000090,40,Male,France,SR016,0,4487.22
INV194986,P0079,Product 79,Toys,5,970.76,15-11-2023 01:49,C004527,18,Male,Inda,SR019,0,4853.8
INV191595,P0155,Product 155,Beauty,6,538.21,18-06-2023 04:17,C000104,39,Male,U S A,SR017,0,3229.26
INV139318,P0081,Product 81,Toys,9,222.37,25-07-2023 03:59,C002967,32,Female,U S A,SR017,0,2001.33
INV156008,P0009,Product 9,Automotive,9,389.19,18-08-2023 11:36,C001020,60,Male,France,SR001,0,3502.71
INV194224,P0187,Product 187,Home Decor,5,481.54,19-04-2023 12:10,,24,Male,France,SR016,0,2407.7
INV116794,P0012,Product 12,Fashon,2,198.31,02-10-2023 10:11,C000366,46,M,Australia,SR014,0,396.62
INV137920,P0097,Product 97,SPORTS,6,381.83,04-09-2023 07:29,271,30,Female,India,SR007,0,2290.98
INV154605,P0145,Product 145,Toys,7,154.27,23-09-2023 11:11,,18,Male,Inda,SR012,0,1079.89
INV146438,P0091,Product 91,Automotive,4,65.35,05-09-2023 04:03,C002207,41,Male,Austalia,SR015,0,261.4
INV128816,P0052,Product 52,SPORTS,2 units,$71.20,24-04-2023 05:59,C000640,45,Female,Austalia,SR003,0,142.4
INV148327,P0187,Product 187,Home Decor,2,684.64,26-05-2023 16:41,C002652,58,Male,Frnace,SR007,0,1369.28
INV117262,P0090,Product 90,Fashon,6,$430.55,10-11-2023 16:18,C002128,65,Female,Inda,SR015,0,2583.3
INV151202,P0085,Product 85,Fashion,1,795.78,30-08-2023 19:26,C002603,60,Male,Untied States,SR016,0,795.78
INV154940,P0053,Product 53,GROCERY,3,860.35,12-01-2023 22:53,,25,Female,France,SR011,0,2581.05
INV112583,P0157,Product 157 ***,Electronics,3,555.61,12-10-2023 01:12,C001118,49,Male,Canada,SR002,0,1666.83
INV178791,P0022,Product 22,beauty ,6 units,121.65,07-12-2023 16:48,C000482,37,Female,Canada,SR002,0,729.9
INV121733,P0079,Product 79,Toys,4,792.8,20-03-2023 04:07,,59,Male,Canad,SR010,0,3171.2
INV142435,P0013,Product 13,Grocery,7,155.9,16-11-2023 04:26,C001482,,Male,Uk,SR016,0,1091.3
INV11884,P0176,Product 176,Sports,7,$30.89,14-05-2023 15:41,C001353,62,Female,Untied States,SR019,0,216.23
INV193715,P0057,Product 57,AUTOMOTIVE,4,168.98,17-05-2023 19:38,C004900,23,Female,India,SR014,0,675.92
INV129757,P0199,Product 199,Health,4,799.23,22-11-2023 23:27,C003154,45,Female,Germany,SR010,,3196.92
INV129177,P0091,Product 91,Automotive,2,237.97,45284,C001514,67,Male,Uk,SR010,0,475.94
INV119829,P0077,Product 77,Beauty,1,472.89,01-05-2023 09:29,C003399,65,Male,Frnace,SR001,0,472.89
INV145464,P0127,Product 127,Electronics,4,923.92,31-05-2023 09:27,C003932,30,Female,Frnace,SR015,0,3695.68
INV187128,P0079,Product 79,Beauty,2,400.7,44995,,49,Female,Canad,SR007,0,801.4
INV167239,P0001,Product 1,TOYS,9,663.16,02-10-2023 10:52,C001761,50,Female,Uk,SR015,0,5968.44
INV159027,P0077,Product 77,Beauty,9,127.77,20-07-2023 20:52,C003770,38,Female,Canad,SR012,0,1149.93
INV104102,P0067,Product 67,Health,2,841.22,"Mar 18, 2023 02:00 AM",C004728,34,Male,Germany,SR015,0,1682.44
INV160973,P0091,Product 91,Automotive,4,276.54,45071,C000834,28,Male,Untied States,SR005,0,1106.16
INV147509,P0137,Product 137 ***,ELECTRONICS,5,972.3,45049,,52,Male,Austalia,SR018,0,4861.5
INV158393,P0194,Product 194,GROCERY,4,717.07,12-02-2023 18:04,C003806,19,Female,UK,SR007,0,2868.28
INV133957,P0125,Product 125,electronisc,2,665.76,02-09-2023 09:56,C004696,36,Male,USA,SR017,0,1331.52
INV141928,P0174,Product 174,GROCERY,5,483.82,26-05-2023 12:54,C001896,31,female,Uk,SR007,0,2419.1
INV157894,P0168,Product 168,electronisc,2,893.09,10-11-2023 05:45,C000461,33,M,Australia,SR017,0,1786.18
INV144436,P0008,Product 8,Sports,7,$368.02,17-04-2023 11:13,C001011,28,Male,Canad,SR012,0,2576.14
INV197593,P0158,Product 158,Fashon,8,101.69,10-04-2023 18:53,C002759,20,Female,Germany,SR004,0,813.52
INV171737,P0036,Product 36,Automotive,-2,24.15,30-09-2023 15:47,1175,34,Female,Untied States,SR001,1,-48.3
INV199423,P0024,Product 24,Fashon,5,799.61,45125,,55,Female,UK,SR003,0,"$3,998.05 USD"
INV189737,P0013,Product 13,Grocery,8,927.42,17-04-2023 14:06,C001833,35,Male,Canada,SR014,0,7419.36
INV175437,P0131,Product 131,Home Decor,9,10.09,26-02-2023 20:20,C003423,58,Male,U S A,SR009,0,90.81
INV104117,P0065,Product 65,Electronics,6,988.92,12-02-2023 09:59,C000590,55,Female,Uk,SR004,0,5933.52
INV140824,P0161,Product 161,Sports ,2,831,20-10-2023 06:20,C002305,23,Male,Canada,SR015,0,1662
INV176226,P0083,Product 83,Automotive,6,172.17,16-11-2023 23:00,C000452,48,Female,Uk,SR002,0,1033.02
INV17135,P0169,Product 169,GROCERY,4,962.31,08-02-2023 01:13,C000456,40,Male,Germny,SR017,0,3849.24
INV178374,P0137,Product 137,ELECTRONICS,1,401.15,23-04-2023 16:34,,58,Female,U S A,SR003,0,401.15
INV140533,P0088,Product 88,Beauty,8,953.52,13-12-2023 03:36,C003152 ,22,Male,U S A,SR009,0,7628.16
INV194914,P0055,Product 55,Automotive,8 units,67.7,45008,C002786 ,34,Male,Australia,SR008,0,541.6
INV115983,P0136,Product 136,Beauty,4,950.13,19-07-2023 08:02,C002830,51,Female,France,SR007,0,3800.52
INV191700,P0069,Product 69,Fashon,2,235.82,01-02-2023 14:58,C004909,,Male,Austalia,SR019,0,471.64
INV123126,P0117,Product 117,home decor,7,193.82,14-05-2023 13:06,C000275,,Female,UK,SR001,0,1356.74
INV112534,P0060,Product 60,beauty ,2,$760.14,28-08-2023 07:21,C000969,65,Male,Germany,SR019,0,1520.28
INV153479,P0075,Product 75,Home Decor,6,528.35,08-12-2023 07:53,C002831,47,Female,Canad,SR007,0,3170.1
INV186265,P0079,Product 79,Toys,1,841.51,21-07-2023 15:59,C001768,43,Male,Inda,SR012,0,841.51
INV165432,P0156,Product 156,Electronics,6,373.1,45248,C002617,53,Male,Canada,SR013,0,2238.6
INV134335,P0171,Product 171,Electronics,6,478.15,24-12-2023 20:46,C004395,40,Male,Canad,SR011,0,2868.9
INV144986,P0095,Product 95,BEAUTY,4 units,600.61,16-04-2023 16:28,C004180,23,Male,Canada,SR004,0,"$2,402.44 USD"
INV185278,P0159,Product 159,Fashon,3,449.94,16-05-2023 21:46,C004972,5,Male,Germny,SR018,0,1349.82
INV192264,P0125,Product 125,electronisc,6,$489.65,19-09-2023 04:27,1136,36,Male,India,SR015,0,2937.9
INV117093,P0146,Product 146,Fashion,6,589.48,06-10-2023 17:42,C003250,25,Male,Untied States,SR007,0,3536.88
INV178182,P0033,,beauty ,1 units,646.48,25-02-2023 00:31,C003695,29,Female,Canada,SR019,0,646.48
INV124204,P0022,Product 22,BEAUTY ,4,36.13,25-05-2023 07:16,C000170,57,Female,Uk,SR005,0,144.52
INV156128,P0013,Product 13,GROCERY,7,$16.84,04-12-2023 05:18,C002090,50,Male,Germany,SR017,0,117.88
INV118283,P0049,Product 49,Fashion,7,511.1,11-05-2023 22:24,C004128,45,Male,U S A,SR010,0,3577.7
INV162717,P0188,Product 188,Toys,7,715.08,21-09-2023 01:15,1455,64,Female,Canad,SR014,0,5005.56
INV197025,P0074,Product 74,Home Decor,7,28.03,02-08-2023 15:09,C000494,64,Female,France,SR012,0,196.21
INV139639,P0149,Product 149,Beauty,5,57.41,26-04-2023 07:35,C000358,62,Female,Untied States,SR011,0,287.05
INV100947,P0007,Product 7,Home decors,7,987.39,01-04-2023 11:14,C003432,28,Female,Canad,SR017,0,6911.73
INV164776,P0048,Product 48,Fashon,2,750.75,24-07-2023 07:57,C001647,69,Female,UK,SR016,0,1501.5
INV123325,P0144,Product 144,Fashon,3,840.67,11-09-2023 22:27,C000863,57,Male,Inda,SR017,0,2522.01
INV176043,P0157,Product 157,Electronics,4,521.74,01-08-2023 12:57,1165,41,Female,USA,SR008,0,2086.96
INV134513,P0132,Product 132,Toys,3,75.22,08-10-2023 02:30,C000217,69,Female,USA,SR014,0,225.66
INV103313,P0053,Product 53,GROCERY,6,$287.95,02-10-2023 09:24,C001225 ,38,Female,U S A,SR016,0,1727.7
INV101334,P0011,Product 11,Fashion,3,897.08,"Sep 02, 2023 04:02 AM",C002414,38,F,France,SR004,0,2691.24
INV107644,P0119,Product 119,Fashion,6,249.95,28-04-2023 21:53,C004261,53,Male,India,SR001,0,1499.7
INV190908,P0122,Product 122,Grocery,8,149.87,07-06-2023 04:03,C003153,52,Female,Inda,SR006,0,1198.96
INV134623,P0181,Product 181,Automotive,9,213.2,45237,C000217,69,Female,U S A,SR006,0,1918.8
INV185646,P0154,Product 154,Fashion,4,62.11,11-05-2023 07:15,C003287,47,Female,Germany,SR005,0,248.44
INV111582,P0090,Product 90,Fashon,2,807.53,30-05-2023 21:31,C004213,52,Male,Australia,SR009,0,1615.06
INV196820,P0112,Product 112,Toys,-1,49.61,28-11-2023 18:09,C004775,59,Female,U S A,SR008,Y,-49.61
INV134624,P0105,Product 105,BEAUTY ,6,756.95,"Aug 01, 2023 08:42 PM",C001920,29,Female,USA,SR005,0,4541.7
INV178447,P0027,Product 27,Health,7,717.44,45174,C002648,66,Male,Frnace,SR011,0,5022.08
INV126359,P0171,Product 171,Electronics,7,426.09,15-12-2023 13:07,C002425,42,Male,Untied States,SR020,0,2982.63
INV15244,P0085,Product 85,Fashion,9,383.19,20-12-2023 10:20,C001236,38,Female,Germany,SR013,0,3448.71
INV107004,P0020,Product 20,GROCERY,7,32.09,19-04-2023 11:34,C000144,39,Male,Australia,SR005,0,224.63
INV189459,P0155,Product 155,BEAUTY,8,364.91,45231,C004763,53,Male,Australia,SR004,0,2919.28
INV129368,P0177,Product 177,HOME DECOR,9,138.1,44954,C004869,56,Female,U S A,SR010,0,1242.9
INV105650,P0181,Product 181,Automotive,5,88.15,10-04-2023 06:47,C001574,34,Female,Austalia,SR013,0,440.75
INV178426,P0144,Product 144,Fashon,9,552.76,12-01-2023 02:34,C000716,27,Male,UK,SR013,0,4974.84
INV104414,P0155,Product 155,Fashon,3,295.23,06-10-2023 06:30,1575,57,Male,Untied States,SR011,0,885.69
INV131063,P0129,Product 129,home decor,9,838.13,18-08-2023 12:32,C000702 ,45,Male,Inda,SR009,0,7543.17
INV111578,P0194,Product 194,GROCERY ,2,174.65,02-06-2023 23:55,C000436,64,Male,Canada,SR005,0,349.3
INV167777,P0071,Product 71,electronisc,8,866.29,09-12-2023 11:17,,66,,UK,SR005,0,"$6,930.32 USD"
INV142559,P0082,Product 82,Health,7,$800.15 USD,03-01-2023 09:19,C000867,,Female,U S A,SR002,0,5601.05
INV169227,P0041,Product 41,Sports,8,791.41,45253,C003986,24,Female,Germny,SR010,0,6331.28
INV110598,P0082,Product 82,Health,8,543.36,14-03-2023 04:59,C002401,47,Female,India,SR020,0,4346.88
INV192096,P0123,Product 123,Fashon,7,856.77,45107,2935,52,Male,Germny,SR011,0,5997.39
INV193286,P0163,Product 163 ###,Toyz,6 units,386.62,19-04-2023 02:23,,44,MALE,Inda,SR006,0,2319.72
INV162934,P0176,Product 176,Sports,3,278.62,02-07-2023 06:00,C003056,57,Male,Uk,SR005,0,835.86
INV163055,P0192,Product 192,Fashion,8,289.62,14-02-2023 04:13,C004342,43,Female,Canad,SR007,0,2316.96
INV100615,P0029,Product 29,Sports,2,97.17,03-10-2023 08:50,C005000,62,Female,Uk,SR006,0,194.34
INV148974,P0061,Product 61,home decor,3,166.37,06-10-2023 21:34,C002439,58,Female,Uk,SR014,,499.11
INV166007,P0006,Product 6,electronisc,8,20.67,26-02-2023 02:48,C002879,69,Male,Germny,SR005,0,165.36
INV173137,P0057,,Automotive,2,237.61,06-08-2023 22:08,C003852,56,Female,Frnace,SR006,0,475.22
INV187365,P0149,Product 149,Beauty,3,150.22,17-05-2023 03:06,C003870,25,Female,Germany,SR005,0,450.66
INV113835,P0052,Product 52,SPORTS,9,101.91,05-12-2023 10:30,C001884,32,Female,Austalia,SR015,0,917.19
INV137234,P0051,Product 51,Sports,4,59.19,27-11-2023 17:17,2297,25,Male,Germany,SR013,0,236.76
INV123912,P0095,Product 95,Beauty,9 units,719,20-12-2023 21:59,C002994,59,Male,Australia,SR005,0,6471
INV108508,P0098,Product 98,Home Decor,2,960.89,16-12-2023 16:27,C001301,38,Male,UK,SR020,0,1921.78
INV130935,P0175,Product 175,Home Decor,2,43.42,45154,C002325,64,Female,Germany,SR002,0,86.84
INV183842,P0037,Product 37,beauty ,9,602.91,"Aug 25, 2023 07:55 PM",C002207,41,Male,India,SR016,0,5426.19
INV103099,P0158,Product 158,Fashion,3 units,259.56,17-10-2023 06:18,C002966,41,Female,U S A,SR009,0,778.68
INV155794,P0112,Product 112,Toys,7,500.38,11-01-2023 16:56,C003194,39,Male,Uk,SR007,0,3502.66
INV144472,P0015,Product 15,Electronics,5,416.97,19-11-2023 01:13,C004314,21,Female,UK,SR010,,2084.85
INV159748,P0150,Product 150,Toyz,8,935.61,06-03-2023 02:09,C003892,51,Male,France,SR011,0,7484.88
INV191258,P0048,Product 48 (,Fashon,2,389.3,01-05-2023 11:52,C003202,200,Female,Uk,SR004,1,778.6
INV119741,P0043,Product 43,Sports,4,151.74,45012,,57,Male,Uk,SR005,0,606.96
INV170298,P0117,Product 117,home decor,9,280.81,12-11-2023 04:46,,35,Male,Canada,SR007,0,2527.29
INV108361,P0135,Product 135,Health,7,897.19,01-05-2023 04:22,C002679,31,Female,Frnace,SR001,0,6280.33
INV109822,P0190,Product 190,GROCERY,-1,83.29,06-02-2023 09:21,C000382,26,Female,Inda,SR014,1,-83.29
INV137461,P0098,Product 98,Home Decor,-3,837.8,14-05-2023 22:10,C004745,22,F,Australia,SR019,1,-2513.4
INV176651,P0144,Product 144,Fashon,9,252.27,08-02-2023 22:02,C004083,29,Female,Germany,SR017,0,2270.43
INV164930,P0148,Product 148,Toyz,8,434.95,14-03-2023 08:12,C000697,52,Female,Germny,SR005,N,3479.6
INV160058,P0101,Product 101,SPORTS,6,943.44,22-07-2023 22:58,C000324,47,Female,Uk,SR010,0,5660.64
INV132024,P0064,Product 64,home decor,3,394.1,21-11-2023 21:55,C002669,51,male,Uk,SR014,0,1182.3
INV173255,P0091,Product 91,Automotive ,3,564.6,16-09-2023 15:49,C003221,42,Male,USA,SR003,0,1693.8
INV143203,P0056,Product 56,SPORTS,1,333.93,45167,3005,39,Male,India,SR018,0,333.93
INV172064,P0155,Product 155,BEAUTY,7,917.41,08-03-2023 21:37,C000392,65,Female,U S A,SR008,0,6421.87
INV176284,P0166,Product 166,Fashion,2,54,10-07-2023 11:22,C001949,54,Female,U S A,SR020,0,108
INV169111,P0038,Product 38,Home Decor,8,109.24,03-02-2023 11:54,C004035 ,54,Female,Austalia,SR015,0,873.92
INV179868,P0055,Product 55,Automotive,1,198.58,13-07-2023 16:11,1092,50,Female,Frnace,SR012,0,198.58
INV173201,P0077,Product 77,Beauty,8,731.38,03-01-2023 02:28,C001953,66,Male,Germny,SR011,0,5851.04
INV140305,P0110,Product 110,SPORTS,6,361.5,17-05-2023 06:45,C003368,39,Male,UK,SR002,0,2169
INV144318,P0144,Product 144,Fashon,3,91.58,06-09-2023 18:23,,25,Male,Germny,SR006,0,274.74
INV107849,P0031,Product 31,Health,6,88.65,12-08-2023 12:56,C002847,36,Female,UK,SR013,0,531.9
INV112102,P0080,Product 80,Health,3,398,15-07-2023 08:03,,47,Female,Untied States,SR002,0,1194
INV199712,P0108,Product 108,Toys ,9,158.38,19-07-2023 16:49,C000616,68,Male,India,SR012,0,1425.42
INV128257,P0144,Product 144,Fashon,9,235.53,31-10-2023 08:11,C004450,28,Female,Untied States,SR002,0,2119.77
INV141558,P0110,Product 110 (,Sports,5,510.83,"Jun 20, 2023 01:51 AM",C001651,31,Male,Untied States,SR015,0,2554.15
INV194402,P0060,Product 60,beauty ,5,808.33,30-09-2023 21:18,C003004,56,Female,Germny,SR014,0,4041.65
INV169996,P0126,Product 126,Toys,5,788,44927,C000396 ,69,Male,Canad,SR002,0,3940
INV192546,P0109,Product 109,Toyz,9,69.14,"Mar 29, 2023 08:30 AM",C004601,41,Male,Inda,SR004,0,622.26
INV184827,P0141,Product 141,Health,1,825.5,14-11-2023 01:48,,45,Male,Canada,SR002,0,825.5
INV153040,P0191,Product 191,Toyz,4,572.13,06-12-2023 23:17,C003477,64,Male,Australia,SR016,0,2288.52
INV148486,P0141,Product 141,Health,8,213.28,44952,C004216,29,Male,UK,SR005,0,1706.24
INV143972,P0069,Product 69,Fashon,1 units,$486.14,44978,C003210,45,Female,Canada,SR020,0,486.14
INV121840,P0051,Product 51,Sports,5,381.82,23-05-2023 09:35,C003850,46,Male,Australia,SR007,0,1909.1
INV122749,P0196,Product 196,Electronics,6,924.44,45209,C002125,105,Female,Frnace,SR012,0,5546.64
INV117199,P0137,Product 137,Fashon,5,815.47,04-02-2023 15:15,C004621,44,Female,Frnace,SR005,0,4077.35
INV103811,P0120,Product 120,Books,3,976.11,45142,C002327,59,Female,Canad,SR004,0,2928.33
INV150644,P0014,Product 14,Fashion,2,104.33,04-05-2023 08:18,C000556,43,Male,Germany,SR019,0,208.66
INV149263,P0103,Product 103,Health,2 units,317.12,31-03-2023 23:45,C003207,19,Male,Inda,SR015,0,634.24
INV101467,P0128,Product 128,Electronics,1,291.52,04-10-2023 21:50,C003484,68,Female,U S A,SR004,0,291.52
INV188938,P0053,Product 53,GROCERY,2,728.43,16-12-2023 13:22,C003445,25,Male,Germany,SR013,0,1456.86
INV175462,P0145,Product 145,TOYS,2,97.18,45170,C000402,53,Female,USA,SR004,0,194.36
INV171286,P0150,Product 150,Toyz,8,948.98,45032,C004349,43,Female,Germny,SR011,N,7591.84
INV157647,P0066,Product 66,Toys,2,625.72,14-04-2023 02:13,C001169,63,Female,Uk,SR003,0,1251.44
INV147496,P0094,Product 94,HOME DECOR,1,709.14,45156,C001537,30,Female,U S A,SR003,N,709.14
INV165873,P0178,Product 178,Toys,7,475.66,45192,C001506,23,Male,USA,SR012,0,3329.62
INV166285,P0024,Product 24,Home Decor,3,336.36,22-08-2023 06:34,C000827 ,47,Female,Austalia,SR013,0,1009.08
INV180483,P0147,Product 147,Home Decor,1,416.8,10-08-2023 14:58,C004410,68,Female,Australia,SR004,0,416.8
INV198832,P0025,Product 25,Beauty,3,245,07-03-2023 17:13,C003651,62,Male,Germany,SR010,0,735
INV163760,P0055,Product 55,Automotive,4,256.73,02-01-2023 17:54,C004090,53,Male,Canada,SR018,0,1026.92
INV191016,P0183,Product 183,Automotive,6,616.63,13-01-2023 06:16,,35,Male,Canad,SR013,0,3699.78
INV174041,P0099,Product 99,Electronics,9,758.46,45272,C002079,42,Female,Inda,SR018,0,6826.14
INV172673,P0034,Product 34,Toys,2,856.35,05-04-2023 22:28,C002797,54,Female,Untied States,SR006,0,1712.7
INV190121,P0123,Product 123,Fashon,5,287.46,24-08-2023 00:17,C003418,58,Fem,Untied States,SR002,0,1437.3
INV140280,P0144,Product 144,Fashon,1,286.32,04-12-2023 06:55,C001978,29,Male,Australia,SR010,0,286.32
INV175960,P0080,Product 80,Health,8,435.96,24-06-2023 16:41,C004095,28,Female,France,SR001,0,3487.68
INV146178,P0045,Product 45,Grocery,2,991.7,12-06-2023 01:44,,45,Female,UK,SR020,0,1983.4
INV154263,P0049,Product 49,Fashion,1,708.29,09-10-2023 05:00,C000088,38,Female,Germny,SR009,0,708.29
INV149452,P0069,Product 69,Fashon,6,443.13,12-06-2023 19:16,C002734,41,Fem,USA,SR003,0,2658.78
INV12270,P0148,Product 148,Toyz,3,526.45,"Mar 14, 2023 05:23 AM",C003403 ,30,Female,Canada,SR017,0,1579.35
INV156577,P0038,Product 38,HOME DECOR,6,194.37,12-10-2023 08:13,C001381,30,Male,Canad,SR018,0,1166.22
INV180775,P0125,Product 125 ***,ELECTRONISC ,5,901.69,01-04-2023 15:08,C000849,47,Male,Germany,SR003,0,4508.45
INV188646,P0079,Product 79,Toys,5,323.13,45094,C003994,19,Female,Canad,SR003,0,1615.65
INV143777,P0019,Product 19,Books,7,759.33,26-09-2023 15:23,C003018 ,39,Female,Germny,SR009,0,5315.31
INV151465,P0153,Product 153,Fashion,9,723.45,15-08-2023 11:14,C002458,31,Female,France,SR018,0,6511.05
INV115375,P0103,Product 103,Health,9,608.86,06-12-2023 06:16,C000479,34,Female,U S A,SR013,0,5479.74
INV106877,P0077,Product 77,Beauty,8,92.99,13-01-2023 09:19,C003538,62,Female,Inda,SR011,0,743.92
INV116963,P0044,Product 44,Fashion,5,777.18,08-08-2023 12:22,C004580,58,Female,USA,SR008,0,3885.9
INV177491,P0055,Product 55,Automotive,5,489.82,10-08-2023 19:54,C004125,28,Male,USA,SR009,0,2449.1
INV137855,P0163,Product 163,Toyz,5,505.17,18-12-2023 06:08,1678,29,Female,Uk,SR003,0,2525.85
INV146315,P0168,Product 168,electronisc,2 units,341.42,09-03-2023 00:29,4889,63,Female,UK,SR014,0,682.84
INV171369,P0044,Product 44,Fashion,3,261.66,27-07-2023 06:31,C000549,57,Male,Uk,SR006,0,784.98
INV101213,P0111,Product 111,Beauty,2,279.88,"Jun 14, 2023 07:52 PM",C004165,22,Male,Germny,SR006,0,559.76
INV190040,P0170,Product 170,GROCERY,9,901.89,25-03-2023 13:01,C001435,42,F,Germany,SR007,0,8117.01
INV144292,P0108,,Toys,1,820.02,06-10-2023 21:55,C001851,38,Female,France,SR005,0,820.02
INV108314,P0192,Product 192,Fashion,7,907.35,28-06-2023 17:25,C001768,43,Male,Frnace,SR015,0,6351.45
INV142254,P0190,Product 190,GROCERY,1,879.97,16-01-2023 06:28,,58,Male,U S A,SR015,0,879.97
INV168826,P0192,Product 192,Fashion,7,551.83,14-06-2023 13:09,C002283,25,male,USA,SR006,0,3862.81
INV184167,P0147,Product 147,Fashon,7 units,$110.84,45204,C003942,43,Male,U S A,SR009,0,775.88
INV105261,P0111,Product 111,Beauty,3,935.96,13-12-2023 01:01,C002102,,Male,Australia,SR005,0,"$2,807.88 USD"
INV100697,P0043,Product 43,Sports,2,955.79,22-12-2023 09:25,C003152,22,Male,U S A,SR014,0,1911.58
INV198705,P0118,Product 118,Toys,6,547.32,04-10-2023 04:21,C002781,53,Female,Canad,SR011,0,3283.92
INV198378,P0147,Product 147,Home Decor,1,690.05,10-05-2023 10:19,C002365,53,Male,Canada,SR012,0,690.05
INV111140,P0126,Product 126 ###,Toys,2,165.38,45123,C004997,36,Female,Australia,SR020,0,330.76
INV154783,P0013,Product 13,Grocery,5,151.81,13-10-2023 02:10,C004349,105,Fem,Frnace,SR002,0,759.05
INV134045,P0014,Product 14,Fashion,4,427.3,45027,C001047,57,Female,Inda,SR015,0,1709.2
INV160333,P0155,Product 155,Beauty,4,883.97,29-12-2023 04:16,C002287,56,Male,Germany,SR012,0,3535.88
INV134092,P0125,Product 125,electronisc,9,801.6,08-02-2023 15:02,C001982,,Male,U S A,SR019,0,7214.4
INV119937,P0024,Product 24,Home Decor,5,999.09,06-05-2023 00:08,,32,Male,Untied States,SR018,0,4995.45
INV139736,P0139,Product 139,Fashon,8,15.04,21-04-2023 20:05,2416,19,Male,Germny,SR011,0,120.32
INV128730,P0049,Product 49  - damaged,Fashion,6,896.01,45245,C003830,19,male,Austalia,SR019,0,5376.06
INV197869,P0168,,electronisc,1,57.36,16-08-2023 00:48,C003795,18,Female,Germany,SR007,0,57.36
INV165388,P0031,Product 31,Health,1 units,869.45,01-04-2023 02:18,1472,30,Male,Canada,SR001,0,869.45
INV128354,P0099,Product 99,Electronics,1,46.8,21-10-2023 01:02,C004650,52,,U S A,SR005,0,46.8
INV139878,P0095,Product 95,Beauty,2,$314.81,07-10-2023 18:47,C002160,64,Female,India,SR014,0,629.62
INV128579,P0150,Product 150,Toyz,9 units,35.67,"Jan 30, 2023 05:56 PM",C002100,25,Female,Frnace,SR010,0,321.03
INV132622,P0139,Product 139,Fashon,-2,263.71,20-09-2023 17:03,C001591,32,Female,Australia,SR004,1,-527.42
INV124111,P0020,Product 20,GROCERY,6,$608.81,45079,C001297,41,Female,USA,SR011,0,3652.86
INV196534,P0042,Product 42,Automotive,2,107.25,18-12-2023 10:24,C003768,27,Male,Canad,SR002,0,214.5
INV126113,P0104,Product 104,beauty ,4,$601.85,45291,C002340,40,Male,Germny,SR002,0,2407.4
INV176070,P0178,Product 178,Toys,3,228.67,22-10-2023 09:48,C000069,66,Male,Germany,SR010,0,686.01
INV133351,P0199,Product 199,Health,4,153.13,04-12-2023 16:47,C003481,66,Female,UK,SR004,0,612.52
INV126800,P0131,Product 131,Home Decor,6,28.11,45223,C004040,34,Male,Untied States,SR019,0,168.66
INV184560,P0161,Product 161,Sports,6,922.32,03-01-2023 02:03,C002635,49,Female,UK,SR017,0,5533.92
INV101313,P0102,Product 102,Toys,5,696.06,08-07-2023 11:15,C003371,105,Female,Frnace,SR013,0,3480.3
INV16531,P0074,Product 74,Home Decor,2,370.03,30-08-2023 12:45,C002124,61,Male,UK,SR019,0,740.06
INV176828,P0041,Product 41,SPORTS,1,633.32,02-09-2023 10:44,C001639,52,Female,Frnace,SR006,0,633.32
INV197068,P0069,Product 69,Fashon,8,275.42,09-05-2023 08:40,1898,,Male,Inda,SR018,0,2203.36
INV146025,P0111,Product 111,Beauty,9,59.17,45128,C003123,23,Male,Australia,SR013,0,532.53
INV174942,P0014,Product 14,Fashion,9,568.75,29-05-2023 00:29,C000284,43,Male,Inda,SR018,0,5118.75
INV151734,P0041,Product 41,Sports,5,257.75,18-11-2023 04:28,C004839,21,Male,Germny,SR012,0,1288.75
INV148630,P0024,Product 24,Home Decor,7,532.27,02-09-2023 05:48,C003928,53,Male,Germany,SR020,0,3725.89
INV146302,P0159,Product 159,FASHON,9,764.04,24-12-2023 03:02,C001780,61,Male,France,SR001,0,6876.36
INV151543,P0161,Product 161,Sports,1,423.32,01-12-2023 18:58,C004639,44,Male,Australia,SR019,0,423.32
INV106471,P0068,Product 68,Electronics,5,311.09,03-08-2023 14:35,C001183,26,Female,Frnace,SR016,0,1555.45
INV179084,P0039,Product 39,SPORTS,9 units,269.21,14-11-2023 05:02,C000935,48,Female,Frnace,SR003,0,2422.89
INV124251,P0003,Product 3  - damaged,electronisc,9,$605.82,30-08-2023 18:32,C002722,35,Male,Untied States,SR011,0,5452.38
INV156670,P0110,Product 110,Sports,6 units,$69.30,45010,C001769,39,Male,Germny,SR011,0,415.8
INV189796,P0029,Product 29,Sports,5,254.03,11-03-2023 15:33,C003389,36,Female,Inda,SR002,0,1270.15
INV144913,P0149,Product 149,Beauty,7,$860.88,"Feb 22, 2023 04:57 PM",C001117 ,31,Male,Canad,SR013,0,6026.16
INV184579,P0007,Product 7,electronisc,1,848.64,07-04-2023 21:46,C003031,57,Male,India,SR003,0,848.64
INV112555,P0002,Product 2,beauty ,4,824.38,03-07-2023 08:09,C002733,40,Male,Canad,SR020,0,3297.52
INV122291,P0162,Product 162,electronisc,5,24.09,09-11-2023 16:39,C000439,38,Male,Australia,SR006,0,120.45
INV141002,P0170,Product 170,GROCERY,9,194.35,18-07-2023 00:01,,39,Male,Germny,SR005,0,1749.15
INV113727,P0158,Product 158,Fashion,5 units,235.31,05-01-2023 00:20,C004066,45,Female,UK,SR012,0,1176.55
INV167479,P0026,Product 26,Toys,5,818.28,17-11-2023 18:13,C004897,,Female,India,SR019,0,4091.4
INV148909,P0160,Product 160,GROCERY,6,379.04,09-07-2023 05:27,C003748,66,Male,USA,SR002,0,2274.24
INV119037,P0183,Product 183,Automotive,1,285.87,14-04-2023 17:42,C001999,69,Female,Untied States,SR018,0,285.87
INV122875,P0057,Product 57,Automotive,4,997.98,45191,C002002,59,Male,Germany,SR009,0,3991.92
INV179349,P0036,Product 36,Automotive,4,401.62,13-02-2023 03:02,,63,F,Canad,SR015,0,1606.48
INV123310,P0056,Product 56,SPORTS,1,79.79,"Jul 03, 2023 04:26 PM",C002158,44,Female,Canada,SR004,0,79.79
INV143621,P0177,Product 177,Home Decor,8,65.63,27-06-2023 02:07,C003945 ,44,Female,Uk,SR018,0,525.04
INV131728,P0192,Product 192  [refurbished],Fashion,4,$38.44,29-01-2023 13:55,C002386,39,Male,Austalia,SR008,0,153.76
INV187097,P0010,Product 10,Home Decor,4,370.79,05-10-2023 21:09,C000745,23,Female,UK,SR003,0,1483.16
INV126480,P0066,Product 66,Toys,4,910.13,23-04-2023 06:24,C004045,42,Female,USA,SR002,0,3640.52
INV132060,P0039,Product 39,SPORTS,8,684.64,44984,,25,Male,USA,SR018,0,5477.12
INV152547,P0163,Product 163,Toyz,6,822.07,03-08-2023 13:53,C001448 ,43,Female,Untied States,SR004,0,4932.42
INV160302,P0144,Product 144,Fashon,3,395.31,02-11-2023 22:40,C003817,28,Male,Inda,SR007,0,1185.93
INV153714,P0009,Product 9,Automotive,8,541.35,04-03-2023 03:04,C000968,53,Female,Uk,SR019,N,4330.8
INV152381,P0114,Product 114,beauty ,3,328.23,25-11-2023 11:16,C002521,19,Female,UK,SR015,0,984.69
INV136952,P0064,Product 64,home decor,4,216.82,44933,C002132,67,Female,India,SR015,0,867.28
INV113118,P0173,Product 173,Grocery,2,714.18,30-01-2023 16:03,C004465,42,Female,Austalia,SR011,0,1428.36
INV174875,P0082,Product 82,HEALTH,1,166.22,09-06-2023 13:49,C004126,32,Male,Untied States,SR017,0,166.22
INV169960,P0179,Product 179,Health,6,53.02,"Dec 19, 2023 08:03 PM",C004024,38,,Uk,SR006,0,318.12
INV101546,P0028,Product 28,TOYS,3,788.66,14-02-2023 15:37,C003609,59,Female,Uk,SR007,,2365.98
INV184042,P0196,Product 196,Beauty,7,377.17,16-05-2023 05:19,C002923,41,Female,Australia,SR008,0,2640.19
INV129733,P0065,Product 65,Electronics,-3,96.76,29-03-2023 05:31,4824,66,Male,Germany,SR018,1,-290.28
INV117385,P0046,Product 46,Books,6,939.42,"Feb 04, 2023 01:09 PM",,63,Female,UK,SR007,0,5636.52
INV110545,P0164,Product 164,Grocery,3,$692.24,06-07-2023 14:15,,43,Male,USA,SR019,0,2076.72
INV137654,P0197,Product 197,Beauty,9,781.33,06-05-2023 14:26,,50,Male,France,SR018,0,7031.97
INV152875,P0009,Product 9,Automotive,2,524.7,24-02-2023 23:15,C001231,68,Female,UK,SR004,0,"$1,049.40 USD"
INV168763,P0071,Product 71,electronisc,5,$47.04,26-09-2023 13:57,C001151,40,Female,Australia,SR019,0,235.2
INV159986,P0176,Product 176,Sports,2 units,151.92,05-06-2023 23:08,C001995,55,Female,Canada,SR008,0,303.84
INV140414,P0011,Product 11,Fashion,3,931.6,23-11-2023 21:00,C001213,48,Female,Germny,SR004,0,2794.8
INV168083,P0054,Product 54,beauty ,5,789.63,27-03-2023 13:35,C001792,58,Male,Frnace,SR013,0,3948.15
INV179384,P0031,Product 31,Health,4 units,574.68,27-06-2023 15:01,4798,45,Female,Canad,SR001,0,2298.72
INV173772,P0073,Product 73,Automotive,2,$374.06,45223,C003859,36,Female,Frnace,SR006,0,748.12
INV151745,P0196,Product 196,BEAUTY,6,394.67,"Oct 14, 2023 09:54 PM",C001069,31,M,Germany,SR003,0,2368.02
INV148547,P0015,Product 15,ELECTRONICS ,8,575.16,15-12-2023 03:58,2563,38,Female,Austalia,SR008,0,4601.28
INV190993,P0181,Product 181,Automotive,4 units,404.38,09-03-2023 04:58,C003260,31,Female,Germny,SR003,0,1617.52
INV118106,P0197,Product 197,Beauty,1,$897.50,"Nov 02, 2023 10:04 AM",C002258,20,Male,USA,SR019,0,897.5
INV194516,P0026,Product 26,Toys,1,558.97,45247,C000942,44,Male,USA,SR013,0,558.97
INV139168,P0124,Product 124,Fashon,8,$106.03,45006,C000984,39,Female,Germny,SR001,0,848.24
INV112830,P0019,Product 19,Books,1 units,316.24,10-09-2023 17:20,C000047 ,39,Female,U S A,SR019,0,316.24
INV198956,P0040,Product 40,Toyz,6,693.71,45109,C003468,35,Male,Germany,SR019,0,4162.26
INV184861,P0164,Product 164,Grocery,5 units,179.12,07-09-2023 20:25,C002160,64,Female,Untied States,SR019,0,895.6
INV110242,P0141,Product 141,Health,9,197.5,21-07-2023 02:36,C003208,52,Male,Canada,SR008,0,1777.5
INV173773,P0005,,Toys,9,170.52,21-07-2023 16:16,C004785,54,Male,Canada,SR012,0,1534.68
INV162247,P0067,Product 67  [refurbished],Health,1,671.49,08-02-2023 00:01,C004884,64,Male,India,SR003,0,671.49
INV195388,P0183,Product 183,Automotive,6,591.09,45052,C003223,55,Male,Uk,SR013,0,3546.54
INV187077,P0074,Product 74,HOME DECOR,4,331.45,29-03-2023 08:22,C003639 ,58,Female,Uk,SR017,0,1325.8
INV154013,P0081,Product 81,Toys,5,956.95,01-01-2023 12:19,C001841,27,Female,Austalia,SR012,0,4784.75
INV193637,P0052,Product 52,SPORTS,1,441.96,06-02-2023 21:43,,48,Male,Untied States,SR014,0,441.96
INV171516,P0048,Product 48  [refurbished],FASHON,9,949.24,23-04-2023 10:42,C004300,52,Female,Austalia,SR015,0,8543.16
INV136293,P0155,Product 155,Beauty,8,461.34,02-09-2023 03:50,C003785,66,Female,USA,SR020,0,3690.72
INV151793,P0117,Product 117,home decor,6,$176.65,09-10-2023 12:32,C001262,105,Female,UK,SR001,0,1059.9
INV154740,P0185,Product 185,electronisc,5,195.83,14-11-2023 00:38,C001673,51,Male,Austalia,SR004,0,979.15
INV194747,P0099,Product 99 (,Electronics,9,470.74,06-03-2023 02:45,C003465,64,Female,Uk,SR012,0,4236.66
INV165918,P0198,Product 198,Health,1,204.62,22-04-2023 05:48,C000529,5,Male,Canad,SR007,0,204.62
INV188759,P0020,Product 20,GROCERY,6,98.08,14-01-2023 09:49,C003789,24,Male,Austalia,SR003,0,588.48
INV116999,P0199,Product 199,Health,3,173.14,14-06-2023 21:33,4495,65,Male,Untied States,SR001,0,519.42
INV173153,P0114,Product 114,beauty ,9,580.07,25-09-2023 23:51,C000387,46,Female,Frnace,SR019,0,5220.63
INV132986,P0015,Product 15,Electronics,5,937.76,09-09-2023 02:18,C000343,48,Male,Canada,SR012,0,4688.8
INV160901,P0044,Product 44,Fashion,2 units,554.06,15-03-2023 01:44,4444,59,Male,France,SR003,0,1108.12
INV16482,P0195,Product 195,Fashon,6,$597.46,02-10-2023 09:43,C003893 ,35,M,France,SR018,0,3584.76
INV173798,P0116,Product 116  - damaged,Sports,1,569.22,25-11-2023 14:46,C001594,46,Female,Uk,SR014,0,569.22
INV164458,P0157,Product 157,Electronics,1,382.83,45118,C004897,38,Female,Australia,SR015,0,382.83
INV146842,P0197,Product 197,Beauty,5,720.91,"May 16, 2023 01:31 PM",C002691,66,Male,France,SR004,0,3604.55
INV185716,P0169,Product 169,GROCERY,4,548.83,17-06-2023 11:44,C002388,32,Female,India,SR007,0,2195.32
INV120095,P0072,Product 72,Toyz,3,632.66,10-05-2023 19:02,C000289,58,Male,Germany,SR005,0,1897.98
INV179735,P0192,Product 192,Fashion,5 units,266.59,19-07-2023 23:43,C003060,19,Female,Untied States,SR007,0,1332.95
INV117404,P0122,Product 122,Grocery,8,415.73,10-06-2023 13:38,C004380,41,Male,USA,SR018,0,3325.84
INV174591,P0100,Product 100,Beauty,9,725.38,20-12-2023 03:24,C002196,64,Male,UK,SR006,0,6528.42
INV194672,P0064,Product 64,home decor,3,468.73,07-08-2023 22:12,C000731,36,Female,Canada,SR015,0,1406.19
INV100511,P0169,Product 169,GROCERY,5,274.38,"Jan 12, 2023 06:36 AM",C003513,57,Female,Untied States,SR020,0,1371.9
INV116985,P0027,Product 27,Health,1 units,293.01,23-03-2023 12:19,C000083 ,,Female,France,SR001,0,293.01
INV169890,P0182,Product 182  - damaged,Toys,9,312.36,14-06-2023 05:11,C000443,52,Male,Frnace,SR006,0,2811.24
INV104361,P0060,Product 60,beauty ,9,238.31,04-05-2023 23:47,C004616,35,Female,Inda,SR014,0,2144.79
INV138873,P0015,Product 15,Electronics,4,770.59,18-06-2023 20:46,C002925,53,Female,Austalia,SR011,0,3082.36
INV121025,P0137,Product 137,Electronics,4,227.48,02-11-2023 04:48,C002271,59,Female,Austalia,SR003,0,909.92
INV116802,P0064,Product 64,home decor,5 units,846.19,16-06-2023 13:52,C001988,56,Female,France,SR001,0,4230.95
INV112950,P0156,Product 156,ELECTRONICS,7,625.1,06-09-2023 04:11,C002440,23,Female,Australia,SR017,0,4375.7
INV129665,P0046,Product 46,Books,6,954.36,16-07-2023 21:24,C003971,59,Male,Germany,SR014,0,5726.16
INV16186,P0054,Product 54,beauty ,1,26.06,06-09-2023 14:12,C003317,67,Male,Canad,SR012,0,26.06
INV107425,P0159,Product 159,Fashon,7 units,105.46,27-01-2023 13:32,C000158,61,Female,Canad,SR019,0,738.22
INV104573,P0008,Product 8,SPORTS,3,631.21,10-11-2023 11:52,C003483,29,Female,Australia,SR015,0,1893.63
INV157645,P0064,Product 64,home decor,4,764.43,"Nov 08, 2023 07:50 AM",C001133,50,Male,Canada,SR007,0,3057.72
INV143892,P0060,Product 60,BEAUTY ,6,708.67,10-09-2023 00:28,C004863,38,Male,USA,SR010,0,4252.02
INV176300,P0138,Product 138,Books,1,38.81,13-07-2023 02:39,C003710,43,Male,Uk,SR014,0,38.81
INV114290,P0022,Product 22,beauty ,2,67.32,30-08-2023 12:02,C000380,57,Male,Canad,SR009,0,134.64
INV142199,P0189,Product 189,GROCERY,7,601.73,45285,C004246,47,F,USA,SR020,N,4212.11
INV120463,P0119,Product 119  - damaged,Fashion,3,391.88,45031,C000644,23,Male,Untied States,SR003,0,"$1,175.64 USD"
INV113271,P0064,Product 64,home decor,3,540.76,09-05-2023 21:18,C000331,30,Female,France,SR019,0,1622.28
INV108051,P0184,Product 184,Electronics,-4,482.73,44949,,31,Female,Germny,SR015,1,-1930.92
INV152182,P0003,Product 3,electronisc,9,238.44,"Jul 11, 2023 01:17 PM",C002945,23,Female,Austalia,SR016,0,2145.96
INV190522,P0015,Product 15,Electronics,5,684.47,"Apr 24, 2023 06:19 AM",C002812,27,Male,Australia,SR006,0,3422.35
INV163766,P0175,Product 175,Home Decor,2,835.37,27-06-2023 17:31,C000333,66,Female,UK,SR019,0,1670.74
INV199475,P0001,Product 1,Toys,3,865.23,05-11-2023 14:08,C004779,60,Male,UK,SR011,0,2595.69
INV171412,P0048,Product 48,Fashon,1,990.78,06-03-2023 11:49,C002836,66,Male,USA,SR018,0,990.78
INV182453,P0177,Product 177,Home Decor,2,187.28,"Apr 06, 2023 01:14 AM",C003368,39,Male,Germany,SR018,0,374.56
INV112669,P0059,Product 59,home decor,3,700.29,19-06-2023 19:09,C004756,35,M,Germny,SR004,0,2100.87
INV143971,P0047,Product 47,Sports,9,195.9,45198,C003112,50,Female,Uk,SR004,0,1763.1
INV105049,P0069,Product 69,Fashon,2,195.87,28-07-2023 04:24,C004729,60,Male,India,SR018,0,391.74
INV186864,P0139,,Fashon,5 units,$673.93,03-03-2023 11:53,C001177,26,Female,Canad,SR013,0,3369.65
INV142402,P0135,Product 135,Health,4,652.86,02-06-2023 06:22,,30,Male,UK,SR010,0,2611.44
INV113627,P0008,Product 8,Sports,2,254.17,44954,C002264 ,56,Male,Inda,SR014,0,508.34
INV136022,P0182,Product 182,Toys,2,414.94,11-06-2023 04:50,3262,55,female,Germny,SR017,0,829.88
INV103831,P0066,Product 66,Toys,2,888.67,21-02-2023 22:43,C004597,36,,USA,SR007,0,1777.34
INV195147,P0105,Product 105,beauty ,6,275.56,"Nov 15, 2023 07:41 PM",C002388,32,Female,France,SR016,0,1653.36
INV178513,P0117,Product 117,home decor,2,507.45,27-02-2023 06:36,C003900,48,Male,Inda,SR011,0,1014.9
INV144039,P0095,Product 95,Beauty,7,588.1,07-10-2023 14:59,C000927,22,Fem,Canada,SR013,0,4116.7
INV119206,P0018,Product 18,Toyz,6,638.49,03-12-2023 14:29,C000207,54,Male,UK,SR012,0,3830.94
INV144843,P0128,Product 128,Electronics,4,556.29,10-04-2023 07:40,2978,22,male,U S A,SR006,0,2225.16
INV166959,P0027,Product 27,Health,7,785.24,45199,C004759,,Female,India,SR003,0,5496.68
INV194685,P0163,Product 163,Toyz,9,151.45,04-02-2023 20:30,C000970,21,MALE,Australia,SR020,0,1363.05
INV112884,P0098,Product 98,Home Decor,4,402.55,26-03-2023 01:11,C000074,46,female,U S A,SR019,0,1610.2
INV145509,P0146,Product 146,Fashion,7,$843.11,45202,C002417,44,Male,Canad,SR017,0,5901.77
INV110150,P0021,Product 21,beauty ,7,987.45,44954,C003683,25,Female,France,SR012,0,6912.15
INV113448,P0188,Product 188,Toys,5,112.85,18-06-2023 13:29,C004914,64,Female,UK,SR018,0,564.25
INV191296,P0107,Product 107,home decor,7,159.73,45205,C004663,49,Female,Uk,SR011,0,1118.11
INV177980,P0155,Product 155,Beauty,4,681.43,03-01-2023 22:57,C001746 ,63,Male,Uk,SR016,0,2725.72
INV186480,P0136,,Beauty,4,12.18,08-07-2023 09:33,C003478,45,Female,Austalia,SR017,0,48.72
INV112142,P0199,Product 199,Health,6 units,298.78,14-11-2023 13:56,C001890,65,Male,Inda,SR006,0,1792.68
INV100650,P0026,Product 26,Toys,2,523.67,11-07-2023 12:09,C004750,28,Male,Frnace,SR011,0,1047.34
INV199180,P0159,Product 159,Fashon,9 units,957.29,30-03-2023 00:22,C001219,62,Male,Germany,SR013,0,8615.61
INV120415,P0037,Product 37,BEAUTY ,2 units,36.55,22-04-2023 06:09,C002530,22,,Australia,SR020,0,73.1
INV164559,P0040,Product 40,Toyz,6,829.55,45147,C001454,22,Female,Australia,SR007,0,4977.3
INV138633,P0115,Product 115,electronisc ,4,$783.15,45180,C002024,43,Female,Germany,SR020,0,3132.6
INV192819,P0136,Product 136,Beauty,4,984.69,44998,C001228,19,Male,Uk,SR016,0,3938.76
INV140981,P0084,Product 84,Fashon,8,156.97,25-11-2023 07:20,C003788,47,Female,Uk,SR001,0,1255.76
INV123460,P0086,Product 86,Electronics,2,335.71,02-06-2023 06:24,C002902,66,Male,Canad,SR003,0,671.42
INV189351,P0125,Product 125,electronisc,7,745.12,22-09-2023 14:54,C004086,60,Male,Germany,SR010,0,5215.84
INV182202,P0080,Product 80,Health,7,63.23,13-12-2023 12:52,C003367,,Female,France,SR020,0,442.61
INV197637,P0063,Product 63,beauty ,6,270.76,45286,C002414,38,Female,Canada,SR007,0,1624.56
INV163122,P0017,Product 17,Fashon,7,244.8,16-10-2023 08:47,C002409,24,Male,Germny,SR019,0,1713.6
INV108755,P0017,Product 17,Fashon,9,$951.58,08-01-2023 19:05,C002956,67,Female,Untied States,SR010,0,8564.22
INV114513,P0070,Product 70,Automotive,8,57.88,27-11-2023 15:58,C002428,50,Male,U S A,SR017,0,463.04
INV104373,P0029,Product 29,Sports,6,588.66,"Oct 15, 2023 06:36 PM",C002915,41,Female,Canada,SR002,0,3531.96
INV113492,P0141,Product 141,Health,8,422.04,"Apr 04, 2023 05:18 PM",C000125,30,Male,UK,SR008,0,3376.32
INV152268,P0114,Product 114,beauty ,5,960.66,29-05-2023 12:17,C001468,20,Female,India,SR016,0,4803.3
INV114527,P0019,Product 19,BOOKS,8 units,267.44,15-12-2023 02:22,C003202,52,Female,Uk,SR005,,2139.52
INV134183,P0148,Product 148,Toyz,4,81.41,16-10-2023 21:26,C003576,60,Female,Germny,SR014,0,325.64
INV19075,P0075,Product 75 ***,Home Decor,7,384.49,11-07-2023 20:31,C002542,53,Male,Canad,SR011,0,2691.43
INV114683,P0198,Product 198,Health,9,388.03,14-03-2023 07:30,C000147,39,Female,Inda,SR003,0,3492.27
INV125944,P0115,Product 115,ELECTRONISC,4,684.97,03-06-2023 16:51,C004201,65,Female,Germany,SR006,0,2739.88
INV157185,P0019,Product 19,Books,8,768.46,"Jan 17, 2023 07:50 PM",C003446,62,Female,France,SR020,0,6147.68
INV12037,P0147,Product 147,Home Decor,4,612.24,22-10-2023 19:59,C003506,44,Female,Australia,SR018,0,2448.96
INV121278,P0048,Product 48,Fashon,8,994.73,31-12-2023 00:39,C003634,65,Male,Untied States,SR019,0,7957.84
INV132484,P0005,Product 5,Toys,1 units,406.77,11-05-2023 12:38,C003998,55,Male,UK,SR011,0,406.77
INV137666,P0008,Product 8 (,Sports,7,779.21,16-04-2023 09:16,C003718,55,Female,UK,SR019,0,5454.47
INV117535,P0168,Product 168,electronisc ,1,207.58,"Jan 24, 2023 09:26 AM",,54,Male,Canad,SR016,0,207.58
INV117780,P0090,Product 90,Fashon,5,815.07,45103,C001691,44,Male,Uk,SR012,0,4075.35
INV171658,P0190,Product 190,GROCERY,8,779.78,17-02-2023 09:52,C002556,52,Male,Australia,SR011,0,6238.24
INV175178,P0161,Product 161  - damaged,Sports,8,693.40 USD,27-11-2023 20:58,C001128,65,Male,Austalia,SR014,0,5547.2
INV185889,P0121,Product 121,home decor,6,553.48,45269,C002916,53,Male,Untied States,SR010,0,3320.88
INV128907,P0111,Product 111,Beauty,6 units,225.81,45028,C001753,50,Male,Austalia,SR004,0,1354.86
INV113883,P0105,Product 105,beauty ,5,749.86,30-06-2023 08:26,C004877,40,Male,Uk,SR011,0,3749.3
INV170983,P0069,Product 69,Fashon,-2,611.35,03-02-2023 17:43,C003237,32,Female,Austalia,SR006,1,-1222.7
INV191193,P0199,Product 199,Health,8,796.27,31-08-2023 21:02,C001444,63,Female,Untied States,SR011,0,6370.16
INV193115,P0138,Product 138,Books,5,241.22,09-10-2023 22:11,C001087 ,27,Female,Inda,SR006,0,1206.1
INV173853,P0099,Product 99,Electronics,6,300.57,12-05-2023 03:24,C004226,23,Female,Austalia,SR006,0,1803.42
INV138310,P0096,Product 96,beauty ,8,662.27,10-09-2023 14:46,C001191,51,,Australia,SR011,0,5298.16
INV179618,P0107,Product 107,home decor,4,60.57,18-03-2023 14:39,C001744,34,Female,Inda,SR008,0,242.28
INV147959,P0103,Product 103,Health,6,97.53,03-08-2023 18:03,C004153,64,Female,Germany,SR015,0,585.18
INV166080,P0129,Product 129,home decor,8,193.71,45181,C000061,45,,Canada,SR016,0,1549.68
INV105311,P0010,Product 10,HOME DECOR,8 units,990.28,10-09-2023 09:33,C000230,40,Male,Germany,SR006,0,7922.24
INV189592,P0032,Product 32,FASHION,1,755.83,22-01-2023 03:07,C002388,32,Female,France,SR017,0,755.83
INV133321,P0093,Product 93,ELECTRONICS,1,172.93,03-08-2023 21:32,C001754,27,Male,U S A,SR007,0,172.93
INV174161,P0158,Product 158,Fashion,4,$904.30,44932,C002890,62,Female,Australia,SR018,0,3617.2
INV123118,P0082,Product 82,Health,7,423.58,16-10-2023 08:19,C004809,21,Female,USA,SR003,0,2965.06
INV166552,P0135,Product 135,Health,9,173.74,22-11-2023 18:51,C004755 ,33,Male,Canada,SR016,0,1563.66
INV193724,P0138,Product 138,Books,3 units,259.25,07-04-2023 02:02,1416,18,Female,France,SR013,0,777.75
INV121421,P0188,Product 188,Toys,2,910.25,26-05-2023 18:28,,,Female,Canada,SR001,0,1820.5
INV128534,P0170,Product 170,GROCERY,7,457.45,15-04-2023 20:56,C001961,67,Male,Inda,SR013,0,3202.15
INV152853,P0175,Product 175,Home Decor,3,965.53,02-12-2023 04:50,C001876,68,Female,Canada,SR019,0,2896.59
INV123030,P0053,Product 53,GROCERY,1,955.51,"Apr 20, 2023 02:29 PM",C000143 ,40,,U S A,SR008,0,955.51
INV197675,P0049,Product 49,Fashion,4,133.67,15-08-2023 14:38,C004077,,Male,Untied States,SR016,0,534.68
INV199539,P0088,Product 88,Beauty,4,959.07,27-05-2023 14:45,C003777,47,Male,Australia,SR012,0,3836.28
INV186398,P0062,Product 62,Health,2 units,740.01,21-08-2023 01:51,,57,Female,UK,SR018,0,1480.02
INV191983,P0200,Product 200,Home Decor,8,353.09,26-07-2023 14:04,C003557,50,Male,Canada,SR008,0,2824.72
INV175526,P0070,Product 70,Automotive,1 units,701.62,13-11-2023 23:43,C001446,60,Female,Uk,SR017,0,701.62
INV132402,P0086,Product 86,Electronics,2,473.9,13-05-2023 08:31,C002306,19,Male,Frnace,SR016,0,$947.80 USD
INV182524,P0167,Product 167,Grocery,4 units,19.9,01-03-2023 08:48,C001077,47,Female,India,SR006,0,79.6
INV135655,P0088,Product 88,Home decors,7,207.28,23-11-2023 08:50,C002604,18,Female,India,SR009,0,1450.96
INV124651,P0166,Product 166  - damaged,Electronics,8,700.48,07-08-2023 00:36,C001036,67,Male,Canada,SR019,0,5603.84
INV199013,P0121,Product 121,home decor,1 units,$609.07,11-12-2023 09:01,,65,Female,France,SR004,0,609.07
INV131995,P0048,Product 48,Fashon,2,286.43,23-10-2023 19:51,C002199,38,Female,Inda,SR008,0,572.86
INV169412,P0081,Product 81,Toys ,9,265.56,28-05-2023 02:03,C000571,54,Male,Untied States,SR014,0,2390.04
INV124792,P0114,Product 114,beauty ,1,333.19,12-11-2023 22:42,C004867,62,Male,Frnace,SR015,0,333.19
INV165399,P0006,Product 6 ###,electronisc,8 units,219.34,45041,C000300,27,Male,USA,SR020,0,1754.72
INV159932,P0036,Product 36,Automotive,9,756.8,22-09-2023 04:29,C002257,35,Male,Germny,SR017,0,6811.2
INV144551,P0200,Product 200,Home Decor,3 units,269.87,15-01-2023 07:14,C004264,45,Female,Inda,SR011,0,809.61
INV120985,P0093,Product 93,Electronics,2,823.33,29-09-2023 09:48,C002092,49,Male,Canada,SR011,0,1646.66
INV188206,P0034,Product 34,Toys,7,618.85,03-10-2023 12:02,,59,Female,India,SR015,0,4331.95
INV181451,P0043,Product 43,SPORTS,5,930.23,"Dec 13, 2023 07:15 PM",,40,Female,U S A,SR009,0,4651.15
INV134758,P0036,Product 36,Automotive,3,368.57,14-07-2023 11:57,C002316,69,Female,Inda,SR004,0,1105.71
INV159462,P0013,Product 13,Grocery,9,423.78,04-09-2023 23:55,C004959,34,Male,UK,SR010,0,3814.02
INV149541,P0064,Product 64,home decor,6,119,"Oct 15, 2023 07:39 AM",C002880,27,Male,USA,SR004,0,714
INV191313,P0168,Product 168,electronisc,6 units,169.91,21-11-2023 05:12,C004166,37,Female,U S A,SR005,0,1019.46
INV186354,P0087,Product 87,GROCERY,2 units,735.35,19-01-2023 00:13,C002194,62,Fem,Austalia,SR004,0,1470.7
INV104570,P0159,Product 159,Fashon,6,393,45147,C000106,19,Fem,Canad,SR019,0,2358
INV177415,P0105,Product 105,beauty ,6,392.1,13-06-2023 20:49,C000082,66,Male,Germny,SR015,0,2352.6
INV174509,P0159,Product 159,Fashon,8,741.01,12-01-2023 03:56,C001321,24,Female,Australia,SR019,0,5928.08
INV150856,P0059,Product 59,HOME DECOR,8,12.12,44948,C002985,36,Male,Australia,SR019,0,96.96
INV150784,P0099,Product 99,Electronics,5 units,173.17,25-05-2023 03:38,C000061,45,Female,Germany,SR009,0,865.85
INV160437,P0083,Product 83,Automotive,8,257.55,31-05-2023 14:29,C001298,36,Male,Uk,SR012,0,2060.4
INV134240,P0124,Product 124,Fashon ,1,30.62,23-11-2023 15:25,C000457,28,Fem,India,SR018,0,30.62
INV151570,P0001,Product 1,Toys,3,$299.38,25-02-2023 20:03,C002629,47,Female,Canada,SR013,0,898.14
INV172424,P0115,Product 115,electronisc,8,902.66,06-02-2023 18:05,C001537,30,Female,UK,SR008,0,7221.28
INV155946,P0007,Product 7,electronisc,1,100.3,25-10-2023 22:36,C000222,43,Male,USA,SR005,0,100.3
INV189599,P0069,Product 69,Fashon,3,631.36,24-02-2023 01:23,C002129,40,Female,Australia,SR005,0,1894.08
INV17942,P0088,Product 88,Beauty,2,887.09,03-05-2023 22:57,C001525,30,male,Germany,SR011,0,1774.18
INV101547,P0016,Product 16,Fashon,9 units,12.6,45154,C002173,43,Female,India,SR012,0,113.4
INV143099,P0036,Product 36,Automotive,6 units,605.52,15-09-2023 19:34,C002535,67,Male,Germany,SR003,0,3633.12
INV185970,P0117,Product 117,HOME DECOR,4,$497.46,25-08-2023 11:15,C001537,30,Female,Frnace,SR008,0,1989.84
INV163326,P0134,Product 134,Automotive,6,353.01,04-09-2023 08:53,C003595,62,Female,Uk,SR020,0,2118.06
INV154687,P0025,Product 25,Beauty,8,221.27,45264,C002193,61,Male,France,SR012,0,1770.16
INV14159,P0098,Product 98,Home Decor,3,349.44,04-02-2023 12:39,C001526,62,Female,Canad,SR015,0,1048.32
INV18418,P0114,Product 114,beauty ,2,551.72,06-01-2023 13:12,C004887,30,Male,India,SR010,0,1103.44
INV169727,P0090,Product 90,Fashon,2,472.76,03-05-2023 19:28,C001365 ,21,Male,Australia,SR014,0,945.52
INV149398,P0135,Product 135,Health,3,559.24,45115,C002445,38,Male,Canad,SR018,0,1677.72
INV103889,P0060,Product 60,beauty ,7 units,19.5,44967,C000827,47,Female,Inda,SR013,0,136.5
INV196384,P0167,Product 167,Grocery,3,810.85,28-06-2023 16:33,C000391,25,Female,Germany,SR020,0,2432.55
INV125698,P0176,Product 176,Sports,6,$395.58,01-05-2023 22:56,C001038,,Female,Canada,SR010,0,2373.48
INV174496,P0162,Product 162,Fashon,2,892.15,07-07-2023 00:32,C003438,62,Female,India,SR010,0,1784.3
INV140905,P0184,Product 184,Electronics,1,321.89,44992,C002255,24,Male,U S A,SR001,0,321.89
INV145807,P0175,Product 175,Home Decor,3,177.08,27-12-2023 18:56,C001253,37,Female,USA,SR018,0,531.24
INV119451,P0194,Product 194,GROCERY,9,973.38,15-10-2023 07:29,,39,M,Germany,SR001,0,8760.42
INV100147,P0109,Product 109,Toyz,3,436.56,23-12-2023 04:18,1521,57,Male,Frnace,SR002,0,1309.68
INV161579,P0071,Product 71,electronisc,6,553.2,27-04-2023 00:45,C004797,32,Male,Germany,SR008,0,3319.2
INV178696,P0045,Product 45,Grocery,-2,994.88,23-07-2023 14:48,C000878,64,Male,France,SR017,1,-1989.76
INV172842,P0068,Product 68,Electronics,8,731.47 USD,17-10-2023 05:27,C003561,45,Female,Canad,SR009,0,5851.76
INV15351,P0034,Product 34,Toys,3,995.29,45212,C004602,35,Female,Austalia,SR012,0,2985.87
INV137478,P0126,Product 126,Toys,4,$378.08,20-11-2023 16:27,C003226,52,Female,U S A,SR007,0,1512.32
INV161524,P0045,Product 45,Grocery,4,31.28,10-06-2023 04:01,C002214,44,Male,Canad,SR001,0,125.12
INV117742,P0145,Product 145,Toys,7,644.96,45191,C003585,25,Female,Canada,SR015,0,4514.72
INV142877,P0107,Product 107,home decor,9,162.24,17-04-2023 16:11,C003899,32,Male,Canad,SR010,0,1460.16
INV162632,P0198,Product 198,Health,3,192.06,31-01-2023 19:16,C000502,50,Female,Germny,SR011,0,576.18
INV154524,P0024,Product 24,Home Decor,4,270.92,17-08-2023 01:21,C002868,44,Male,Inda,SR007,0,1083.68
INV110830,P0183,Product 183  [refurbished],Automotive,3 units,749.09,10-10-2023 19:44,C003618,59,Female,USA,SR007,0,2247.27
INV145235,P0105,Product 105,beauty ,8,8.11,22-07-2023 22:30,C001383,35,Female,India,SR020,0,64.88
INV122857,P0063,Product 63,Home decors,7,393.27,09-08-2023 00:51,C000176,47,Female,USA,SR012,0,2752.89
INV145773,P0176,Product 176,Sports,3,491.34,31-01-2023 22:11,3769,59,Male,Canada,SR008,0,1474.02
INV163479,P0179,Product 179,Health,1,779.96,05-08-2023 08:42,C002903 ,38,Male,Germny,SR003,N,779.96
INV147609,P0032,Product 32,Fashion,4,712.72,26-02-2023 18:16,C002567,58,Male,India,SR015,0,2850.88
INV102588,P0119,Product 119,Fashion,-3,$507.41,18-05-2023 00:42,C000990,38,Male,UK,SR004,1,-1522.23
INV147030,P0019,Product 19,Books,6,$75.85,25-09-2023 19:03,C001786,26,Female,Frnace,SR013,0,455.1
INV144088,P0135,Product 135,Health,8,817.36,27-12-2023 14:17,C003425,41,Female,Canad,SR020,0,6538.88
INV120149,P0178,Product 178,Toys,8,264.38,20-04-2023 14:17,C001493,57,Female,USA,SR011,0,2115.04
INV154587,P0119,Product 119,Fashion,7,759.7,16-04-2023 15:01,C004591,37,Male,UK,SR003,0,5317.9
INV180723,P0090,Product 90,Fashon,8,521.16,09-04-2023 16:13,C000233,,Male,Germny,SR002,0,4169.28
INV163412,P0132,Product 132 (,Toys,3,128.61,18-07-2023 20:48,C001037,38,Male,India,SR003,0,385.83
INV164727,P0029,Product 29,Sports,8,529.65,10-03-2023 10:38,C004220,35,Female,USA,SR004,0,4237.2
INV177410,P0025,Product 25,BEAUTY,6,926.93,09-12-2023 10:41,C002666,33,Female,Frnace,SR008,0,5561.58
INV182209,P0115,Product 115,electronisc,4,278.9,02-08-2023 08:44,C003072,40,Female,UK,SR019,0,1115.6
INV184637,P0199,Product 199,Health,6,520.35,10-08-2023 01:40,C003641,30,Female,Uk,SR001,0,3122.1
INV183701,P0187,Product 187,Home Decor,2,467.78,04-04-2023 09:59,C004453,39,Female,Untied States,SR007,0,935.56
INV105523,P0103,Product 103,Health,9,251.44,05-08-2023 03:43,C002819,24,Male,UK,SR012,0,2262.96
INV177395,P0074,Product 74,Home Decor,1,525.62,30-01-2023 03:49,C003506,44,Female,France,SR008,0,525.62
INV166977,P0023,Product 23,Fashon,3,15.2,09-01-2023 11:19,C004027,30,Female,Untied States,SR019,0,45.6
INV11773,P0114,Product 114,Fashon,9,$567.15,"Dec 31, 2023 02:47 AM",C001312,32,Female,Germny,SR012,0,5104.35
INV119681,P0088,Product 88,Beauty,4,901.09,45111,C003444,25,MALE,Australia,SR014,0,3604.36
INV172249,P0036,Product 36,Automotive,2,247.54,44997,C003033 ,27,Male,UK,SR018,0,495.08
INV177135,P0154,Product 154,FASHION,1,902.56,29-04-2023 01:01,3974,65,Female,U S A,SR007,0,902.56
INV141143,P0002,Product 2,beauty ,3,664.15,45185,C000090,40,Male,India,SR016,0,1992.45
INV112524,P0125,Product 125,electronisc,2,957.69,02-11-2023 00:02,C001664,54,Female,India,SR008,0,1915.38
INV111119,P0015,Product 15,Electronics,1 units,636.96,44971,C000753,41,Female,Inda,SR013,0,636.96
INV133165,P0031,Product 31,HEALTH ,3 units,155.13,21-04-2023 06:43,C002775,19,Male,U S A,SR007,0,465.39
INV100814,P0152,Product 152,Toyz,8,324.05,16-03-2023 06:31,,42,Male,UK,SR002,0,2592.4
INV101952,P0159,Product 159,Fashon ,5,877.35,18-03-2023 02:43,C000891,25,Female,Germany,SR019,0,4386.75
INV113924,P0018,Product 18,Toyz,7,169.58,45067,C001309,35,Female,India,SR009,0,1187.06
INV107586,P0089,Product 89,HOME DECOR,6 units,815.86,44947,C004206,48,Female,UK,SR013,0,4895.16
INV174831,P0016,Product 16,Fashon,1,89.47,"Nov 05, 2023 08:04 PM",C000076,23,Male,Inda,SR004,0,89.47
INV12851,P0177,Product 177,Home Decor,9,888.17,26-04-2023 18:13,C003231,29,Female,U S A,SR018,0,7993.53
INV102162,P0062,Product 62  [refurbished],Health,1,345.28,16-11-2023 12:47,C003587 ,65,Male,Canada,SR015,0,345.28
INV153771,P0134,Product 134,Automotive,1,61.83,45050,C000901,44,Male,U S A,SR017,0,61.83
INV101197,P0036,Product 36,Automotive,6,495.29,22-07-2023 01:58,C002437,20,Female,Germny,SR016,0,2971.74
INV138281,P0016,Product 16 ###,Fashon,8,493.84,03-02-2023 23:37,C003168,26,Male,Canada,SR010,0,3950.72
INV126329,P0023,Product 23,Fashon,7,619.27,15-02-2023 17:36,C001628,49,Female,India,SR004,0,4334.89
INV129176,P0145,Product 145,Toys,2,362.5,45030,C003148,42,Male,Germany,SR012,0,725
INV148421,P0097,Product 97,SPORTS,5,436.32,26-07-2023 08:47,C000008,41,Female,Canada,SR004,0,2181.6
INV143247,P0078,Product 78,Books,6,664,11-06-2023 20:46,C003834,59,Female,Germany,SR006,0,3984
INV126971,P0004,Product 4,Automotive,6,119.73,18-01-2023 18:16,C004292,46,Male,Germany,SR014,0,718.38
INV198658,P0045,Product 45,Home decors,3,216.97,04-06-2023 21:32,C002050,50,Female,Germany,SR010,0,650.91
INV116542,P0105,Product 105,beauty ,2,643.78,06-03-2023 22:48,C002587,32,Female,USA,SR007,0,1287.56
INV169824,P0020,Product 20,GROCERY ,1,846.06,10-12-2023 14:50,C002148,38,Male,U S A,SR017,0,846.06
INV147171,P0090,Product 90,Fashon,7,582.64,24-03-2023 08:50,C002622,24,Female,UK,SR003,0,4078.48
INV197483,P0115,,electronisc,2,56.22,30-03-2023 01:13,C002078,24,Male,Canada,SR010,0,112.44
INV130226,P0197,Product 197,Beauty,5,741.01,09-06-2023 05:40,C001462,59,Female,India,SR005,0,3705.05
INV105730,P0059,Product 59,home decor ,8,451.71,12-10-2023 07:40,C004159,58,MALE,Australia,SR008,0,3613.68
INV138347,P0181,Product 181,Automotive,8,510.44,22-06-2023 23:43,C000264,18,Male,Inda,SR001,0,4083.52
INV175189,P0149,Product 149,Beauty,3,891.88,21-11-2023 15:27,C004934,50,Male,Austalia,SR008,0,2675.64
INV103734,P0130,Product 130,Health,2,263.58,29-03-2023 08:13,C003408,25,Male,Canad,SR001,0,527.16
INV137944,P0120,Product 120,Books,-1,557.38,07-08-2023 22:41,C002809,57,Female,Untied States,SR016,1,-557.38
INV199188,P0061,Product 61,home decor,3,684.82,15-10-2023 01:07,C002414 ,38,Female,Germny,SR019,0,2054.46
INV147831,P0199,Product 199,Health,9,801.1,14-09-2023 11:14,C001127,48,Female,Uk,SR016,0,7209.9
INV143833,P0073,Product 73,Automotive,1,$164.57,22-02-2023 07:27,C003127,26,Male,Germny,SR012,0,164.57
INV114272,P0108,Product 108,Toys,5,550.75,"Jun 30, 2023 11:30 AM",C000467,25,Fem,Germny,SR019,0,2753.75
INV114434,P0101,Product 101,SPORTS,6,163.59,07-07-2023 06:00,C002653,58,Female,Canada,SR008,0,981.54
INV147476,P0132,Product 132,Toys,4,739.2,44981,226,53,Female,France,SR001,0,2956.8
INV175094,P0194,Product 194,GROCERY,5,881.9,15-09-2023 13:21,C000792,29,Female,Germany,SR011,0,4409.5
INV181812,P0059,Product 59,home decor,5 units,360.34,09-09-2023 22:15,935,48,Female,Austalia,SR010,0,1801.7
INV116487,P0152,Product 152,Toyz,3,73.51,10-10-2023 08:05,,49,Female,U S A,SR005,0,220.53
INV113922,P0188,Product 188  - damaged,Toys,7,315.97,08-03-2023 12:17,C001587,58,Female,Frnace,SR016,0,2211.79
INV179448,P0103,Product 103,Health,6,156.51,07-02-2023 15:41,C001710,37,Male,Germany,SR009,0,939.06
INV196752,P0172,Product 172,Health,9,528.78,11-12-2023 09:03,,39,Female,U S A,SR006,0,4759.02
INV131448,P0059,,home decor,2,200.53,01-10-2023 02:55,C004317 ,18,Male,India,SR001,0,401.06
INV161900,P0010,Product 10,Home Decor,8 units,398.39,08-06-2023 07:40,,68,Male,Austalia,SR002,0,3187.12
INV159641,P0123,Product 123  [refurbished],Fashon,9,145.75,45086,C001109,50,Male,Germny,SR010,0,1311.75
INV173247,P0076,Product 76,Electronics,5,582.48,17-05-2023 14:55,C003256,66,Female,Austalia,SR014,0,"$2,912.40 USD"
INV138673,P0136,Product 136,Beauty,-1,172.23,45017,C001648,49,Male,UK,SR015,Y,-172.23
INV169547,P0022,Product 22,beauty ,3,$956.95,13-11-2023 14:04,,53,Female,Frnace,SR015,0,2870.85
INV173152,P0133,Product 133,Grocery,1,482.34,45004,C000901,44,Male,Germny,SR003,0,482.34
INV108085,P0192,Product 192,Fashion,6,615.8,16-04-2023 04:04,C003987,58,Male,Canada,SR016,N,3694.8
INV118787,P0144,Product 144,Fashon,9,619.38,17-03-2023 15:06,1418,32,Female,Australia,SR004,0,5574.42
INV117228,P0103,Product 103,Health,8,$332.35,08-05-2023 11:30,C001247,41,Male,Australia,SR011,0,2658.8
INV134409,P0107,Product 107  [refurbished],home decor,1,496.14,10-04-2023 19:29,C003008,51,Female,Uk,SR016,0,496.14
INV135777,P0101,Product 101,SPORTS,3,$962.88 USD,06-05-2023 01:25,C004300,52,Female,U S A,SR009,0,2888.64
INV142094,P0109,Product 109,Toyz,3,810.3,14-02-2023 22:48,C001012,55,Male,France,SR002,0,2430.9
INV195764,P0073,Product 73,Automotive,4,711.99,04-07-2023 11:06,C000862,35,Female,Australia,SR015,0,2847.96
INV114712,P0194,Product 194,GROCERY,9 units,894.59,01-03-2023 11:47,,18,F,Germany,SR017,0,8051.31
INV100771,P0172,Product 172,Health,-1,103.4,45069,C000242,62,MALE,France,SR019,1,-103.4
INV105060,P0058,Product 58,GROCERY,9,73.17,31-08-2023 01:17,C002314,40,Female,Austalia,SR016,0,658.53
INV112796,P0119,Product 119,Fashion,1,464.95,07-01-2023 11:00,820,34,Male,UK,SR018,0,464.95
INV196984,P0158,Product 158,Fashion,2,797.48,23-04-2023 08:00,C000748,21,Female,UK,SR006,0,1594.96
INV191423,P0179,Product 179,Health,1,854.65,25-06-2023 14:10,C002173,43,Female,Frnace,SR003,0,854.65
INV113584,P0103,Product 103,Health,9,665.72,28-09-2023 06:08,C004063,64,Female,USA,SR011,0,"$5,991.48 USD"
INV115628,P0187,Product 187,Home Decor,1,694.31,09-02-2023 04:57,C000050,55,Female,Canad,SR001,0,694.31
INV116816,P0159,Product 159,Fashon,4,690.85,02-07-2023 11:30,C002416,19,Male,U S A,SR016,0,2763.4
INV144173,P0055,Product 55 ***,Automotive,-1,537.9,20-05-2023 12:12,C004009,41,Male,Austalia,SR008,1,-537.9
INV144394,P0163,Product 163,Toyz,9 units,644.83,01-01-2023 04:05,C003182,50,Female,Untied States,SR003,0,"$5,803.47 USD"
INV154750,P0132,Product 132,Toys,6,925.79,15-03-2023 05:44,C004310,46,Female,Uk,SR018,0,5554.74
INV137939,P0096,Product 96,beauty ,1,827.73,16-12-2023 19:00,C003611,67,Male,U S A,SR006,0,827.73
INV128819,P0082,Product 82,Health,4,401.81,45047,C003157,69,Male,Australia,SR015,0,1607.24
INV108841,P0138,Product 138,Books,9,469.52,17-06-2023 12:09,C003303,19,Male,Untied States,SR002,0,4225.68
INV189731,P0033,Product 33,beauty ,3,772.39,11-05-2023 10:07,C003281,69,Female,Australia,SR014,0,2317.17
INV124825,P0196,,BEAUTY,1,111.55,14-08-2023 11:38,2514,45,Female,Australia,SR015,0,111.55
INV164516,P0012,Product 12,Fashon,7,599.77,01-08-2023 07:18,C004681,39,Female,Uk,SR013,0,4198.39
INV156228,P0059,Product 59,home decor,9,214.42,03-06-2023 18:43,C004292,46,Male,Germny,SR016,0,1929.78
INV124207,P0007,Product 7,electronisc,2,986.98,45223,C000675,39,Male,Germany,SR015,0,1973.96
INV143469,P0119,Product 119,Fashion,5,42.96,"Nov 02, 2023 09:52 PM",C000499,105,Female,Inda,SR004,0,214.8
INV164621,P0200,Product 200,Home Decor,6,631.17,45087,C001405,66,Female,Austalia,SR013,0,3787.02
INV199940,P0126,Product 126  - damaged,Toys,8,386.74,45189,C004148,45,,UK,SR006,0,3093.92
INV105172,P0121,Product 121  [refurbished],home decor,9,806.18,04-10-2023 05:38,C004385,46,Female,Austalia,SR006,0,7255.62
INV125105,P0031,,Health,3,978.12,07-03-2023 16:07,C002670,28,Male,Austalia,SR011,0,2934.36
INV177983,P0128,Product 128,Electronics,6,913.11,21-09-2023 14:36,C000563,22,Female,Germny,SR004,0,5478.66
INV137318,P0187,Product 187,HOME DECOR,8,596.85,12-09-2023 17:21,C004750,28,Male,Austalia,SR007,0,4774.8
INV125267,P0064,Product 64  [refurbished],home decor,8,658.36,14-04-2023 19:55,C004856,59,Female,UK,SR007,0,5266.88
INV126650,P0130,Product 130,Health,7,590.31,28-02-2023 19:16,3989,35,Male,Austalia,SR005,0,4132.17
INV154820,P0158,Product 158,Fashion,8,919.9,45169,C001120,60,Female,Uk,SR008,0,7359.2
INV101961,P0109,Product 109,Toyz ,1,989.21,30-10-2023 00:37,C001284,55,Male,Frnace,SR011,0,989.21
INV119611,P0165,Product 165,Beauty,3,546.34,09-12-2023 17:05,C004431,,Female,Germany,SR007,0,1639.02
INV179227,P0195,Product 195,Fashon,3 units,793.95,06-04-2023 08:38,C001896,31,Female,Frnace,SR019,0,2381.85
INV171144,P0010,Product 10,Home Decor,2,776.15,22-04-2023 15:06,C000064,22,Female,UK,SR001,0,1552.3
INV110080,P0169,Product 169,GROCERY,9,594.83,08-07-2023 10:37,C003227,63,Female,Australia,SR007,0,5353.47
INV103250,P0184,Product 184,Electronics,4,888.81,44954,C000789,50,,Germny,SR020,0,3555.24
INV162820,P0193,Product 193,Electronics,3,609.32,26-06-2023 16:51,C002184,24,Male,Frnace,SR003,0,1827.96
INV187203,P0148,Product 148,Toyz,8,694.38,23-06-2023 14:27,C000417,45,Female,Inda,SR013,0,5555.04
INV140258,P0082,Product 82,Health,9,$533.74,07-05-2023 23:03,C004004,5,Female,Germany,SR005,0,4803.66
INV152469,P0074,Product 74,Home decors,7,745.12,01-11-2023 21:46,C003865,40,Male,Uk,SR017,0,5215.84
INV164909,P0182,Product 182,Toys,8,$101.91,01-11-2023 03:52,C004067,29,Male,Uk,SR015,0,815.28
INV134286,P0148,Product 148,Toyz,6,182.68,14-09-2023 03:26,C000700,42,Male,Germany,SR002,0,1096.08
INV197495,P0040,Product 40,Toyz,3,5.28,45286,C001437,,Male,Untied States,SR011,0,15.84
INV129375,P0125,Product 125,electronisc ,8 units,$333.38,28-08-2023 13:44,C001459,,MALE,Australia,SR007,0,2667.04
INV121135,P0080,Product 80,Health,2,48.47,17-10-2023 14:00,C004786,26,Female,Australia,SR005,0,96.94
INV138555,P0012,Product 12,Fashon,3,770.65,"Apr 21, 2023 07:41 AM",C002785,29,Female,Frnace,SR002,0,2311.95
INV17380,P0168,Product 168,electronisc,5,17.31,01-06-2023 21:21,C003965,38,Male,India,SR010,0,86.55
INV130412,P0139,Product 139 ***,Fashon,4,208.13,18-01-2023 16:05,C004797,32,Male,Germany,SR019,0,832.52
INV154302,P0183,Product 183,Automotive,5,210.39,"Aug 17, 2023 09:45 AM",C001832,23,Male,Germany,SR003,0,1051.95
INV149613,P0177,Product 177,Home Decor,6,875.24,23-10-2023 13:29,C000191,49,Female,Canad,SR013,0,5251.44
INV125977,P0007,Product 7,electronisc,4,95.69,04-05-2023 03:26,C000801 ,30,Female,India,SR002,0,382.76
INV187422,P0082,Product 82,Health,4,318.3,21-02-2023 18:28,C004052,41,M,Germany,SR016,0,1273.2
INV135875,P0037,Product 37,Beauty,6,983.7,45282,C002558,,Female,India,SR012,0,5902.2
INV140049,P0184,Product 184,Electronics,5,$316.52,44963,C000219,29,Female,Inda,SR002,0,1582.6
INV159602,P0200,Product 200  - damaged,Home Decor,3,827.36,07-03-2023 07:43,C001160,61,Male,Untied States,SR016,0,2482.08
INV123436,P0149,Product 149,Beauty,1,229.6,21-05-2023 17:41,C001451,20,F,Frnace,SR006,0,229.6
INV145802,P0059,Product 59,home decor,1,881.64,22-01-2023 13:31,C003853,18,Male,Frnace,SR010,0,881.64
INV196248,P0154,Product 154,Fashion,2,655.53,01-08-2023 15:18,C002130,23,Female,Inda,SR013,0,1311.06
INV149497,P0039,Product 39,SPORTS,4,495.98,07-08-2023 21:00,C003848,31,Fem,India,SR015,0,1983.92
INV113040,P0146,Product 146,Fashion,3,559.34,29-05-2023 17:39,C000250,49,Male,Untied States,SR014,0,1678.02
INV199932,P0106,Product 106 ###,Books,5,831.39,29-10-2023 16:31,C003624,35,Female,Australia,SR005,0,4156.95
INV138015,P0155,Product 155,Beauty,2 units,783.49,18-12-2023 18:14,C001712,26,Female,U S A,SR016,0,1566.98
INV127985,P0091,Product 91,Automotive,1,20.06,45075,C003060,19,Female,Australia,SR006,0,20.06
INV174829,P0033,Product 33,beauty ,4,763.37,29-01-2023 23:47,C004536,36,Female,India,SR012,0,3053.48
INV157161,P0011,Product 11,Fashion,3 units,186.69,44941,C002528,40,Male,Uk,SR011,0,560.07
INV156910,P0002,Product 2,beauty ,2,349.68,24-12-2023 15:18,1471,55,Male,Germany,SR004,0,699.36
INV104966,P0122,Product 122,Grocery,8,143.55,08-07-2023 15:26,C002689,68,Female,Canad,SR013,0,1148.4
INV102099,P0162,Product 162,electronisc,2,799.55,14-06-2023 09:56,C003061,42,Female,Frnace,SR006,0,1599.1
INV169467,P0124,Product 124,FASHON,6,154.01,02-08-2023 16:25,C003780,52,Male,Frnace,SR018,0,924.06
INV196011,P0156,Product 156,Electronics,6,214.27,45133,C003231,29,Female,India,SR002,0,1285.62
INV170439,P0088,Product 88,Beauty,1,545.65,02-12-2023 17:58,C004985,46,Female,Germny,SR001,0,545.65
INV193678,P0200,Product 200,Home Decor,8,59.33,"Mar 06, 2023 04:22 PM",C004363,25,Female,U S A,SR012,0,474.64
INV181676,P0028,Product 28  - damaged,Toys,2,999.96,01-09-2023 16:32,666,43,Male,France,SR012,0,1999.92
INV177302,P0175,Product 175,Home Decor,8,638.6,17-11-2023 08:25,C004794,67,Female,Inda,SR020,0,5108.8
INV124772,P0145,Product 145,Toys,3,849.92,30-07-2023 06:35,C002638 ,34,Female,France,SR017,0,2549.76
INV142963,P0114,Product 114,BEAUTY ,1,866.81,28-06-2023 01:58,C002350,38,Male,Frnace,SR011,0,866.81
INV120559,P0009,Product 9,Automotive,-2,520.24,05-09-2023 04:32,C003546,20,Female,UK,SR005,1,-1040.48
INV126048,P0059,Product 59,home decor ,3 units,169.63,24-02-2023 03:38,C003263,40,Female,Canada,SR010,0,508.89
INV119923,P0102,Product 102,Toys,-4,412.25,07-11-2023 05:49,C001018,44,Female,Uk,SR020,1,-1649
INV143344,P0122,Product 122,Grocery,6,845.27,06-02-2023 05:32,C003652,68,male,Canada,SR011,0,5071.62
INV175073,P0090,Product 90,Fashon,4,433.94,45063,C001432,28,Male,UK,SR006,0,1735.76
INV195842,P0183,Product 183,Automotive,5,654.04,26-03-2023 11:10,C002922,37,Female,Canada,SR008,0,3270.2
INV154537,P0182,Product 182,Toys,4 units,809.26,26-08-2023 06:43,C003479,57,,Australia,SR011,0,3237.04
INV134483,P0003,Product 3,electronisc,6,885.09,45110,C004246,47,Female,Australia,SR017,0,5310.54
INV125733,P0136,Product 136,Beauty ,9,296.98,21-09-2023 11:51,C000952,64,Male,UK,SR007,1,2672.82
INV155494,P0011,Product 11,Fashion,4,61.64,19-08-2023 02:42,C000927,22,Female,Inda,SR006,0,246.56
INV130977,P0066,Product 66,Toys,1,909.91,05-10-2023 16:13,C004617,43,Male,India,SR020,0,909.91
INV160276,P0172,Product 172,Health,5,78.12,45206,C003756,30,Fem,Germany,SR013,0,390.6
INV100526,P0002,Product 2,beauty ,7,669.62,45092,C003665,41,Female,Germany,SR003,0,4687.34
INV115119,P0063,Product 63,beauty ,3,459.87,14-05-2023 12:58,C000790,37,Fem,Germany,SR007,0,1379.61
INV111829,P0009,Product 9,Automotive,9,590.78,08-02-2023 09:03,C004929,25,Male,Canada,SR002,0,5317.02
INV152867,P0138,Product 138  - damaged,Books,4,221.7,21-03-2023 00:46,C000866,57,Male,India,SR009,0,$886.80 USD
INV132114,P0164,Product 164,Grocery,1,36.57,44930,C003174,,Female,Inda,SR005,0,36.57
INV162022,P0175,Product 175,Home Decor,5,110.9,45124,C002377,28,Male,Frnace,SR014,0,554.5
INV168682,P0092,,Home Decor,1,932.23,01-02-2023 09:53,,34,Male,Australia,SR004,0,932.23
INV182577,P0197,Product 197,Beauty,7,102.29,08-03-2023 15:00,C003255,37,Male,Uk,SR013,0,716.03
INV111091,P0150,Product 150,Toyz,8,133.87,03-11-2023 09:04,C001555,60,Male,Frnace,SR020,0,1070.96
INV190885,P0034,Product 34,Toys,3,289,03-08-2023 22:06,C003464,66,Male,Canad,SR003,0,867
INV198723,P0020,Product 20,GROCERY,6 units,828.73,19-09-2023 04:28,C003788,47,Female,UK,SR020,0,4972.38
INV160071,P0067,Product 67,Health,4,213.32,17-12-2023 23:42,C002253,19,Female,Inda,SR009,N,853.28
INV190209,P0071,Product 71,electronisc,3,102.01,44971,C001142,19,Female,USA,SR005,0,306.03
INV116836,P0186,Product 186,Books,6,252.41,16-06-2023 07:46,C000432,61,Male,Frnace,SR004,0,1514.46
INV161425,P0135,Product 135,HEALTH,6 units,77.9,17-08-2023 06:35,C000820,34,Male,Australia,SR011,0,467.4
INV122767,P0069,Product 69,Fashon,6,282.2,08-04-2023 03:14,C000628,20,Male,U S A,SR001,0,1693.2
INV195101,P0036,Product 36,Automotive,-3,729.58,16-05-2023 03:32,C002477,28,Female,Austalia,SR020,1,-2188.74
INV199859,P0026,Product 26,Toys,9,815.12,05-10-2023 23:51,C001965,54,Female,Australia,SR002,0,7336.08
INV158844,P0063,Product 63,beauty ,9,967.5,45286,,18,Female,UK,SR004,0,8707.5
INV136895,P0187,Product 187,HOME DECOR,5,188.65,12-09-2023 18:14,C000512,39,Female,Frnace,SR011,0,943.25
INV170052,P0184,,Electronics,4,484.98,18-08-2023 03:52,C000745,23,Female,Austalia,SR014,N,1939.92
INV180002,P0106,Product 106,Books,-1,805.46,21-12-2023 05:03,C003292,31,Female,Untied States,SR014,1,-805.46
INV114756,P0104,Product 104,beauty ,3,549.9,31-05-2023 17:14,,48,Female,Inda,SR017,0,1649.7
INV171015,P0018,Product 18,Toyz,5,206.48,06-10-2023 12:37,C002221,5,Female,France,SR008,0,1032.4
INV126203,P0170,Product 170,GROCERY,1,191.8,"May 10, 2023 01:12 AM",C003219,20,Female,Untied States,SR014,0,191.8
INV184423,P0172,Product 172,Health,3 units,102.83,45056,C004685,42,Female,USA,SR003,0,308.49
INV162027,P0090,,Fashon,7,329.59,02-08-2023 15:36,C001820,62,Female,Canad,SR014,0,2307.13
INV158287,P0194,Product 194,GROCERY,2,962.69,44982,C000246,,Female,UK,SR007,0,1925.38
INV193486,P0110,Product 110,Sports,9,204.25,27-10-2023 14:46,C002225,36,Female,Frnace,SR020,0,1838.25
INV117863,P0078,Product 78,Books ,7,$419.08,16-05-2023 18:44,C000147,39,Female,Canad,SR010,0,2933.56
INV140774,P0136,Product 136,Beauty,-1,222.42,26-03-2023 07:10,C004085,33,Male,Austalia,SR012,1,-222.42
INV152588,P0129,Product 129,home decor,1,308.29,17-08-2023 11:59,C004757,47,Male,Frnace,SR003,0,308.29
INV190586,P0142,Product 142,Toyz,3,280,15-01-2023 09:12,C001977,31,Male,Frnace,SR005,0,840
INV136831,P0016,Product 16,Fashon,3 units,385.34,13-07-2023 07:42,C000787,36,Female,France,SR011,0,1156.02
INV162404,P0003,,electronisc,1,759.29,45059,C004532,57,Female,Untied States,SR015,0,759.29
INV149657,P0197,Product 197,Beauty,6,$221.91,23-10-2023 01:48,C001222 ,62,Female,Canad,SR014,0,1331.46
INV165834,P0171,Product 171,Electronics,6,207.82,05-02-2023 09:38,C001006,58,Male,Frnace,SR003,0,1246.92
INV190951,P0168,Product 168,electronisc,3 units,121.96,03-04-2023 01:14,C003786,57,male,Inda,SR011,0,365.88
INV122146,P0191,Product 191,Toyz,6,26.1,14-02-2023 22:21,C001755,57,Male,India,SR005,0,156.6
INV188895,P0023,Product 23,Fashon,6,980.6,28-04-2023 21:57,C002725,38,Female,India,SR006,0,5883.6
INV145538,P0003,Product 3,electronisc,4 units,495.11,06-02-2023 15:26,C003365,29,Male,Austalia,SR017,0,1980.44
INV100823,P0018,Product 18,Toyz,6,59.55,02-06-2023 17:14,C004969,18,MALE,U S A,SR011,0,357.3
INV171802,P0163,Product 163,Toyz ,1,806.53,18-02-2023 02:03,C001665,37,Female,Inda,SR003,0,806.53
INV165127,P0045,Product 45,GROCERY,9,26.04,"Mar 31, 2023 02:06 AM",C004827,,Male,Australia,SR016,0,234.36
INV118983,P0005,Product 5,Toys,6,442.36,"Mar 09, 2023 09:21 PM",C004335,21,Female,UK,SR008,0,2654.16
INV104416,P0155,Product 155,Beauty,3,459.7,12-08-2023 10:22,C004262,54,Female,India,SR016,0,1379.1
INV127940,P0185,Product 185,electronisc,3,423.32,07-03-2023 20:08,C001540 ,42,Male,Germny,SR004,0,1269.96
INV100281,P0193,Product 193 ###,Electronics,2,485.69,02-09-2023 14:14,C003376,25,Female,Uk,SR013,0,971.38
INV164405,P0190,Product 190,GROCERY,5,629.5,09-01-2023 08:48,C001538,60,Male,Canad,SR005,0,3147.5
INV147854,P0106,Product 106,Books,8,$998.65,26-07-2023 21:30,C001649,19,Male,U S A,SR012,0,7989.2
INV117746,P0060,Product 60,beauty ,4,532.78,07-01-2023 06:24,C004145,21,F,Austalia,SR020,0,2131.12
INV181935,P0050,Product 50,Books,1,972.32,17-08-2023 14:43,C003183,38,Male,U S A,SR010,0,972.32
INV172107,P0168,Product 168,electronisc,8,930.55,45118,C004187,30,Male,U S A,SR006,0,7444.4
INV191525,P0031,Product 31,Health,5,694.88,21-07-2023 10:42,C004710,27,Female,Canada,SR011,0,3474.4
INV134732,P0082,Product 82,Health,4 units,447.11,28-03-2023 18:59,C004361,62,Male,UK,SR003,Y,1788.44
INV175641,P0087,Product 87,GROCERY,7,797.7,22-01-2023 23:11,C003003,58,Female,USA,SR020,0,5583.9
INV168898,P0088,Product 88,Beauty,8,288.64,17-06-2023 06:02,C000105,40,Female,Canad,SR010,0,2309.12
INV137872,P0120,Product 120,BOOKS,7,556.39,"Feb 21, 2023 06:54 PM",C000747,65,Male,U S A,SR010,0,3894.73
INV148350,P0181,Product 181,Automotive,9,927.28,44964,3620,52,Male,India,SR006,0,8345.52
INV143498,P0180,Product 180,ELECTRONICS,6,631.33,44979,C001575,57,Male,Uk,SR013,0,3787.98
INV138202,P0126,Product 126,Toys,4,422.48,"Aug 15, 2023 10:09 PM",C000232,22,Female,Inda,SR008,0,1689.92
INV158669,P0094,Product 94,Home Decor,1,300,23-09-2023 14:32,C003789,24,Male,Frnace,SR018,0,300
INV186782,P0077,Product 77,Beauty,8,257.56,"Jun 06, 2023 03:02 PM",C004342,43,MALE,Canada,SR012,N,2060.48
INV177165,P0102,Product 102,Toys,4,764.28,01-02-2023 15:09,C002328,47,Female,UK,SR005,0,3057.12
INV131869,P0099,Product 99,Electronics,1,527.6,25-01-2023 07:33,C001057,49,Female,Inda,SR008,0,527.6
INV140688,P0060,Product 60,beauty ,9,947.22,18-07-2023 14:49,C000476,200,Female,Uk,SR011,0,8524.98
INV163014,P0039,Product 39,SPORTS,2,79.35,03-01-2023 23:44,C001456,40,Male,Canad,SR009,0,158.7
INV132594,P0167,Product 167,Grocery,2,687.59,26-07-2023 11:13,C003419,26,Female,Untied States,SR013,0,1375.18
INV19158,P0162,Product 162,electronisc,7,308.5,45168,C000756,68,Male,Australia,SR011,0,2159.5
INV154638,P0187,Product 187,Home Decor,5,660.17,26-04-2023 09:44,C003008,51,Female,France,SR007,0,3300.85
INV162895,P0029,Product 29,Sports,5,616.23,31-03-2023 20:19,C002808,38,Female,France,SR004,0,3081.15
INV173527,P0149,Product 149,Beauty,4,750.63,01-12-2023 13:14,C002409,24,Male,Germany,SR016,0,3002.52
INV121738,P0153,Product 153,FASHION,5,425.76,14-10-2023 06:52,C002542,53,Male,USA,SR001,0,2128.8
INV109437,P0115,Product 115,ELECTRONISC,3,747.86,45288,4095,28,Female,Uk,SR009,0,2243.58
INV149012,P0090,Product 90 ###,Fashon,4,$345.49,13-09-2023 07:25,,68,Female,Canada,SR017,0,1381.96
INV156490,P0167,Product 167,Grocery,9 units,299.05,14-07-2023 07:26,C004835,52,Male,Canada,SR006,0,2691.45
INV185938,P0139,Product 139,Fashon,2,5.68,09-10-2023 19:34,C004927,45,Female,Canada,SR005,0,11.36
INV129787,P0063,Product 63,beauty ,1,218.58,45231,C003563,24,Female,Canada,SR020,0,218.58
INV172577,P0171,Product 171,Electronics,3,413.03,18-09-2023 01:02,C003411,50,Female,India,SR015,0,1239.09
INV125509,P0089,Product 89,Home Decor,6,333.78,13-12-2023 04:39,C000216,63,Female,Frnace,SR009,0,2002.68
INV198225,P0178,Product 178  - damaged,Toys,5,964.24,02-11-2023 20:09,C001756,49,Female,Canad,SR006,0,4821.2
INV181502,P0040,Product 40,Toyz,5,$731.39,27-06-2023 04:38,C004693,66,Female,Australia,SR007,0,3656.95
INV153452,P0123,Product 123,Fashon,1,63.87,12-01-2023 15:10,C001756,49,Female,UK,SR016,0,63.87
INV186755,P0123,Product 123,Fashon,6,286.32,16-10-2023 18:11,C003126,49,Male,Canad,SR019,0,1717.92
INV119234,P0130,Product 130,Health,8,232.87,24-06-2023 13:11,C000244,33,Female,Germny,SR014,0,1862.96
INV167048,P0193,Product 193,Electronics,8,326.73,04-03-2023 03:06,C002034,21,Male,Germany,SR014,0,2613.84
INV165093,P0177,Product 177,Home Decor,9,322.72,45106,C000016,37,Female,Australia,SR014,0,2904.48
INV179344,P0172,Product 172,Health,3,368.66,45275,C003358,68,Male,France,SR014,0,1105.98
INV111084,P0098,Product 98,Home Decor,2,266.1,27-02-2023 15:06,C000604,34,Male,Canad,SR007,0,532.2
INV147150,P0047,Product 47,Sports,5,359.63,13-11-2023 10:38,C004622,66,Male,Frnace,SR015,0,1798.15
INV156229,P0022,Product 22,beauty ,4,345.24,07-07-2023 08:30,C002819,24,F,India,SR019,0,1380.96
INV167460,P0073,Product 73,AUTOMOTIVE ,5,660.07,11-09-2023 10:07,2582,51,Female,Canad,SR001,0,3300.35
INV177891,P0042,Product 42  [refurbished],Automotive,5,675.98,45233,,20,Female,UK,SR010,1,3379.9
INV140850,P0077,Product 77,Beauty,3,16.65,25-04-2023 21:04,C004917,51,Male,Germny,SR003,0,$49.95 USD
INV100183,P0194,Product 194,GROCERY,4,394.7,20-02-2023 06:46,C003728,34,Female,Germny,SR013,0,1578.8
INV120268,P0075,Product 75,Home Decor,3,913.93,09-03-2023 04:53,C004940,,Male,Germny,SR006,0,2741.79
INV145721,P0091,Product 91,Automotive,4,89.89,45239,C003254,31,,U S A,SR008,0,359.56
INV186894,P0021,Product 21,BEAUTY ,4,598.84,06-08-2023 00:05,C003573,35,Female,Australia,SR005,0,2395.36
INV109880,P0079,Product 79,Toys,3,365.68,23-06-2023 14:35,C004188,48,Male,UK,SR012,0,1097.04
INV168211,P0001,Product 1,Toys,7,496.72,10-06-2023 11:32,C002725,,female,Austalia,SR013,0,3477.04
INV12268,P0170,Product 170  - damaged,GROCERY,2,294.18,14-06-2023 10:34,,41,Male,Germany,SR018,,588.36
INV101750,P0163,Product 163,Toyz,3,762.07,23-07-2023 09:21,C004816,67,Female,UK,SR020,0,2286.21
INV142247,P0106,Product 106,Books,9,14.53,27-01-2023 09:14,C004662,50,Male,UK,SR014,0,130.77
INV196111,P0019,Product 19,Books,2 units,$468.24,21-09-2023 15:53,C003976,45,Female,India,SR009,0,936.48
INV123092,P0011,Product 11,Fashion,8,302.98,30-01-2023 23:08,C004692,24,F,France,SR004,0,2423.84
INV119781,P0138,Product 138,Books,1,988.02,45004,1295,29,Male,Uk,SR020,0,988.02
INV114152,P0193,Product 193,Electronics,7,21.2,09-08-2023 17:18,C000535,27,Female,Australia,SR017,0,148.4
INV180421,P0139,Product 139,Fashon,5,400.98,19-08-2023 08:45,C004234,60,Female,Uk,SR005,0,2004.9
INV162422,P0008,Product 8,Sports,3,38.3,45159,C001163,39,Male,Inda,SR011,0,114.9
INV194889,P0168,Product 168,electronisc ,5,$180.49,04-05-2023 17:48,C000495,42,Male,Untied States,SR018,0,902.45
INV105567,P0182,Product 182,Toys,5,$307.85,45239,C000879,19,Female,Untied States,SR009,0,1539.25
INV198190,P0056,Product 56,SPORTS,4,781.07,22-11-2023 13:35,C001064,33,Male,Austalia,SR012,0,3124.28
INV169040,P0050,Product 50,Books,3,477.22,09-07-2023 01:02,C000368,28,Male,India,SR014,0,1431.66
INV196206,P0030,Product 30,SPORTS,3 units,44.72,14-02-2023 20:11,C004420,58,Male,India,SR004,0,134.16
INV126335,P0184,Product 184,Home decors,8,544.09,02-11-2023 10:28,C004385,46,Female,Canada,SR005,0,4352.72
INV167969,P0068,Product 68,Electronics,9,988.78,21-06-2023 16:59,C000124,41,Male,Germny,SR015,0,8899.02
INV178301,P0112,Product 112,Toys,3,395.19,19-01-2023 01:48,C001426,54,Male,Inda,SR013,0,1185.57
INV123620,P0175,Product 175,Home Decor,-1,924.73,"Jul 29, 2023 01:28 PM",C000774,68,Male,Austalia,SR002,1,-924.73
INV108700,P0184,Product 184,ELECTRONICS,2,977.26,30-01-2023 11:05,C001074,45,Male,Canad,SR009,0,1954.52
INV198680,P0031,Product 31,Health,6,908.08,05-11-2023 22:52,C004999 ,,Female,UK,SR004,0,"$5,448.48 USD"
INV14867,P0191,Product 191,Toyz,9,917.52,45107,C002434,33,Male,USA,SR017,0,8257.68
INV192800,P0038,Product 38,Home Decor,2,447.96,02-09-2023 03:51,C003533,38,Female,Frnace,SR017,N,895.92
INV148259,P0163,Product 163,Toyz,7 units,725.57,04-07-2023 20:24,C003140,55,Female,India,SR012,0,5078.99
INV192821,P0141,Product 141 ###,Health,9,537.34,27-07-2023 13:10,C002328,47,Female,Canada,SR015,0,4836.06
INV100920,P0138,Product 138,Books,3 units,939.51,27-09-2023 17:29,C003620,52,Male,India,SR016,,2818.53
INV162902,P0186,Product 186,Books,8,714.01,28-11-2023 15:22,C003102,24,Male,Inda,SR012,0,5712.08
INV124080,P0165,Product 165,Beauty,1,808.98,14-01-2023 00:06,C000009,69,Female,Canada,SR007,0,808.98
INV170104,P0162,Product 162,electronisc,3,12.65,05-06-2023 13:26,,42,Male,Germany,SR017,0,37.95
INV130974,P0012,Product 12,Fashon,3 units,905.49,25-10-2023 04:04,C004990,61,Female,Untied States,SR011,0,2716.47
INV152776,P0149,Product 149,Beauty,6,238,21-11-2023 23:04,C000149,66,Male,Frnace,SR015,0,1428
INV185063,P0094,Product 94,Home Decor ,7 units,820.44,14-10-2023 11:26,C002386,39,Male,Frnace,SR012,0,5743.08
INV115229,P0094,Product 94,Home Decor,8,$503.22,45036,C002906 ,53,Female,Canada,SR014,0,4025.76
INV105465,P0019,Product 19,Books,1,10.78,06-03-2023 07:04,C001547,60,Female,Germany,SR014,0,10.78
INV111020,P0129,Product 129,home decor,3,865.67,45263,C003967,36,MALE,Australia,SR003,0,2597.01
INV199309,P0190,Product 190 ***,GROCERY,5,32.45,29-03-2023 08:31,C002631,25,Female,Germny,SR019,0,162.25
INV136505,P0102,Product 102,Toys,5,540.37,24-06-2023 22:42,C003490,58,Female,Germny,SR006,0,2701.85
INV152905,P0160,Product 160,Grocery,9,472.07,08-12-2023 11:55,C002003,25,MALE,USA,SR018,0,4248.63
INV186214,P0072,Product 72,Toyz,4 units,739.96,21-03-2023 21:53,,21,Female,India,SR009,0,2959.84
INV104608,P0096,Product 96,beauty ,4,648.24,11-03-2023 17:46,C002051,58,Female,Inda,SR003,,2592.96
INV150233,P0072,Product 72,Toyz,2,864.9,19-09-2023 01:22,C003286,34,Male,Frnace,SR020,0,1729.8
INV112703,P0108,Product 108 ***,Toys,6,485.37,16-04-2023 02:20,C004422,30,Male,Canad,SR002,0,2912.22
INV177437,P0090,Product 90,Fashon,2,$252.33,23-10-2023 13:12,3733,45,Female,Uk,SR014,0,504.66
INV103637,P0066,Product 66,Toys,8,848.98,15-04-2023 09:25,C001602,44,Female,Canada,SR003,0,6791.84
INV172915,P0106,Product 106,Books,8,$138.94,13-03-2023 22:48,C000011,66,Female,Canad,SR004,0,1111.52
INV17281,P0083,Product 83,Automotive,1,449.7,45030,,43,Female,Untied States,SR001,0,449.7
INV153401,P0200,Product 200,Home Decor,5,647.43,22-08-2023 14:35,C001888 ,25,Male,Australia,SR014,0,3237.15
INV133825,P0085,Product 85,Fashion,8 units,229.16,19-08-2023 17:02,C002349,47,Male,Inda,SR013,0,1833.28
INV136463,P0057,Product 57,Automotive,1,663.53,18-05-2023 03:21,C004618,37,Male,Untied States,SR006,0,663.53
INV157035,P0059,Product 59,home decor,7,779.63,45028,C001333,65,Male,Untied States,SR014,0,5457.41
INV189435,P0164,Product 164,Grocery,6,440.61,08-06-2023 17:45,C000542,18,Female,France,SR013,0,2643.66
INV172230,P0171,Product 171 ###,ELECTRONICS,1,255.3,45088,C003594,66,MALE,Inda,SR017,0,255.3
INV190185,P0110,Product 110,Sports,9,706.69,45227,C003318,38,Male,Uk,SR009,0,6360.21
INV190733,P0075,Product 75,Home Decor,7,20.36,23-08-2023 15:32,C004999,58,Female,Untied States,SR008,0,142.52
INV124568,P0133,Product 133,Grocery,3,559.81,22-05-2023 17:36,C001692,63,Female,Germny,SR013,0,1679.43
INV126031,P0142,Product 142,Toyz,1,615.52,07-08-2023 21:18,,44,Female,USA,SR016,0,615.52
INV170946,P0040,Product 40,Toyz ,9,683.23,16-11-2023 00:28,C002366,,Female,Untied States,SR007,0,6149.07
INV175869,P0030,Product 30,SPORTS,9,77.41,02-05-2023 17:06,C001284,55,Male,Canada,SR010,0,696.69
INV183801,P0086,Product 86,Electronics,4,71.51,18-05-2023 06:12,C003769,59,Male,Canada,SR016,0,286.04
INV142676,P0106,Product 106,Books,8,46.88,09-04-2023 13:36,C003292,31,Female,Uk,SR017,0,375.04
INV192524,P0006,Product 6,electronisc,9 units,139.53,13-02-2023 03:30,C002554,35,Female,India,SR004,0,1255.77
INV192294,P0175,Product 175,Home Decor,3,94.85,15-08-2023 01:45,C002834,48,Female,Canada,SR005,0,284.55
INV117099,P0010,Product 10,Home Decor,5,475.17,02-06-2023 13:24,C004155,55,Male,Inda,SR005,0,2375.85
INV138956,P0104,Product 104,beauty ,9,963.53,15-11-2023 12:39,C000543 ,,Female,USA,SR020,0,8671.77
INV129810,P0172,Product 172,Health,6,80.94,18-05-2023 02:48,C002612,37,Male,Frnace,SR007,0,485.64
INV197699,P0172,Product 172,Health,4 units,934.97,12-11-2023 17:18,C003339 ,64,Female,Uk,SR002,0,3739.88
INV197640,P0186,Product 186,Books,4,516.36,14-04-2023 04:35,C004484,46,Male,Canada,SR001,0,2065.44
INV12946,P0099,Product 99,Electronics,5,$375.47,27-06-2023 18:44,C002243,52,Female,Germny,SR001,0,1877.35
INV182276,P0067,Product 67,Health,5,341.2,21-03-2023 06:21,C004915,68,F,U S A,SR019,0,1706
INV132502,P0137,Product 137,Electronics,7,229.3,28-01-2023 13:00,C001171,49,Male,Germany,SR001,0,1605.1
INV136912,P0060,Product 60,beauty ,6,694.28,04-12-2023 13:26,C001971,23,,France,SR003,0,4165.68
INV170670,P0054,Product 54,beauty ,1,339.64,28-04-2023 00:58,C003149,37,Male,Frnace,SR007,0,$339.64 USD
INV111201,P0044,Product 44,Fashion,3,820.24,29-08-2023 13:05,C004427,42,Female,India,SR009,0,2460.72
INV119419,P0134,Product 134,Automotive,7,709.6,25-07-2023 20:06,C001702,63,Female,India,SR009,0,4967.2
INV166061,P0186,Product 186,BOOKS,3,372.62,09-04-2023 06:43,C002953,60,Male,Austalia,SR011,0,1117.86
INV113375,P0169,Product 169,GROCERY,1,624.27,25-11-2023 18:13,C004244,53,Female,Canada,SR010,0,624.27
INV140830,P0007,Product 7,electronisc,9,854.26,10-01-2023 13:13,C003247,55,Female,Uk,SR010,0,7688.34
INV140613,P0065,Product 65,Electronics,1,484.85,15-12-2023 07:44,C000786,21,Female,Germny,SR011,0,484.85
INV144589,P0185,Product 185,electronisc,-1,270.28,45124,C000881,57,Female,India,SR001,,-270.28
INV119244,P0186,Product 186,Books,8,867.5,08-08-2023 08:31,C002553,65,Male,Australia,SR007,0,6940
INV117320,P0021,Product 21,beauty ,8,667.74,19-06-2023 20:15,C000825,55,Male,Germany,SR002,0,5341.92
INV128514,P0014,Product 14,Fashion,1,696.76,"Oct 20, 2023 03:14 AM",3094,63,MALE,Germny,SR017,0,$696.76 USD
INV132070,P0061,Product 61,home decor,4,471.6,14-10-2023 07:23,C001455,64,Female,India,SR018,0,1886.4
INV153104,P0116,Product 116,Sports,7 units,$782.45,08-02-2023 19:50,C002387,60,MALE,Germny,SR004,0,5477.15
INV196287,P0024,Product 24,Home Decor,2,627.29,30-10-2023 12:21,C001040,34,Female,India,SR005,0,1254.58
INV154351,P0070,Product 70,Automotive,9,38.2,10-12-2023 05:48,C004078,49,Female,Uk,SR018,0,343.8
INV178275,P0136,Product 136,Beauty,1,403.39,15-06-2023 13:35,,52,Male,Germany,SR013,0,403.39
INV118714,P0028,Product 28,Toys,7 units,698.11,25-04-2023 17:21,C003101,19,Male,USA,SR005,0,4886.77
INV173477,P0104,Product 104,beauty ,8,881.04,"Jul 13, 2023 06:27 PM",C000346,64,Male,USA,SR014,0,7048.32
INV137622,P0057,Product 57,Automotive,1,237.02,08-08-2023 04:30,,34,Female,Inda,SR006,,$237.02 USD
INV181311,P0044,Product 44,Fashion,1,345.26,11-09-2023 17:41,C003798,30,Male,Germny,SR013,0,345.26
INV169873,P0050,Product 50,Books,4,832.84,25-06-2023 20:08,C003107,44,Female,Frnace,SR002,0,3331.36
INV145382,P0095,Product 95,Beauty,2,298.53,16-02-2023 15:59,C001986,67,Female,Austalia,SR009,0,597.06
INV123507,P0166,Product 166,Fashion ,1,112.24,09-11-2023 09:08,C000361,31,Male,Canad,SR018,0,112.24
INV140538,P0028,Product 28,Toys,4,419.13,45084,C003738,24,Male,Canada,SR008,0,1676.52
INV139948,P0007,Product 7,ELECTRONISC,6,279.23,13-12-2023 14:14,C000238,36,Female,Untied States,SR004,0,1675.38
INV119359,P0186,Product 186,Books,1,899.53,"Nov 12, 2023 09:49 AM",C003382,35,Female,UK,SR001,0,899.53
INV156717,P0182,Product 182,Toys,9,394.1,44979,,54,Male,Inda,SR006,0,3546.9
INV156284,P0155,Product 155,Beauty,5,232.74,04-11-2023 14:00,C001328,31,Female,Inda,SR008,0,1163.7
INV173131,P0152,Product 152,Toyz,1 units,405.02,08-02-2023 12:05,C002475,42,Female,Germany,SR001,0,405.02
INV177009,P0149,Product 149,Beauty,1,656.92,15-04-2023 10:26,C001843,52,Male,Frnace,SR020,0,656.92
INV195224,P0118,Product 118,Toys,-2,406.61,27-07-2023 10:18,C001403,18,Female,Australia,SR012,1,-813.22
INV108338,P0066,Product 66 ***,Toys,2,40.77,29-04-2023 08:29,C003513,57,Female,Germany,SR004,0,81.54
INV132842,P0082,Product 82,HEALTH,3 units,580.33,45029,988,63,Female,Australia,SR019,0,1740.99
INV115682,P0139,Product 139,Fashon,9,449.51,21-05-2023 07:14,C003699,45,Female,Inda,SR001,0,4045.59
INV175551,P0098,Product 98,Home Decor,9,$985.06,12-03-2023 13:29,C003742,26,Female,Uk,SR003,0,8865.54
INV149533,P0166,Product 166,Fashion,6,107.35,14-03-2023 14:26,C002935,52,Male,India,SR007,0,644.1
INV167067,P0073,Product 73,Automotive,8,167.26,45271,C004299,52,Female,Uk,SR019,0,1338.08
INV110464,P0176,Product 176,Sports,5,750.65,01-12-2023 12:40,C004944,51,Female,France,SR008,0,3753.25
INV160777,P0073,,Automotive,3 units,938.27,13-02-2023 20:47,C002500,54,Female,Untied States,SR013,0,2814.81
INV187611,P0105,Product 105,beauty ,2,672.73,45210,C004211 ,33,male,Inda,SR020,0,1345.46
INV194813,P0073,Product 73,AUTOMOTIVE,8,$791.17,11-01-2023 23:57,C003842,48,Male,Germny,SR017,0,6329.36
INV103698,P0138,Product 138,BOOKS,9,362.23,31-10-2023 16:09,C000364,52,Female,Canada,SR011,0,3260.07
INV113603,P0154,Product 154,Fashion,8,894.93,45098,C003864,34,Male,Canada,SR003,0,7159.44
INV185262,P0118,Product 118,Toys,4,229.85,45147,,23,Male,Frnace,SR002,0,919.4
INV139285,P0077,Product 77,Beauty,2,880.86,03-08-2023 06:15,C000194,57,Female,UK,SR011,0,1761.72
INV121228,P0024,Product 24,Home Decor,3,523,16-02-2023 01:30,C000781 ,,Male,Untied States,SR002,0,1569
INV159233,P0076,Product 76 ###,Electronics,5,$623.38,25-09-2023 07:20,C004798 ,45,Female,Canada,SR007,0,3116.9
INV163955,P0161,Product 161,Sports,5,332.77,12-08-2023 00:41,2225,36,Female,Canad,SR008,0,1663.85
INV160536,P0020,Product 20,GROCERY,7,117.92,23-05-2023 16:14,C003753,55,Female,USA,SR013,0,825.44
INV143572,P0171,Product 171,Electronics,6 units,606.41,15-05-2023 18:54,C000669,25,Male,India,SR004,0,3638.46
INV107055,P0039,Product 39,SPORTS,4,140.95,27-05-2023 17:32,C004365,65,Male,Australia,SR008,0,563.8
INV173181,P0076,Product 76,Electronics,3,108.52,45249,C004111,45,Male,Uk,SR019,0,325.56
INV12955,P0170,Product 170,GROCERY,8,714.54,09-02-2023 07:11,C002663,30,Female,Germany,SR002,0,5716.32
INV126894,P0175,Product 175,Home Decor,2,609.55,44941,C004140,36,Male,UK,SR002,0,1219.1
INV14092,P0156,Product 156,Electronics,5,817.81,26-12-2023 11:53,C004209,23,Female,India,SR016,0,4089.05
INV163272,P0099,Product 99,Electronics,4,571.92,45020,C002453,49,Male,Frnace,SR016,0,2287.68
INV155232,P0042,Product 42,Automotive,3,319.49,09-02-2023 10:21,C001801,24,Female,Austalia,SR007,0,958.47
INV190125,P0164,Product 164,Grocery,4,754.81,20-03-2023 02:22,C001553,,Female,Germany,SR002,0,3019.24
INV134417,P0012,Product 12,Fashon,2,47.39,08-07-2023 04:43,C000756,68,Male,UK,SR009,0,94.78
INV179349,P0036,Product 36,Automotive,4,401.62,13-02-2023 03:02,,63,F,Canad,SR015,0,1606.48
INV180277,P0170,Product 170,GROCERY,9 units,877.83,14-08-2023 07:10,4534,65,Male,Canada,SR009,0,7900.47
INV189638,P0116,Product 116  - damaged,Sports,8,250.61,31-12-2023 17:40,C002598,54,Male,Untied States,SR005,,2004.88
INV158339,P0064,Product 64,home decor,2,908.9,45184,C003153,52,Female,Frnace,SR019,0,1817.8
INV162002,P0159,Product 159,Fashon,6,286.74,45218,C000242,62,Male,Untied States,SR003,0,1720.44
INV165516,P0127,Product 127,Electronics,8,$820.15,23-11-2023 21:44,C004187,30,Male,Inda,SR003,0,6561.2
INV144225,P0159,Product 159,Fashon,8,264.88,"Sep 20, 2023 01:03 PM",C002096,55,Female,Austalia,SR008,0,2119.04
INV194417,P0018,Product 18,Toyz,2,625.36,"Jan 01, 2023 06:33 PM",C001781,66,Female,Canada,SR018,0,1250.72
INV173650,P0198,Product 198,Health,4,987.26,03-03-2023 10:37,C002436,69,Male,Frnace,SR012,0,3949.04
INV135356,P0141,Product 141,HEALTH,3,379.16,"Mar 16, 2023 10:00 AM",C003844,56,Female,U S A,SR005,0,1137.48
INV115211,P0164,Product 164,Grocery,4,136.97,45091,C003963,47,Female,Uk,SR005,0,547.88
INV139467,P0064,Product 64,home decor,6 units,816.74,"Apr 18, 2023 12:41 PM",C001999 ,69,Female,Germny,SR002,0,4900.44
INV157109,P0035,Product 35,Fashon,1,$635.42,14-04-2023 07:25,C003405,66,Female,Australia,SR001,0,635.42
INV108533,P0140,Product 140,BEAUTY ,5,704.72,12-04-2023 04:59,C001293,66,Male,Germny,SR008,0,3523.6
INV167095,P0136,Product 136,Beauty,4,58.72,"Sep 14, 2023 01:42 PM",C002491,24,Female,Inda,SR002,0,234.88
INV121104,P0193,Product 193,Electronics,4,398.52,44928,C003462,64,Male,Australia,SR012,0,1594.08
INV163836,P0025,Product 25,Beauty,4,108.17,09-07-2023 03:37,1428,23,Female,Australia,SR004,0,432.68
INV177675,P0027,Product 27,Health,9,996.3,03-05-2023 06:36,C001896,31,Female,Uk,SR018,0,8966.7
INV119479,P0008,Product 8,Sports,-4,949.44,45284,,55,Male,Untied States,SR005,1,-3797.76
INV12191,P0169,Product 169,GROCERY,8,157.77,26-12-2023 19:15,,35,Female,UK,SR010,0,1262.16
INV192957,P0187,Product 187,Home Decor,4,975.99,22-08-2023 09:35,C002016,18,F,U S A,SR019,0,3903.96
INV10594,P0035,Product 35,Fashon,2,138.97,01-08-2023 23:34,C004095,28,Female,Frnace,SR019,0,277.94
INV160482,P0055,Product 55,Automotive,3,52.9,44995,C004875,,Female,UK,SR009,0,158.7
INV153464,P0168,Product 168,electronisc,5,365.64,16-03-2023 18:26,C004141,28,Male,Australia,SR001,0,1828.2
INV185283,P0149,,Beauty,4,483.09,30-10-2023 21:02,C001278,67,Female,France,SR019,0,1932.36
INV100551,P0077,Product 77,Beauty ,1,546.62,11-04-2023 21:17,C004847,41,Male,USA,SR005,0,546.62
INV122087,P0072,Product 72,Toyz,4,903.46,"Dec 23, 2023 10:02 PM",C003715,49,Female,Canad,SR006,0,3613.84
INV115432,P0118,Product 118,Toys,3,508.55,10-05-2023 08:17,C001075,66,Female,Inda,SR011,0,1525.65
INV142371,P0179,Product 179,HEALTH,3,674.74,09-11-2023 18:57,C001616,29,MALE,Canada,SR002,0,2024.22
INV189970,P0136,Product 136,Beauty,1,470.98,11-03-2023 14:51,C002515,39,Female,Canada,SR012,,470.98
INV176374,P0143,Product 143,Toyz,5,595.81,12-08-2023 03:44,C004631,19,male,Canad,SR011,0,2979.05
INV188925,P0007,Product 7,electronisc,1,85.64,28-02-2023 02:37,C001193,54,Female,Canada,SR013,0,85.64
INV13463,P0069,Product 69,Fashon,6,39.94,31-12-2023 09:42,C001841,27,Female,Austalia,SR013,0,239.64
INV155851,P0176,Product 176,Sports,7,418.34,25-04-2023 08:10,C003125,36,Male,Untied States,SR020,0,2928.38
INV136703,P0036,Product 36,Automotive,1,952.35,24-07-2023 13:48,C000124,41,Male,UK,SR020,0,952.35
INV191924,P0157,Product 157,Electronics,7 units,$724.08,24-12-2023 00:35,C002227,27,Male,Inda,SR012,0,5068.56
INV144861,P0145,Product 145,Toys,9,344.18,44940,C002334,25,Female,Australia,SR003,0,3097.62
INV166405,P0159,Product 159,Fashon,4,716.56,45099,C004643,37,Female,Inda,SR003,0,2866.24
INV101111,P0014,Product 14,Fashion ,5,65.44,18-12-2023 16:37,C004153,64,Female,France,SR015,0,327.2
INV105718,P0066,Product 66,Toys,9,731.81,26-01-2023 11:30,C002645,32,Male,Australia,SR003,0,6586.29
INV142481,P0018,Product 18,Toyz,3,78.02,45054,,29,Female,Untied States,SR018,0,234.06
INV178361,P0036,Product 36,Automotive,8,253.27,13-04-2023 01:24,C004976,46,Female,India,SR015,0,2026.16
INV171391,P0021,Product 21,beauty ,5,41.59,24-04-2023 04:45,C001466 ,34,Female,Untied States,SR005,0,207.95
INV111298,P0069,Product 69,Fashon,1,241.09,13-06-2023 22:20,C004578,67,Male,France,SR013,0,241.09
INV149113,P0002,Product 2,beauty ,2,953.05,45084,C004353,31,Male,Untied States,SR002,0,1906.1
INV161055,P0026,Product 26,Toys,2,137.37,45207,C002499,34,Female,Austalia,SR016,0,274.74
INV191479,P0148,Product 148,TOYZ ,8,137.9,10-11-2023 15:07,C000468,45,Male,Inda,SR020,0,1103.2
INV153158,P0069,Product 69,Fashon,5,387.15,15-01-2023 02:37,C001264,19,Female,Uk,SR001,0,1935.75
INV191211,P0020,Product 20,GROCERY,7,$389.48,19-07-2023 11:26,C003426,38,Female,Inda,SR020,0,2726.36
INV145752,P0105,Product 105,BEAUTY ,6,875.37,02-04-2023 05:03,C001029,50,Male,India,SR015,1,5252.22
INV162868,P0076,Product 76,Electronics,8,501.41,15-01-2023 09:31,C000327,37,Female,India,SR010,0,4011.28
INV142440,P0123,,Fashon,-2,618.71,11-06-2023 08:24,C004246 ,47,Female,Australia,SR020,1,-1237.42
INV127688,P0018,Product 18,Toyz,1,771,04-06-2023 08:13,C002039,33,Female,Canad,SR020,0,771
INV156478,P0165,Product 165,Beauty,6,521.8,01-12-2023 23:17,C002858,64,Fem,Inda,SR001,0,3130.8
INV167427,P0159,Product 159,Fashon,4 units,700.35,31-01-2023 17:01,C000461,33,Male,Uk,SR003,0,2801.4
INV119669,P0127,Product 127,Electronics,6,10.29,18-11-2023 19:43,C001939,37,Male,Germany,SR020,0,61.74
INV181431,P0037,Product 37,beauty ,7,987.74,09-04-2023 00:14,C002386,39,Male,Inda,SR009,0,6914.18
INV170712,P0162,,electronisc,9,157.87,13-10-2023 20:14,C004904,39,Female,France,SR001,0,1420.83
INV104497,P0158,Product 158,Fashion,7,815.54 USD,28-09-2023 14:05,C000788,37,Male,Frnace,SR004,0,5708.78
INV133148,P0179,Product 179,Health,6,138.7,04-12-2023 09:09,C004580,58,Female,UK,SR002,0,832.2
INV190781,P0144,Product 144,Fashon,6,100.62,04-09-2023 04:50,C002926,38,Female,France,SR018,0,603.72
INV184962,P0159,Product 159,Beauty,6,$568.19,10-12-2023 04:45,1839,20,Female,Uk,SR017,0,3409.14
INV146348,P0074,Product 74,Home Decor,2,10.35,22-06-2023 17:09,,26,Female,Austalia,SR006,,20.7
INV127250,P0156,Product 156,Electronics,2,889.62,45101,C004599,37,Female,Untied States,SR018,0,1779.24
INV138408,P0062,Product 62,Health,3,395.59,10-08-2023 15:35,C001388,63,Female,Germny,SR014,0,1186.77
INV139286,P0066,Product 66,Toys,5 units,$757.03,20-11-2023 08:02,C000094,42,Female,Frnace,SR009,0,3785.15
INV175976,P0151,Product 151,Toyz,8,587.55,07-07-2023 18:12,C003233,56,Male,Germny,SR012,0,4700.4
INV163090,P0159,Product 159,Fashon,8,822.59,02-06-2023 20:11,C001727,63,Male,Australia,SR003,0,6580.72
INV165322,P0122,Product 122,Grocery,9 units,763.79,45130,C000985,28,Male,Uk,SR016,0,6874.11
INV198526,P0062,Product 62,Health,4,851.9,17-12-2023 02:28,C003112,50,Female,Canada,SR004,0,3407.6
INV154661,P0034,Product 34,Toys,3 units,924.31,11-05-2023 16:11,C000729,66,Male,India,SR015,0,2772.93
INV151696,P0155,Product 155,Beauty,5,841.53,08-07-2023 16:08,C000015,57,Female,Inda,SR019,0,4207.65
INV190467,P0039,Product 39,SPORTS,-1,327.63,21-01-2023 15:01,C004500,9,Female,Untied States,SR006,1,-327.63
INV111964,P0194,Product 194,GROCERY,1,804.91,04-09-2023 16:43,C000801,30,Female,Canada,SR013,0,804.91
INV142951,P0164,Product 164,Grocery,2,216.78,27-05-2023 18:41,C001554,49,Male,Frnace,SR004,0,433.56
INV172830,P0017,Product 17,Fashon,3,91.34,45100,C002306,19,Male,Frnace,SR015,0,274.02
INV147930,P0187,Product 187,Home Decor,-4,938.1,24-10-2023 21:15,C002391,69,Female,Australia,SR008,1,-3752.4
INV136213,P0191,Product 191,Toyz,3,80.68,44974,C004038,19,Female,Canada,SR013,0,242.04
INV123402,P0054,Product 54,beauty ,5,975.12,13-08-2023 18:54,C000716,27,Male,Austalia,SR012,0,4875.6
INV183295,P0140,Product 140,beauty ,3,92.6,29-08-2023 11:53,C000622,33,Female,Germny,SR002,0,277.8
INV146204,P0019,Product 19,Books,5,715.05,19-05-2023 22:37,C003142,44,Male,Australia,SR009,0,3575.25
INV184785,P0172,,Health,5,423.93,19-11-2023 07:38,C004089,24,Male,Uk,SR002,0,2119.65
INV118934,P0062,Product 62,Health,4,907.1,19-05-2023 08:19,C004075,23,Male,Canada,SR011,0,3628.4
INV127627,P0106,Product 106,Books,6,845.54,"Jul 08, 2023 12:11 PM",C002353,39,Female,U S A,SR001,0,5073.24
INV162552,P0021,Product 21,beauty ,7,438,45212,C004597,36,Female,USA,SR016,0,3066
INV165548,P0069,Product 69,Fashon,3,348.71,11-04-2023 00:40,C003169,38,Female,Austalia,SR016,0,1046.13
INV177108,P0086,Product 86,Electronics,6,764.32,44968,C003701,34,Female,India,SR002,0,4585.92
INV175426,P0138,Product 138,Books,7 units,407.29,10-04-2023 12:44,C003331,34,Female,Germny,SR015,0,2851.03
INV107470,P0035,Product 35,FASHON,5,499.27,19-03-2023 06:14,C004462,55,Male,Frnace,SR010,0,2496.35
INV116844,P0012,Product 12,Fashon,9 units,208.13,07-07-2023 07:03,C001092 ,50,Female,U S A,SR018,0,1873.17
INV102151,P0083,Product 83,Automotive,6,101.09,09-04-2023 09:51,C001406,20,Female,France,SR019,0,606.54
INV144211,P0022,Product 22,Electronics,-3,24.6,45237,C000997,57,Female,Germany,SR007,1,-73.8
INV145546,P0066,Product 66,Toys,6,444.45,"Feb 28, 2023 06:11 PM",C004524,66,Male,Frnace,SR007,0,2666.7
INV194409,P0043,Product 43,SPORTS,3,992.66,30-04-2023 08:01,C002291,19,Female,Inda,SR015,0,2977.98
INV174816,P0110,Product 110,Sports,8,994.27,45100,C000570,32,Female,Canada,SR006,0,7954.16
INV133973,P0141,Product 141,Health,6,415.97,31-07-2023 16:26,C003697,28,Male,Canada,SR001,0,2495.82
INV142705,P0097,Product 97,SPORTS,7,$939.83,03-03-2023 07:47,C000511,42,Male,Uk,SR016,0,6578.81
INV143434,P0072,Product 72,Toyz,3,982.91,45188,C002501,56,Male,India,SR004,0,2948.73
INV137534,P0183,Product 183,Automotive,6,678.98,16-01-2023 21:36,C002054,30,Male,Canada,SR007,0,4073.88
INV173149,P0134,Product 134,Automotive,9,646.15,06-05-2023 00:32,,43,Female,Inda,SR006,0,5815.35
INV159032,P0030,Product 30,SPORTS,-2,437,01-10-2023 21:33,C002664,49,Female,USA,SR009,1,-874
INV118041,P0123,,Fashon,5,538.36,29-07-2023 20:12,,42,F,Australia,SR015,1,2691.8
INV107794,P0164,Product 164,Grocery,8,538.68,30-03-2023 17:12,C002637,45,Female,UK,SR003,0,4309.44
INV128954,P0028,Product 28  [refurbished],Toys,2,330.94,45181,C002624,45,Female,Inda,SR015,0,661.88
INV127408,P0111,Product 111  [refurbished],Beauty,2,295.1,45263,,47,Female,Inda,SR001,0,590.2
INV146717,P0168,Product 168,electronisc,8 units,261.95,09-10-2023 15:09,,21,Female,France,SR008,0,2095.6
INV140421,P0141,Product 141,Health,3,349.33,11-05-2023 08:50,C001902,,Female,Australia,SR008,0,1047.99
INV179167,P0042,Product 42,Automotive,8,849.47,28-02-2023 21:34,C000770 ,23,Male,India,SR006,0,6795.76
INV132228,P0193,Product 193,Electronics,5,486.62,45084,C003281,69,Female,USA,SR013,0,2433.1
INV141199,P0067,Product 67,Health,-3,978.18,45022,C004553,31,MALE,Austalia,SR018,1,-2934.54
INV164684,P0012,Product 12,Fashon,6,858.32,29-07-2023 02:22,C003825,51,Male,Germany,SR001,0,5149.92
INV160477,P0029,Product 29,Sports,5,255.95,"Jan 02, 2023 11:48 AM",C000656,44,Male,Frnace,SR020,0,1279.75
INV189648,P0081,Product 81,Toys ,1,280.72,12-10-2023 18:14,C001129 ,35,Male,Untied States,SR015,0,280.72
INV168584,P0110,Product 110,Sports,3,914.12,24-06-2023 05:00,C003453,45,Male,Australia,SR013,0,2742.36
INV120051,P0103,Product 103,Health,2,664.87,28-12-2023 11:07,C004060,37,Female,Uk,SR014,0,1329.74
INV147275,P0157,Product 157,Electronics,6,722.93,13-06-2023 20:52,C000925,46,Male,India,SR020,0,4337.58
INV100428,P0042,Product 42,Automotive,4,606.81,17-05-2023 15:35,C002601,25,,Germny,SR005,0,2427.24
INV136763,P0189,Product 189,GROCERY,3,903.33,02-05-2023 04:54,C003129,28,Female,Canada,SR007,0,2709.99
INV138144,P0115,Product 115,electronisc,9,988.91,28-04-2023 03:51,C002669,51,Male,Austalia,SR003,0,8900.19
INV146988,P0136,Product 136,Beauty,5,319.15,17-05-2023 17:00,C001512,30,Male,Austalia,SR019,0,1595.75
INV149874,P0174,Product 174,GROCERY,2,$498.03,04-09-2023 05:46,1171,49,Male,France,SR009,0,996.06
INV106479,P0092,Product 92,HOME DECOR,1,923.74,06-05-2023 05:41,C003366,62,Female,Untied States,SR018,0,923.74
INV153034,P0033,Product 33,beauty ,9,507.23,10-08-2023 03:31,C001832,23,Male,Frnace,SR014,0,4565.07
INV142600,P0156,Product 156,Electronics,4,781.62,26-06-2023 06:27,C001068,18,Male,Canad,SR009,0,3126.48
INV172961,P0060,Product 60,beauty ,3 units,142.23,28-01-2023 11:41,C003682,,Male,Germany,SR010,0,$426.69 USD
INV143101,P0169,Product 169,GROCERY,2,213.39,14-12-2023 03:53,C002221,56,Female,Germny,SR001,0,426.78
INV188699,P0067,Product 67,Health,6,778.55,05-10-2023 00:06,C004102,39,Male,Canad,SR012,0,4671.3
INV138117,P0147,Product 147,Home Decor,-3,270.13,07-08-2023 00:21,C001339,48,Male,UK,SR003,1,-810.39
INV17747,P0018,Product 18,Toyz,5 units,220.7,44967,C000886,23,Female,Canada,SR005,0,1103.5
INV146795,P0027,Product 27,Health,3,$416.66,"Jan 24, 2023 05:35 AM",C003278,26,Female,Uk,SR009,0,1249.98
INV155368,P0097,Product 97 (,SPORTS,9,$988.61,26-02-2023 16:53,C000797,55,Male,India,SR012,0,8897.49
INV192006,P0191,Product 191,Toyz,7,267.92,07-10-2023 18:44,C002915,,Female,Canad,SR005,0,1875.44
INV103260,P0161,Product 161,Sports,7,790.57,19-05-2023 16:23,C004169,28,Female,USA,SR010,0,5533.99
INV17782,P0139,Product 139,Fashon,1,462.54,45084,C000668,18,Male,Australia,SR013,0,462.54
INV109270,P0069,Product 69,Fashon,9 units,253.01,02-08-2023 02:35,1138,36,Male,India,SR013,0,2277.09
INV196642,P0001,Product 1,Electronics,2,170.8,17-07-2023 21:05,C004492,34,Male,Germany,SR014,0,341.6
INV196362,P0060,Product 60,beauty ,2,940.74,07-10-2023 21:29,C004938,57,Male,Uk,SR004,0,1881.48
INV107664,P0054,Product 54,beauty ,5 units,840.93,01-08-2023 16:10,C000409,27,Female,Austalia,SR006,0,4204.65
INV174469,P0195,Product 195,Fashon,3,570.82,45283,C000412,56,Female,Australia,SR010,0,1712.46
INV163474,P0063,Product 63,beauty ,8,796.85,25-10-2023 14:33,C002231,64,Male,Inda,SR011,0,6374.8
INV135239,P0152,Product 152,TOYZ,9,509.1,08-02-2023 14:29,C002124,61,Male,Germany,SR004,0,4581.9
INV191911,P0117,Product 117,home decor,9,867.28,20-04-2023 21:56,C000801,30,Female,Australia,SR019,0,7805.52
INV195721,P0119,Product 119,Fashion ,7,77.42,19-02-2023 20:42,C002822,31,Female,USA,SR004,0,541.94
INV173839,P0056,Product 56,SPORTS,4,722.36,07-03-2023 16:05,C002682,39,Male,Australia,SR008,0,2889.44
INV181959,P0021,Product 21,beauty ,6,461.92,07-09-2023 20:08,C001550,48,Male,Germany,SR004,0,2771.52
INV146777,P0047,Product 47,Sports,7,417.58,06-12-2023 02:16,,45,Male,India,SR007,0,2923.06
INV149939,P0182,Product 182,Beauty,8,241.35,04-11-2023 08:11,C000447,64,,Australia,SR019,0,1930.8
INV118826,P0182,Product 182,TOYS,8,582.64,26-07-2023 11:35,C001736,55,Male,Australia,SR008,0,4661.12
INV158602,P0128,Product 128,Electronics,6,121.83,04-08-2023 02:36,C000525,34,Female,UK,SR006,0,730.98
INV118981,P0010,Product 10,Home Decor,4,$358.36,"Feb 11, 2023 08:32 AM",C004468,34,Female,Canada,SR005,0,1433.44
INV180288,P0086,Product 86  - damaged,Electronics,6,998.88,31-07-2023 19:44,C004774,63,Male,Untied States,SR016,0,5993.28
INV199592,P0053,Product 53,GROCERY,8,$205.65,17-05-2023 13:37,C002270 ,55,Male,France,SR016,0,1645.2
INV188792,P0177,Product 177,Home Decor,2,379.16,03-01-2023 10:52,C000818,54,Male,Australia,SR009,0,758.32
INV114638,P0038,,Home decors,1,445.23,26-05-2023 11:11,C002484,26,Male,Frnace,SR005,0,445.23
INV123891,P0056,Product 56,SPORTS,3,816.7,03-06-2023 21:23,C002322,30,Male,USA,SR012,0,2450.1
INV150476,P0061,Product 61,home decor,5,190.37,45246,C003480,37,Female,Germny,SR006,0,951.85
INV111861,P0152,Product 152,TOYZ,1,$610.82,22-11-2023 03:13,1565,29,Male,Uk,SR004,0,610.82
INV165144,P0024,Product 24,Home Decor,4,937.9,10-12-2023 03:33,C004632,41,Female,Uk,SR007,0,3751.6
INV192574,P0164,Product 164,Grocery,5,290.89,19-08-2023 08:43,C004965,20,Male,Germany,SR005,0,1454.45
INV144912,P0174,Product 174,GROCERY,8 units,29.11,"Jan 14, 2023 05:32 PM",C001860,41,Female,Frnace,SR014,0,232.88
INV130903,P0058,Product 58,GROCERY ,2,838.28,10-12-2023 02:14,C003398,52,Male,Uk,SR017,0,1676.56
INV102996,P0056,Product 56,SPORTS,9,577,21-03-2023 09:08,3698,56,Female,Untied States,SR004,0,5193
INV131811,P0094,Product 94,Home Decor,1,595.98,45034,C002175,47,Male,Canada,SR013,0,595.98
INV181838,P0182,Product 182,Toys,-3,$445.46,03-03-2023 03:35,C002111,65,Female,Canada,SR018,1,-1336.38
INV115474,P0051,Product 51,Sports,2,211.52,45078,4841,44,Male,France,SR007,0,423.04
INV129475,P0059,Product 59,home decor,1,49.42,22-08-2023 03:37,C003828,55,Male,U S A,SR005,0,49.42
INV132128,P0021,Product 21,beauty ,4,727.90 USD,09-01-2023 13:26,C002261 ,58,Female,Frnace,SR008,0,2911.6
INV100918,P0161,Product 161,Sports,7,603.71,15-12-2023 11:09,C001089,5,Male,U S A,SR001,0,4225.97
INV196205,P0044,Product 44,Fashion,6,782.06,45075,C004985,46,Female,Uk,SR003,0,4692.36
INV138335,P0155,Product 155,Beauty,2,180.9,29-09-2023 06:10,3071,69,Male,UK,SR004,0,361.8
INV160040,P0091,Product 91,AUTOMOTIVE,9 units,73.03 USD,07-04-2023 02:58,C000135,29,Female,Uk,SR011,0,657.27
INV116557,P0037,Product 37,beauty ,7,287.75,05-12-2023 00:39,C001404,47,Male,Germany,SR020,0,2014.25
INV100387,P0153,Product 153  [refurbished],Fashion,9,354.75,17-01-2023 16:46,C002888 ,23,Female,Inda,SR019,0,3192.75
INV126828,P0036,Product 36,Automotive,2,557.05,07-10-2023 23:42,C001335,67,Male,Frnace,SR005,0,1114.1
INV15623,P0123,Product 123,FASHON,7,387.26,"Mar 28, 2023 08:11 PM",C003498,35,Female,India,SR003,0,2710.82
INV192173,P0024,Product 24,HOME DECOR ,1,273.87,05-07-2023 05:26,C003817,28,Male,U S A,SR013,0,273.87
INV119778,P0001,Product 1,Toys,8 units,919.01,"Mar 22, 2023 09:30 AM",C003452,56,Female,Canad,SR018,Y,7352.08
INV134411,P0155,Product 155,Beauty,9,589.31,05-02-2023 21:25,C004788,38,Male,Canada,SR004,0,5303.79
INV142514,P0062,Product 62,Health,8,705.38,25-07-2023 14:37,C000227,50,Female,Inda,SR004,0,5643.04
INV147683,P0118,Product 118,TOYS,1,450.43,45215,C002225,36,Female,Frnace,SR011,0,450.43
INV141549,P0159,Product 159,FASHON,2,$709.07,"Oct 16, 2023 03:34 PM",C002833,36,Male,France,SR014,0,1418.14
INV117365,P0134,Product 134,AUTOMOTIVE,-1,846.5,27-07-2023 08:45,C000971,22,,Germany,SR006,1,-846.5
INV160323,P0055,Product 55,Automotive,6 units,932.18,26-12-2023 20:54,C004352,38,Male,U S A,SR010,0,5593.08
INV191807,P0113,Product 113,home decor,8,193.15,14-05-2023 18:29,4078,49,MALE,India,SR015,0,1545.2
INV115234,P0095,Product 95 ###,Beauty,9,$303.07,20-12-2023 19:10,C001585,24,Female,Australia,SR003,0,2727.63
INV129905,P0123,Product 123,Fashon,5,387.17,24-02-2023 14:01,C001721,34,Female,UK,SR019,0,1935.85
INV198077,P0145,,Toys,3,841.41,02-07-2023 23:10,C002372,38,Male,UK,SR003,0,2524.23
INV178961,P0151,Product 151,Toyz,4,24.06,10-10-2023 20:58,C000740,23,Male,U S A,SR010,0,96.24
INV18887,P0134,Product 134,Home decors,2,50.71,07-06-2023 13:21,C000649,43,Female,U S A,SR006,N,101.42
INV171664,P0096,Product 96,beauty ,5,471.79,27-03-2023 04:58,C003140,55,Female,UK,SR020,0,2358.95
INV127021,P0177,Product 177,Home Decor ,1,498.29,45177,4299,52,Female,Uk,SR013,0,498.29
INV152099,P0048,Product 48,Fashon,2,898.62,45237,,42,Female,Uk,SR003,0,1797.24
INV119701,P0060,Product 60,Home decors,7,95.05,11-04-2023 16:13,C004776,34,Female,Frnace,SR019,0,665.35
INV142356,P0171,Product 171,Electronics,1,69.42,04-12-2023 20:58,C004165,22,Male,Germany,SR001,1,69.42
INV136150,P0013,Product 13,Grocery,9,206.84,14-06-2023 12:45,C000417,45,Female,UK,SR010,0,1861.56
INV146736,P0199,Product 199,Health,3,563.67,16-04-2023 23:31,C000024,63,Female,USA,SR017,0,1691.01
INV188140,P0028,Product 28,Toys,2,733.36,13-04-2023 15:59,1707,24,Female,India,SR015,0,1466.72
INV108758,P0173,Product 173,Grocery,1,$354.13,29-11-2023 22:40,C002470,68,Female,Uk,SR004,0,354.13
INV179484,P0098,Product 98,Home Decor,8,716.08,23-02-2023 08:33,C002333,29,Female,Untied States,SR013,0,5728.64
INV128003,P0068,Product 68,Electronics,1,761.71,12-10-2023 04:38,C004098,40,Male,Canad,SR008,0,761.71
INV152405,P0044,Product 44,Fashion,3,727.05,11-01-2023 22:36,C000541,63,MALE,Frnace,SR009,0,2181.15
INV199377,P0116,Product 116,Sports,2,883.56,23-10-2023 02:38,C004921,28,Male,Canad,SR002,0,1767.12
INV143422,P0096,Product 96,beauty ,4,441.64,45132,C004295,20,Male,Inda,SR001,0,1766.56
INV151025,P0098,Product 98,Home Decor,2,175.48,"Jul 23, 2023 10:47 PM",C003025,68,Male,Untied States,SR007,0,350.96
INV126201,P0045,Product 45,Grocery,6,251.88,28-01-2023 12:45,C001062,46,Male,Canad,SR008,0,1511.28
INV11820,P0169,Product 169,GROCERY,2 units,891.81,08-09-2023 07:13,C002705,25,Female,Canad,SR004,0,1783.62
INV168198,P0061,Product 61,home decor,6,437.17,44936,C004367,65,Male,Frnace,SR002,0,2623.02
INV115381,P0007,Product 7,electronisc,5,276.99,07-03-2023 03:28,,35,Male,France,SR011,0,1384.95
INV114256,P0167,Product 167,Grocery,9,474.2,28-07-2023 21:49,C003626,66,Male,India,SR011,0,4267.8
INV192886,P0004,Product 4,Automotive,5,876.75,"Nov 23, 2023 02:41 PM",C002611,105,Male,Austalia,SR013,,4383.75
INV106698,P0059,Product 59,home decor,3,709.72,31-03-2023 16:14,C004542,37,Male,USA,SR008,0,2129.16
INV126565,P0034,Product 34,Toys,6,6.84,45229,C004457,69,Male,Germany,SR001,0,41.04
INV170571,P0123,Product 123,Fashon,8,382.54,01-04-2023 09:14,C001386,52,Male,Untied States,SR019,0,3060.32
INV114964,P0129,Product 129,home decor,9,728.68,14-03-2023 05:00,C000333,66,Female,Canad,SR004,0,6558.12
INV133518,P0002,Product 2,beauty ,6,89.47,"Jun 05, 2023 12:06 AM",C000660,39,Male,Canad,SR015,0,536.82
INV139648,P0152,Product 152,Toyz,1,425.1,24-05-2023 13:08,C004726,36,Female,Canad,SR018,0,425.1
INV152806,P0101,Product 101,SPORTS,8,576.58,45016,,26,Male,Australia,SR012,0,4612.64
INV110962,P0147,Product 147,Home Decor,9,8.67,28-04-2023 04:45,C001131,27,Female,USA,SR004,0,78.03
INV146194,P0163,Product 163,Toyz,9,418.19,14-11-2023 11:13,C002233,52,Female,Austalia,SR009,0,3763.71
INV171486,P0147,Product 147,Home Decor,9,111.96,20-05-2023 02:14,C002125,53,Female,Germny,SR004,0,1007.64
INV117088,P0197,Product 197,Beauty,6,762.34,17-11-2023 16:25,C004913,27,Male,USA,SR014,0,4574.04
INV174758,P0124,Product 124,Fashon ,4,448.35,13-06-2023 11:14,C000073,47,Female,Uk,SR002,0,1793.4
INV180983,P0076,Product 76,Electronics,2,925.23,25-08-2023 15:27,,67,Male,Austalia,SR015,0,"$1,850.46 USD"
INV142910,P0033,Product 33,BEAUTY ,7,795.34,17-02-2023 06:03,C001025,24,Male,USA,SR012,0,5567.38
INV120236,P0071,Product 71,electronisc,1,751.32,45061,,47,Female,Germany,SR011,0,751.32
INV163517,P0096,Product 96,beauty ,5,351.76,23-02-2023 16:02,C003088,5,Female,Untied States,SR019,0,1758.8
INV152198,P0057,Product 57,Automotive,7,$121.20,26-12-2023 22:25,C001456 ,40,Male,Germny,SR003,0,848.4
INV178825,P0025,Product 25,Beauty,-3,619.7,45178,4227,21,Female,UK,SR008,1,-1859.1
INV156453,P0136,Product 136,Beauty,6,313.85,26-04-2023 16:38,C003106,20,Female,Untied States,SR017,0,1883.1
INV181313,P0177,Product 177,Home Decor,8,268.46,09-10-2023 03:17,C002088,46,Male,France,SR007,0,2147.68
INV136389,P0081,Product 81,Toys,4,356.2,25-05-2023 21:16,C000099,63,Female,Australia,SR016,0,1424.8
INV195402,P0147,Product 147,Home Decor,5,179.73,27-07-2023 06:23,C003713,61,Female,Canad,SR018,0,898.65
INV170954,P0088,Product 88,Beauty,2,982,26-04-2023 22:31,C004477,18,,Germany,SR006,0,1964
INV126262,P0094,Product 94,Home Decor,2,973.89,23-11-2023 23:30,C002751,64,Male,Germny,SR019,0,1947.78
INV142392,P0121,Product 121,home decor,8,719.2,23-08-2023 20:15,2019,27,Female,Canada,SR001,0,5753.6
INV146287,P0091,Product 91,Automotive,7,103.79,29-09-2023 07:19,C001175,34,Female,Untied States,SR001,0,726.53
INV152482,P0172,Product 172,Health,1,553.91,31-05-2023 20:11,C004864,26,Male,U S A,SR012,N,553.91
INV134797,P0061,Product 61,home decor,4,820.49,"Aug 05, 2023 02:01 AM",C003580,28,Female,India,SR019,0,3281.96
INV100588,P0179,Product 179,HEALTH,8,457.08,16-05-2023 11:06,C004375,52,Female,U S A,SR003,0,3656.64
INV148416,P0043,Product 43,Sports,7,464.76,45035,C003622,23,Female,Uk,SR003,0,3253.32
INV190172,P0079,Product 79,Toys,2,723.03,15-06-2023 12:02,C001122,21,Female,Untied States,SR004,0,1446.06
INV162550,P0071,Product 71,electronisc,4 units,460.15,16-04-2023 09:00,C000134 ,31,Male,Untied States,SR013,0,1840.6
INV181415,P0001,Product 1,Toys,9,315.58,23-11-2023 03:07,,58,Male,Australia,SR016,0,2840.22
INV162521,P0099,Product 99,Electronics,5,631.59,45210,C000550,49,Male,India,SR012,0,3157.95
INV182853,P0164,Product 164 ***,Grocery,5 units,643.21,"Jan 23, 2023 01:40 AM",C000143,40,Female,Germny,SR001,0,3216.05
INV134516,P0199,Product 199,Health,9,345.8,"May 19, 2023 08:07 AM",C002780,69,Male,Untied States,SR015,0,3112.2
INV173108,P0003,Product 3,electronisc,5,370.46,03-10-2023 05:00,C002494,50,Female,Australia,SR004,0,1852.3
INV177564,P0179,Product 179,Health,2,139.07,06-09-2023 00:39,C002217,67,Male,Canada,SR003,0,278.14
INV118156,P0041,,SPORTS,8,7.36,44931,C003325,61,Female,France,SR002,0,58.88
INV194464,P0035,Product 35,Fashon,3,281.11,29-10-2023 02:47,C000266,57,Male,India,SR002,0,843.33
INV182381,P0006,Product 6,electronisc,9,998.76,13-06-2023 00:53,C000874,50,Female,Untied States,SR016,0,8988.84
INV178651,P0034,Product 34,Toys ,1,240.94,21-11-2023 10:30,C003801,22,Female,Frnace,SR008,0,240.94
INV105569,P0141,Product 141,Health,5,986.63,03-07-2023 05:06,C001171,49,Male,Uk,SR002,0,4933.15
INV142496,P0087,Product 87,GROCERY,1,936.01,08-11-2023 00:26,C003163,,Female,Germny,SR010,0,936.01
INV134117,P0108,Product 108,Toys,2,401.7,01-04-2023 07:07,C001235,46,Female,India,SR017,0,803.4
INV149426,P0049,Product 49,Fashion,-4,887.29,"May 01, 2023 11:38 AM",C003174,29,Female,Austalia,SR003,1,-3549.16
INV166427,P0192,Product 192,Fashion,6,512.58,17-12-2023 12:02,388,54,Male,Austalia,SR019,0,3075.48
INV155135,P0145,Product 145,Toys,7 units,416.9,01-04-2023 04:22,C003446 ,62,Female,Canad,SR001,0,"$2,918.30 USD"
INV199942,P0177,,Home Decor,4,158.53,25-10-2023 21:18,C002148,38,Fem,Frnace,SR018,0,634.12
INV116792,P0096,Product 96,beauty ,5,465.83,45150,C003443,,Male,USA,SR016,0,2329.15
INV138559,P0178,Product 178,Toys,7,705.84,31-12-2023 07:46,C002766,51,Female,Austalia,SR019,0,4940.88
INV133557,P0122,Product 122,Beauty,4,597.88,23-02-2023 08:54,4382,57,Male,India,SR016,0,2391.52
INV127128,P0107,Product 107,home decor,1,222.73,03-01-2023 19:43,C002699,58,M,France,SR008,0,222.73
INV182814,P0056,Product 56,SPORTS,7 units,685.32,29-11-2023 19:31,C004402,27,Female,Germany,SR014,0,4797.24
INV192711,P0055,Product 55,Automotive,6,795.49,05-03-2023 21:05,C003602,62,MALE,U S A,SR008,0,4772.94
INV112419,P0161,Product 161,Sports,6,711.02,08-10-2023 23:00,C000683,62,Male,Germny,SR002,0,4266.12
INV140192,P0134,Product 134,Automotive,7 units,381.78,24-08-2023 15:49,C001856,21,Fem,U S A,SR016,0,2672.46
INV162710,P0028,Product 28,Toys,1,330.55,30-08-2023 04:49,C004300,52,M,Australia,SR012,0,330.55
INV107185,P0149,Product 149,Beauty,9,339.85,18-10-2023 20:03,C001386,52,Male,Germny,SR015,0,3058.65
INV190413,P0167,Product 167,Grocery,1,474.57 USD,"Jun 10, 2023 11:08 PM",C001772,55,Male,Germny,SR011,0,474.57
INV143409,P0088,Product 88,Beauty,7,488,28-11-2023 11:57,C004129,39,Female,Inda,SR008,0,3416
INV159917,P0132,Product 132 (,Toys,2,750.31,45138,,,Male,Uk,SR013,0,1500.62
INV149451,P0066,Product 66,Toys,7 units,269.88,12-03-2023 12:34,C002698,29,Male,Frnace,SR006,,1889.16
INV198356,P0010,Product 10,Home Decor,9,162.83,18-04-2023 12:48,C003267,63,Male,Austalia,SR003,0,1465.47
INV132139,P0101,Product 101,SPORTS ,2 units,77.94,06-07-2023 05:36,C003427,68,Female,UK,SR009,0,155.88
INV144346,P0102,Product 102,Toys,8,886.5,01-01-2023 18:06,C002983,41,Female,Inda,SR013,0,7092
INV114475,P0043,Product 43,Sports,2,302.11,30-04-2023 08:52,C003922,36,Female,Canada,SR009,Y,604.22
INV157449,P0151,Product 151,Toyz,2,289.94,24-11-2023 11:12,C002067,23,Female,France,SR007,0,579.88
INV103492,P0190,Product 190,GROCERY,9,514.28,17-10-2023 18:10,C000243 ,21,Male,Canad,SR003,0,4628.52
INV163887,P0189,Product 189,GROCERY,4,775.17,22-10-2023 18:20,C004500,20,Female,Inda,SR002,0,3100.68
INV172932,P0090,Product 90,Fashon,5,687.72,08-03-2023 02:27,C001553,27,Female,Uk,SR005,0,3438.6
INV186023,P0189,Product 189,GROCERY,4,488.22,03-05-2023 17:34,C000442 ,53,Female,Uk,SR020,,1952.88
INV135185,P0148,,Toyz,2,9.53,05-01-2023 12:19,C000325,34,Female,Uk,SR005,N,19.06
INV141977,P0069,Product 69,Fashon,6,214.93,27-10-2023 15:51,C003174,29,Female,Inda,SR014,0,1289.58
INV132222,P0097,,SPORTS,9,$708.98,45113,C001970,52,Male,Canada,SR018,0,6380.82
INV17553,P0046,Product 46,Books,5,843.09,"Mar 19, 2023 01:45 AM",C003588,69,Female,UK,SR009,0,4215.45
INV157281,P0137,Product 137,ELECTRONICS,3,311.4,27-07-2023 14:15,,22,Female,Frnace,SR019,0,934.2
INV163465,P0068,Product 68  - damaged,Electronics,8,939.81,44990,C000622 ,33,Female,USA,SR013,0,7518.48
INV104948,P0061,Product 61,home decor,9,426.04,23-06-2023 14:47,C004039,39,Female,Austalia,SR001,0,3834.36
INV162318,P0084,Product 84,Fashon,2,133.62,19-08-2023 07:16,C000204,43,Male,Canada,SR017,0,267.24
INV166040,P0136,Product 136,Beauty,6,559.91,09-09-2023 21:55,C001590,45,Male,UK,SR012,0,3359.46
INV174350,P0054,Product 54,beauty ,8,165.61,08-08-2023 10:32,C001132,24,Male,India,SR006,0,1324.88
INV102646,P0075,Product 75,Home Decor,6,394.92,12-02-2023 17:17,C004431,31,Female,Germany,SR009,0,2369.52
INV131035,P0004,Product 4,Automotive,9,38.5,45091,C002358,50,Female,Germny,SR016,0,346.5
INV101054,P0119,Product 119,Fashion,-3,839.38,28-09-2023 03:06,C000655,62,Female,Germny,SR004,1,-2518.14
INV118212,P0124,Product 124,Fashon,4,960.49,10-02-2023 20:39,C003854,34,Male,Frnace,SR010,1,3841.96
INV122727,P0062,Product 62,Health,-4,562.42,01-07-2023 02:55,C000858,,Male,India,SR011,1,-2249.68
INV180364,P0082,Product 82,HEALTH,4,97.56,22-06-2023 22:32,C001917,22,Female,Germny,SR010,0,390.24
INV162496,P0151,Product 151,Toyz,6,394.46,"Nov 22, 2023 08:13 AM",C002837,63,Male,France,SR010,0,2366.76
INV142660,P0151,Product 151,Toyz,1,47.28,29-08-2023 04:10,C002822,31,Female,Frnace,SR019,0,47.28
INV136502,P0014,Product 14,Fashion,6,504.55,13-02-2023 05:15,C004440,25,Male,USA,SR004,0,3027.3
INV126788,P0054,Product 54,beauty ,5,615.48,45278,C002144,28,Female,France,SR013,0,3077.4
INV194092,P0068,Product 68,Electronics ,1,921.14,29-12-2023 05:32,C002577,67,Male,France,SR011,0,921.14
INV157424,P0142,Product 142,Toyz,1,$56.84,02-04-2023 01:51,C002520,22,,Frnace,SR007,0,56.84
INV110959,P0128,Product 128,Electronics,7 units,90.9,07-07-2023 18:13,,38,Male,Germny,SR010,0,636.3
INV155237,P0068,Product 68,Electronics,5,128.38,19-01-2023 21:36,C002979,20,Female,Austalia,SR003,0,641.9
INV101610,P0090,Product 90,Fashon,1,606.74,22-03-2023 05:05,C003879,,Female,USA,SR001,0,606.74
INV161197,P0140,Product 140,beauty ,9,223.69,28-03-2023 09:45,C003159,67,Male,UK,SR006,0,2013.21
INV148831,P0088,Product 88,Beauty,6,$692.99,18-07-2023 06:30,C001223,34,Female,Australia,SR020,0,4157.94
INV121660,P0018,Product 18,Toyz,8,918.82,18-05-2023 06:45,C001611,35,Female,Canad,SR008,0,7350.56
INV162663,P0024,Product 24,HOME DECOR,2,163.15,23-08-2023 13:11,C003001,45,Female,U S A,SR001,0,326.3
INV17997,P0148,Product 148,Toyz,8,482.72,28-09-2023 14:27,C002028,66,Male,Germny,SR009,0,3861.76
INV102760,P0184,Product 184,Electronics,2,465.28,"Nov 04, 2023 02:09 AM",C003003,58,Female,France,SR005,0,930.56
INV185162,P0184,Product 184,Electronics,1,237.29,26-10-2023 18:38,C003493,68,Male,Inda,SR008,0,237.29
INV111293,P0056,Product 56,SPORTS,5,80.44,45017,C003223,55,Male,U S A,SR002,N,402.2
INV194638,P0167,Product 167,Electronics,5,66.96,06-07-2023 01:06,C003022,51,Fem,Inda,SR009,0,334.8
INV131169,P0142,Product 142,Toyz,6,329.8,18-12-2023 05:29,C000233,53,Male,Germny,SR003,0,1978.8
INV120684,P0024,Product 24,Home Decor,2,$475.59,45257,C004432 ,65,Female,Inda,SR013,0,951.18
INV147667,P0077,Product 77,Beauty,2,866.42,02-12-2023 07:29,C004312,44,Female,Canada,SR002,Y,1732.84
INV180023,P0163,Product 163,Toyz,2,962,14-06-2023 22:59,C003949,40,Male,UK,SR001,0,1924
INV187899,P0178,Product 178,TOYS,5,918.17,17-09-2023 19:58,C001497,51,Female,Austalia,SR006,0,4590.85
INV132322,P0117,Product 117,home decor,8,224.84,45190,C004766,20,Female,France,SR018,0,1798.72
INV108492,P0055,Product 55,Automotive ,3,412.51,26-03-2023 09:33,C001021,61,Female,UK,SR013,0,1237.53
INV169604,P0133,Product 133,Grocery,9,796.77,09-03-2023 15:34,C003427,5,Female,Frnace,SR002,0,7170.93
INV169630,P0081,Product 81,Toys,1,581.27,31-10-2023 09:40,C003421,54,Female,Untied States,SR013,0,581.27
INV109508,P0113,Product 113,home decor,6,510.46,45064,C000483,,Male,Untied States,SR014,0,3062.76
INV103225,P0085,Product 85,Fashion,7,$176.74,29-11-2023 17:56,C000991,43,,Frnace,SR010,0,1237.18
INV180916,P0022,Product 22,beauty ,7,162.81,23-08-2023 23:30,C002032,42,Female,Frnace,SR016,0,1139.67
INV157833,P0031,Product 31,Health,9,365,05-06-2023 05:44,C003417,60,Male,Austalia,SR020,0,3285
INV116178,P0144,,Fashon,5 units,199.25,26-11-2023 11:49,C004417,68,Female,Canada,SR015,0,996.25
INV146801,P0141,Product 141,Health,6,$924.41,03-07-2023 12:48,C002926,38,Female,U S A,SR007,0,5546.46
INV179894,P0149,Product 149,Beauty,8,898.21,13-09-2023 01:31,C001161 ,52,Female,Canada,SR005,0,7185.68
INV191160,P0151,Product 151,Toyz,8 units,599.06,"Jul 17, 2023 09:53 PM",C001712,26,Female,Inda,SR018,0,4792.48
INV148548,P0142,Product 142,Toyz,9,427.51,18-01-2023 19:10,C001549,68,Male,Germany,SR017,0,3847.59
INV189517,P0046,Product 46,Books,9,298.58,22-12-2023 03:33,C003252,36,female,UK,SR001,0,2687.22
INV187973,P0200,Product 200,Home Decor,1,999.49,15-05-2023 06:38,C003647,20,Male,Canada,SR011,0,999.49
INV135122,P0035,Product 35,Fashon,8,169.1,28-12-2023 06:47,516,50,Female,Germny,SR016,0,1352.8
INV136959,P0012,Product 12,FASHON,7,414.87,28-02-2023 04:31,4058,55,Male,Germany,SR001,0,2904.09
INV148477,P0056,Product 56,SPORTS,3,373.38,13-05-2023 17:21,C000636,36,Female,Austalia,SR018,0,1120.14
INV193897,P0171,Product 171,Electronics,4,761.47,45291,C003372,51,Female,Inda,SR004,0,3045.88
INV150658,P0043,Product 43,Sports,1,168.52,23-12-2023 19:07,C001183 ,26,Female,Uk,SR003,0,168.52
INV152817,P0123,,Fashon,5,134.59,09-01-2023 17:30,440,28,Female,U S A,SR004,0,672.95
INV130491,P0193,Product 193,Electronics,6,385.73,27-11-2023 11:42,C002791,28,Female,Frnace,SR017,0,2314.38
INV169480,P0198,Product 198,Health,4,853.46,29-07-2023 23:38,C003381,42,Female,Untied States,SR009,0,3413.84
INV162259,P0103,Product 103,Health,6,784.55,14-01-2023 11:34,C002741 ,20,Male,France,SR020,0,4707.3
INV194170,P0131,Product 131,Home Decor,4,563.98,10-07-2023 13:23,C000566,9,Female,Germany,SR013,0,2255.92
INV160947,P0111,Product 111,Beauty,7,691.65,22-01-2023 09:59,C004702,63,Female,UK,SR020,0,4841.55
INV151274,P0072,Product 72,Toyz,8,498.73,03-03-2023 07:28,C004295,20,Male,USA,SR018,0,3989.84
INV140891,P0009,Product 9,Automotive,3,603.93,13-08-2023 18:45,2867,64,Male,USA,SR003,0,1811.79
INV163533,P0045,Product 45  - damaged,Grocery,8,145.57,24-11-2023 18:19,C000302 ,26,Female,Australia,SR016,0,1164.56
INV159780,P0157,Product 157,Electronics,5,974.11,22-05-2023 06:40,C002146,32,Female,Germany,SR015,0,4870.55
INV146103,P0103,Product 103,Health,7 units,109.08,11-07-2023 16:51,3341,29,Female,India,SR019,0,763.56
INV111814,P0165,Product 165,Beauty,7,39.62,08-03-2023 03:04,C004463,66,Female,Frnace,SR017,0,277.34
INV128127,P0012,Product 12,FASHON,6,414.08,28-07-2023 03:39,C000444,36,Male,USA,SR004,0,2484.48
INV153741,P0159,Product 159,FASHON,6,636.68,44928,C003839,43,Female,Uk,SR013,0,3820.08
INV157483,P0187,Product 187,HOME DECOR,8,139.35,16-01-2023 14:16,C000483,30,Male,Germany,SR004,0,1114.8
INV108273,P0029,Product 29,Sports,4,885.39,23-11-2023 21:38,C003346,58,Female,Uk,SR018,0,3541.56
INV127628,P0114,Product 114,beauty ,8,606.31,45119,C002326,33,Male,Germany,SR013,0,4850.48
INV109030,P0024,Product 24,Home Decor,5,84.22,25-02-2023 08:22,C001476 ,21,Female,Canada,SR002,0,421.1
INV157854,P0164,Product 164,Grocery,5 units,254.82,29-10-2023 12:10,C000586,44,Male,India,SR005,0,1274.1
INV156637,P0031,Product 31,Health,6 units,801.18,14-04-2023 02:35,C000195,62,Male,France,SR010,0,4807.08
INV182437,P0063,Product 63,beauty ,1,$316.94,25-03-2023 12:06,,23,Female,Frnace,SR005,0,316.94
INV105594,P0152,Product 152,Toyz,6,973.23,45202,C004054,60,Female,U S A,SR001,0,5839.38
INV175826,P0016,Product 16,Fashon,3,295.59,45218,C001577,51,Male,Germany,SR017,0,886.77
INV120042,P0023,Product 23,Fashon,9 units,700.18,31-03-2023 03:04,C002086,38,Male,Untied States,SR015,0,6301.62
INV168974,P0013,Product 13,Grocery ,6,617.71,"Nov 10, 2023 01:46 PM",1012,55,Male,Germany,SR017,0,3706.26
INV194549,P0045,Product 45,Grocery,5,42.39,05-09-2023 10:15,C001931,27,F,India,SR008,0,211.95
INV133164,P0192,Product 192,Fashion,-3,792.65,26-05-2023 04:21,C004520,46,Male,USA,SR017,1,-2377.95
INV146396,P0055,Product 55,Automotive,3,238.57,14-03-2023 07:15,C001841,27,Female,U S A,SR011,0,715.71
INV158057,P0005,Product 5,Toys,6,824.45,19-03-2023 12:44,4696,36,Male,Canad,SR008,0,4946.7
INV111417,P0099,Product 99,Electronics,9,387.11,45075,701,54,Male,Untied States,SR004,0,3483.99
INV174395,P0123,Product 123,Fashon,1,312.14,19-05-2023 06:14,C003548,61,Male,Canada,SR011,0,312.14
INV131798,P0053,Product 53,GROCERY,7 units,703.54,12-12-2023 12:38,,26,Female,Canad,SR008,0,4924.78
INV196569,P0191,Product 191,Toyz,9,293.05,15-08-2023 18:50,C000243,21,Male,Frnace,SR010,0,2637.45
INV199834,P0187,Product 187,Home Decor,7,324.5,17-02-2023 03:56,,66,Female,Germany,SR002,0,2271.5
INV180080,P0011,Product 11,Fashion,5,114.29,12-09-2023 17:34,C004857,66,Female,Untied States,SR010,Y,571.45
INV160311,P0128,Product 128,Electronics ,1,87.15,01-01-2023 23:26,C002809,57,Female,India,SR005,0,87.15
INV107343,P0035,Product 35,Fashon,5,913.57,18-03-2023 00:15,C000333,66,Female,Uk,SR001,0,4567.85
INV178385,P0103,Product 103,Health,6,79.52,10-05-2023 12:03,2754,33,Male,Inda,SR005,0,477.12
INV155600,P0040,Product 40,Toyz,6,304.69,24-06-2023 02:44,C002663 ,30,Female,Austalia,SR020,0,1828.14
INV149358,P0023,Product 23,Fashon ,2,494.85,06-07-2023 03:41,C002979,,Female,Untied States,SR014,0,989.7
INV151134,P0052,Product 52,SPORTS,7,643.62,22-02-2023 00:37,C003948,64,Male,Austalia,SR017,0,4505.34
INV154800,P0014,Product 14,Fashion,9,538.92,06-12-2023 23:22,C001192,40,Female,USA,SR010,0,4850.28
INV191509,P0194,Product 194,GROCERY,7,269.44,28-07-2023 10:51,C002170,66,Male,India,SR010,0,1886.08
INV132516,P0061,Product 61,home decor,7,820.84,08-09-2023 01:53,C001934,29,Female,Canad,SR007,0,5745.88
INV180007,P0010,Product 10,Home Decor,8 units,938.91,45086,C002381,43,MALE,Frnace,SR005,0,7511.28
INV198996,P0001,Product 1,TOYS,5,637.72,12-07-2023 03:07,,57,Female,Untied States,SR015,0,3188.6
INV12645,P0099,Product 99,Electronics,6,94.55,12-12-2023 10:46,C003761,67,Male,U S A,SR018,0,567.3
INV166624,P0057,Product 57,Automotive,9,668.45,23-12-2023 09:27,C003228,69,Female,India,SR019,0,6016.05
INV117630,P0092,Product 92,Home Decor,6,611.44,23-09-2023 00:48,,30,Male,Untied States,SR009,0,3668.64
INV174505,P0094,Product 94  - damaged,Electronics,4,823.55,29-08-2023 22:26,C001733 ,62,M,Germny,SR014,0,3294.2
INV138463,P0140,Product 140,beauty ,5 units,294.06,07-03-2023 05:53,C002525,32,Male,Untied States,SR008,0,1470.3
INV137815,P0103,Product 103,Health,8,41.3,23-03-2023 00:00,C001941,60,Female,Germny,SR005,0,330.4
INV124373,P0153,Product 153,Fashion,3,255.44,25-12-2023 16:30,C004990,61,Female,Germany,SR002,0,766.32
INV155730,P0057,Product 57,Automotive,7,937.36,14-04-2023 09:06,C004834,36,Male,France,SR019,0,6561.52
INV159159,P0108,Product 108,Toys,9,511.93,06-05-2023 22:39,C002061,51,Female,France,SR012,0,4607.37
INV163057,P0053,Product 53,GROCERY,1,23.23,09-07-2023 18:17,C003242,44,Male,Canada,SR016,0,23.23
INV172407,P0075,Product 75,Home Decor,3,6.55,45146,C003548,61,Male,UK,SR001,0,19.65
INV134566,P0002,Product 2,beauty ,4,965.35,45087,,33,Female,France,SR004,0,3861.4
INV120865,P0188,Product 188,TOYS,9,69.13,04-03-2023 11:08,,60,Female,Inda,SR005,0,622.17
INV119919,P0139,Product 139,Fashon,8,995.3,05-09-2023 19:09,C002824,41,Male,USA,SR013,0,7962.4
INV164061,P0077,Product 77,BEAUTY,1,37.53,05-06-2023 22:05,C000913,22,Male,Australia,SR007,0,37.53
INV151449,P0108,Product 108,Toys,2,97.97,45283,C004787,35,Male,Germany,SR017,0,195.94
INV174385,P0094,Product 94,Home Decor,4,597.72,05-09-2023 00:55,C003997,26,Male,Uk,SR014,0,2390.88
INV113602,P0095,Product 95,Beauty,1,369.01,45186,C000999,38,Female,UK,SR002,0,369.01
INV150759,P0111,Product 111,Beauty,7,910.52,03-05-2023 21:14,C000541,9,Female,Germny,SR011,0,6373.64
INV131907,P0168,Product 168,electronisc,1,56.83,24-11-2023 11:14,C004319,62,Female,Australia,SR020,0,56.83
INV126311,P0112,Product 112,Toys,9,279.3,09-04-2023 10:41,C002937,31,Male,Canada,SR002,0,2513.7
INV193104,P0020,Product 20,GROCERY,9,984.16,22-10-2023 02:44,C002921,48,Female,France,SR019,N,8857.44
INV103888,P0010,Product 10,HOME DECOR,1,943.8,03-10-2023 23:50,C004503 ,53,Fem,Canada,SR002,0,943.8
INV145113,P0090,Product 90,Fashon,8,$923.60,18-03-2023 18:16,C000027,52,Male,Uk,SR018,0,7388.8
INV138005,P0181,Product 181,Automotive,8,812.19,26-08-2023 19:30,C003897,29,Female,India,SR012,0,6497.52
INV188437,P0182,Product 182,Toys,6,230.75,10-04-2023 23:22,,36,Male,Germany,SR003,0,1384.5
INV19376,P0135,Product 135,Health,2,547.16,"Jul 13, 2023 06:49 AM",C002360,29,Female,Germny,SR002,0,1094.32
INV188074,P0038,Product 38,Home Decor,2,289.25,27-08-2023 19:21,C003956,41,Male,UK,SR006,0,578.5
INV162129,P0182,Product 182,Toys,2,435.51,09-11-2023 01:23,C002707,57,Female,Australia,SR020,0,871.02
INV187665,P0115,Product 115,electronisc,8,757.21,45208,C004581,36,Male,Frnace,SR003,0,6057.68
INV13686,P0062,Product 62,Health,2,111.32,12-04-2023 20:40,C000430,55,Female,Australia,SR007,0,222.64
INV159769,P0081,Product 81,Toys,6,978.28,25-02-2023 09:37,C000896,46,Female,France,SR005,0,5869.68
INV100875,P0197,Product 197,Beauty,6,259.93,30-04-2023 17:49,C004066,45,Female,France,SR005,0,1559.58
INV120154,P0187,Product 187,Home Decor,4,659.14,24-07-2023 05:09,C000140,5,Female,Untied States,SR001,0,2636.56
INV135736,P0036,Product 36,Automotive,4,953.17,30-03-2023 10:57,C000904,55,Female,Canad,SR004,0,3812.68
INV156143,P0106,Product 106,BOOKS,6,771.12,06-12-2023 15:00,C003899,32,Male,Canad,SR013,0,4626.72
INV151312,P0093,Product 93,Electronics,4 units,62.4,28-11-2023 01:10,C000404,48,Female,UK,SR005,0,249.6
INV180090,P0083,Product 83,Automotive,1,396.34,31-12-2023 19:49,C004729,60,Male,UK,SR019,0,396.34
INV114813,P0173,Product 173,Grocery,6,8.26,04-10-2023 06:11,C004884,64,Male,Canad,SR001,0,49.56
INV134398,P0176,Product 176,Sports,2,958.21,45245,C000822,28,Male,Uk,SR003,0,1916.42
INV195208,P0090,Product 90,Fashon,9,248.01,11-10-2023 08:23,C001215,44,Female,Inda,SR020,0,2232.09
INV147911,P0035,Product 35,FASHON,1,296.23,17-03-2023 17:24,C000028,105,,USA,SR008,0,296.23
INV197728,P0171,Product 171,ELECTRONICS,3,974.78,06-12-2023 07:05,C000277,67,M,Inda,SR019,0,2924.34
INV142901,P0132,Product 132,Toys,1,$808.10,17-05-2023 07:15,C001098,46,,Germny,SR003,0,808.1
INV142437,P0010,Product 10,Home Decor,3,750.29,04-10-2023 11:39,C000169,52,Female,Austalia,SR009,0,2250.87
INV129081,P0076,Product 76,Electronics,9,927.31,45062,C001023,41,Male,Inda,SR004,0,8345.79
INV118171,P0014,Product 14,Fashion,6,983.37,17-06-2023 05:38,C002954,38,Female,Frnace,SR011,0,5900.22
INV136712,P0160,Product 160,Grocery,5,836.54,17-03-2023 00:50,C004183,35,female,Inda,SR004,0,4182.7
INV119964,P0174,Product 174,GROCERY,2,454.54,14-12-2023 08:45,C004557,36,Female,Inda,SR005,0,909.08
INV141966,P0116,,Sports,6,282.97,45200,C001096,67,Male,U S A,SR011,0,1697.82
INV142122,P0067,Product 67,Health,8 units,779.32,10-04-2023 17:57,C004161,67,Male,Germany,SR007,0,"$6,234.56 USD"
INV138760,P0095,Product 95,Beauty,8,$553.20,07-04-2023 13:49,C000780,68,Female,Austalia,SR013,0,4425.6
INV152006,P0090,Product 90,FASHON,1,$203.77,23-08-2023 17:46,C004051,69,Male,Austalia,SR011,0,203.77
INV166940,P0096,Product 96,beauty ,9,602.35,45153,C001556,47,Female,Canad,SR014,0,5421.15
INV185649,P0134,Product 134,Automotive,5,967.89,45222,C003270,59,,U S A,SR013,0,4839.45
INV114699,P0006,Product 6,electronisc,3,676.95,08-05-2023 15:30,C004168,58,Male,Austalia,SR009,0,2030.85
INV151359,P0010,Product 10,Home Decor,4,$780.54,18-03-2023 12:36,C002508,67,Female,Germny,SR013,0,3122.16
INV188175,P0151,Product 151,TOYZ,1,8.95,45162,C004239,30,Female,Germany,SR003,0,8.95
INV136588,P0003,Product 3,electronisc,7,704.88,45048,C000131,25,Male,Germany,SR007,0,4934.16
INV103737,P0006,Product 6,electronisc,9 units,267.69,16-07-2023 00:30,C004034,30,Female,U S A,SR004,0,2409.21
INV167883,P0031,Product 31,Health,9,$84.53,05-05-2023 15:13,C002645,32,F,U S A,SR008,0,760.77
INV125555,P0159,Product 159,Fashon,1,117.08,29-05-2023 21:21,C001074,45,Male,U S A,SR011,0,117.08
INV144028,P0023,Product 23,Fashon,4,548.02,15-05-2023 10:30,C000754,26,Female,Austalia,SR008,0,2192.08
INV103199,P0071,Product 71,electronisc,7,286.7,27-02-2023 13:04,4378,,Male,Uk,SR001,0,2006.9
INV149387,P0016,Product 16,Fashon,6,$538.17,23-10-2023 19:50,C003292,31,female,Austalia,SR011,0,3229.02
INV139976,P0083,Product 83,Automotive,6,295.27,11-05-2023 01:54,,34,Female,UK,SR020,0,1771.62
INV125108,P0176,Product 176 ###,Sports,8,457.68,31-10-2023 03:56,C000420,25,Female,Frnace,SR008,0,3661.44
INV168970,P0150,Product 150,Toyz,8,202.36,06-04-2023 22:23,,43,Male,UK,SR012,0,1618.88
INV191808,P0092,,Home Decor,8,131.83,06-05-2023 13:24,C002876,43,Male,Australia,SR019,0,1054.64
INV142331,P0143,Product 143,Toyz,3,472.01,14-02-2023 12:42,C000386,22,Female,Germny,SR005,0,1416.03
INV117248,P0192,Product 192,Fashion,9,300.17,31-12-2023 18:29,C003591,18,Male,UK,SR006,0,2701.53
INV140640,P0129,Product 129,home decor,3,904.96,45259,C002250,200,Male,Uk,SR020,0,2714.88
INV126229,P0199,Product 199,Health,5,634.51,28-04-2023 22:55,C000140,51,Female,Untied States,SR011,0,3172.55
INV103835,P0076,Product 76,Electronics,2,414.56,45276,C000083,63,Female,Germny,SR013,0,829.12
INV165702,P0045,Product 45,Grocery,9,983.71,45213,C002275,63,Female,Inda,SR010,0,8853.39
INV107655,P0032,Product 32 (,Fashion,-2,$679.14,31-07-2023 19:11,C004929,25,Male,Untied States,SR005,1,-1358.28
INV193703,P0064,Product 64 (,home decor,3,87.81,15-03-2023 00:10,C002373,19,Female,Australia,SR012,0,263.43
INV163338,P0067,Product 67,Health,2,463,17-06-2023 11:09,C003786 ,57,Female,Germany,SR008,0,926
INV167494,P0035,Product 35,Fashon ,6,668.16,25-12-2023 10:22,C003187,58,Female,India,SR010,,4008.96
INV144127,P0040,Product 40,Toyz,1,954.26,20-02-2023 20:24,C000117,56,Male,Untied States,SR008,0,954.26
INV125419,P0134,Product 134,Automotive ,8,173.95,28-06-2023 06:16,C004158 ,48,Male,Untied States,SR010,,1391.6
INV177235,P0120,Product 120,Books,2,118.04,12-07-2023 21:37,C003103,33,Female,Frnace,SR011,0,236.08
INV190136,P0015,Product 15,Electronics,5,177.38,26-07-2023 23:18,C000114,26,Female,Frnace,SR007,0,886.9
INV176150,P0178,Product 178,Toys,3 units,849.64,23-12-2023 19:36,C004206,48,Female,Germany,SR007,0,2548.92
INV127501,P0103,Product 103,Health,3,407.92,28-09-2023 08:13,C003478,45,Female,Canada,SR017,0,1223.76
INV165474,P0057,Product 57,Automotive,4,47.28,09-07-2023 16:46,,54,Female,UK,SR015,0,189.12
INV181638,P0116,,Sports,3,330.17,03-09-2023 18:47,C003795,18,Female,Austalia,SR002,0,990.51
INV163956,P0036,Product 36,Automotive,3 units,516.72,25-12-2023 07:49,C002485,52,Male,Germany,SR008,0,1550.16
INV140388,P0080,,Health ,7,272.73,12-07-2023 16:10,C000034,31,Male,Germny,SR007,0,1909.11
INV135628,P0103,Product 103 (,Health,7,241.24,25-08-2023 13:54,C000099,63,Female,U S A,SR015,0,1688.68
INV119982,P0053,Product 53,GROCERY,4,881.91,21-05-2023 18:49,C000776,32,Male,Frnace,SR009,0,3527.64
INV150694,P0139,,Fashon,-4,806.74,05-03-2023 18:50,C003904,35,Female,Untied States,SR006,1,-3226.96
INV139791,P0155,Product 155,Beauty,4,757.68,01-05-2023 13:16,C002855,69,Male,U S A,SR007,0,3030.72
INV117569,P0134,Product 134,Automotive,8,551.07,11-08-2023 10:11,C001304,54,Female,Germny,SR003,0,4408.56
INV108309,P0003,Product 3,electronisc,5,313.22,07-09-2023 14:03,C000262,29,Male,UK,SR010,0,1566.1
INV111965,P0156,Product 156,Electronics,1 units,641.97,07-10-2023 15:50,3738,24,M,UK,SR011,0,641.97
INV148436,P0016,Product 16 ###,Fashon,6,647.95,11-09-2023 05:24,C000600 ,21,Male,Germny,SR003,0,3887.7
INV160074,P0168,Product 168,electronisc,5,993.31,16-03-2023 04:22,C003514 ,19,Male,Canada,SR002,,4966.55
INV140499,P0124,Product 124,Fashon,5,164.76,15-12-2023 08:05,,49,Female,Germany,SR003,0,823.8
INV169562,P0146,Product 146,Fashion,-2,676.73,12-11-2023 03:09,C002721,30,Male,Germany,SR001,1,-1353.46
INV109637,P0083,Product 83,Automotive,3,213.05,16-03-2023 08:49,C002542,53,Male,Australia,SR009,0,639.15
INV126688,P0131,Product 131,Home Decor,3,687.09,05-08-2023 15:39,C003017,19,Female,UK,SR005,0,2061.27
INV169421,P0014,Product 14,Fashion,1 units,662.46,29-03-2023 07:54,C003024,65,Female,USA,SR013,0,662.46
INV198298,P0144,Product 144,Fashon,1,110.8,14-01-2023 10:24,C002611,,Male,U S A,SR011,0,110.8
INV127456,P0088,Product 88,Beauty,8,183.84,24-08-2023 08:42,C001649,19,Male,Canada,SR014,0,1470.72
INV134765,P0007,Product 7,electronisc,2,$522.13,"Apr 02, 2023 08:42 AM",C003476,36,Male,UK,SR013,0,1044.26
INV137791,P0118,Product 118 ***,Toys,6 units,939.35,27-06-2023 13:31,C001794,29,Male,Uk,SR006,0,5636.1
INV134621,P0193,Product 193,Electronics,9,769.24,22-06-2023 14:54,C002920,61,Female,Canada,SR014,0,6923.16
INV115553,P0135,Product 135,Health,8 units,903.5,45203,C001075,66,Female,Inda,SR017,0,7228
INV147697,P0172,Product 172,Health,3,731.38,03-10-2023 00:52,C000736,69,Male,India,SR011,0,2194.14
INV174125,P0193,Product 193,Electronics,9,756.89,12-12-2023 04:06,C002827,69,Female,USA,SR016,0,6812.01
INV198863,P0177,Product 177,Home Decor,4,982.85,01-07-2023 08:34,C001745,29,Female,Germany,SR016,0,3931.4
INV141281,P0107,Product 107,home decor,5,271.93,10-04-2023 08:54,C000289,58,Male,Austalia,SR014,0,1359.65
INV195856,P0185,Product 185,electronisc,2,833.8,19-05-2023 12:40,,34,Female,Australia,SR011,0,1667.6
INV175145,P0038,Product 38  [refurbished],Home Decor,5,72.52,30-01-2023 16:01,C004853,22,Male,Frnace,SR004,0,362.6
INV137987,P0089,Product 89,Home Decor,5,533.54,03-12-2023 15:36,C003494,28,Female,Untied States,SR007,0,"$2,667.70 USD"
INV110247,P0115,Product 115,electronisc,3,884.55,29-05-2023 11:21,C003743,25,Male,Canada,SR020,0,2653.65
INV139777,P0074,Product 74,Home Decor,7,282.18,45127,C000072,45,Male,Uk,SR007,0,1975.26
INV173474,P0002,Product 2,beauty ,1 units,799.69,16-05-2023 00:34,C001082,25,Female,USA,SR018,0,799.69
INV175323,P0193,Product 193,Electronics,5,626.25,45238,C002646,67,Male,Australia,SR016,0,3131.25
INV122498,P0200,Product 200,Home Decor,4,267.83,28-02-2023 23:56,C004054,60,Female,U S A,SR018,0,1071.32
INV186477,P0123,Product 123,Fashon ,2,506.56,24-02-2023 11:18,C003301,45,Female,India,SR014,0,1013.12
INV153019,P0132,Product 132,Toys,5,569.87,"Nov 10, 2023 03:04 PM",C002738,60,Male,Canad,SR009,0,2849.35
INV192392,P0012,Product 12,Fashon ,5,721.82,45091,,49,Male,Uk,SR018,0,3609.1
INV139377,P0008,Product 8,Sports,9,450.4,05-03-2023 03:29,C001927,27,Male,USA,SR006,0,4053.6
INV166984,P0069,Product 69,Fashon,9,138.69,44931,C003040,37,Male,Austalia,SR006,0,1248.21
INV124907,P0195,Product 195 ###,Fashon,4,972.41,23-04-2023 06:11,C003864,34,Male,Canada,SR001,0,3889.64
INV190461,P0005,Product 5,Toys,2,931.1,45163,C003328,26,Female,Germany,SR013,0,1862.2
INV183411,P0128,Product 128,Electronics ,-1,653.04,44974,C002476 ,19,Male,France,SR011,1,-653.04
INV124641,P0091,Product 91,Automotive,3,336.83,25-04-2023 17:24,C001568,49,,U S A,SR016,0,1010.49
INV177020,P0177,Product 177,Home Decor,3,554.17,29-06-2023 10:58,C002277,57,Female,Canada,SR015,0,1662.51
INV107438,P0095,Product 95,Beauty,1,878.45,29-11-2023 08:08,C002438,52,Male,U S A,SR019,0,878.45
INV171161,P0095,Product 95,Beauty,5 units,977.6,06-09-2023 09:58,C004335,21,Female,France,SR004,0,4888
INV178923,P0187,Product 187,Home Decor,8,350.65,14-02-2023 01:46,C003990,54,Female,India,SR005,0,2805.2
INV161420,P0142,Product 142,Toyz,7,275.11,14-09-2023 22:58,C000863,57,Male,USA,SR017,0,1925.77
INV131037,P0087,Product 87,GROCERY,3,227.8,27-07-2023 10:39,C002213,43,Female,Germny,SR015,0,683.4
INV155862,P0012,,Fashon,8,194.96,24-04-2023 10:00,C003370,19,Male,Canad,SR016,0,1559.68
INV175317,P0107,Product 107,home decor,5,25.95,45034,C003054,44,Female,Austalia,SR002,0,129.75
INV130095,P0064,Product 64,home decor,8,821.94,25-09-2023 02:30,C003922,36,Female,Germany,SR016,0,6575.52
INV185041,P0057,Product 57,Automotive,4,435.07,07-06-2023 09:21,C004390,20,Female,Untied States,SR007,0,1740.28
INV186821,P0157,Product 157,Electronics,6,112.93,11-02-2023 11:40,C002643,105,Female,Canada,SR015,0,677.58
INV196234,P0054,Product 54,beauty ,3,508.03,27-09-2023 19:23,C000893,69,male,Germany,SR014,0,1524.09
INV196622,P0034,Product 34,Toys,9,549.24,45267,C003752,36,Male,Austalia,SR012,0,4943.16
INV113649,P0158,Product 158,FASHION,7,157.32,02-06-2023 11:36,C001574,34,Female,Germny,SR001,0,1101.24
INV147257,P0142,Product 142,Toyz,8 units,35.61,19-07-2023 08:34,C003117,49,Male,Inda,SR016,0,284.88
INV108501,P0016,Product 16,Fashon,8,275.72,22-12-2023 22:03,C004659,44,Female,India,SR020,0,2205.76
INV149203,P0121,Product 121,HOME DECOR,7,832.09,44954,C002205,32,Female,Frnace,SR017,0,5824.63
INV173854,P0146,Product 146,Fashion,2,760.15,24-09-2023 03:22,C003512,47,Female,Canada,SR011,0,1520.3
INV177243,P0069,Product 69,Fashon,1,244.82,03-12-2023 01:41,C001215,44,Female,Frnace,SR020,0,244.82
INV118883,P0093,Product 93,Electronics,9,192.26,44988,C003309,46,,U S A,SR006,0,1730.34
INV142721,P0047,Product 47,Sports,4,579.4,01-12-2023 07:26,,41,Female,Frnace,SR005,0,2317.6
INV122018,P0194,Product 194,GROCERY,6,684.53,06-08-2023 11:00,C000109,19,Male,Austalia,SR008,0,4107.18
INV168473,P0157,Product 157,Electronics ,8,605.28,27-06-2023 01:56,C000785,43,Male,U S A,SR014,0,4842.24
INV187305,P0011,Product 11,FASHION,7 units,309.27,03-01-2023 05:32,C000017,52,Female,Canada,SR014,0,2164.89
INV168735,P0182,Product 182,Toys,3,659.54,01-11-2023 17:16,C001322,34,Male,Canada,SR001,0,1978.62
INV126972,P0123,Product 123,Fashon,6,857.12,27-12-2023 04:45,C003469,19,Male,U S A,SR019,0,5142.72
INV105908,P0025,Product 25,Beauty,7 units,431.22,01-01-2023 23:31,C003963,47,Female,India,SR016,0,3018.54
INV106344,P0017,Product 17,Fashon,-4,131.63,45061,C002308,61,MALE,Canad,SR019,1,-526.52
INV175217,P0049,Product 49,Fashion,4 units,558.43,07-04-2023 09:29,C001909,56,Male,Germany,SR014,0,2233.72
INV118608,P0180,Product 180,Electronics,7,760.5,45188,C002789,51,Male,Untied States,SR001,0,5323.5
INV126146,P0149,Product 149,Beauty,4,571.06,29-11-2023 13:44,C000295,46,Female,Germany,SR014,0,2284.24
INV184649,P0018,Product 18,TOYZ,5,139.41,21-01-2023 22:30,C000753 ,41,Female,USA,SR008,0,697.05
INV127226,P0021,Product 21,beauty ,9,$24.52,45051,C001819,42,Male,Canad,SR010,0,220.68
INV159519,P0030,Product 30,SPORTS,4 units,977.9,03-01-2023 05:33,C002460,35,Fem,U S A,SR010,0,3911.6
INV146436,P0135,Product 135,Health,9,973.27,"Jan 02, 2023 05:42 AM",C000837,29,Female,Austalia,SR011,Y,"$8,759.43 USD"
INV196807,P0185,Product 185,electronisc,3,705.45,30-08-2023 23:31,C002598,54,Male,Uk,SR003,0,2116.35
INV112986,P0095,Product 95,Beauty,6 units,536.39,45011,C000957,43,Male,Uk,SR007,0,3218.34
INV145117,P0017,Product 17,Fashon,5,560.03,45262,C000915,50,Female,Austalia,SR014,0,2800.15
INV136270,P0173,Product 173,GROCERY,3,798.37,04-07-2023 14:17,C004157,64,Female,Uk,SR009,0,2395.11
INV184250,P0002,Product 2,beauty ,4,933.81,08-12-2023 18:24,C001694,69,Male,India,SR002,0,3735.24
INV124684,P0012,Product 12,FASHON,1,153.2,05-01-2023 13:12,C001233,68,Male,Canad,SR003,0,153.2
INV193451,P0144,Product 144,Fashon,9,163.64,45116,C002817,37,Female,Untied States,SR002,0,1472.76
INV149242,P0165,Product 165  [refurbished],Beauty,1,227.53,45058,,39,Male,Australia,SR014,0,227.53
INV152650,P0101,Product 101,SPORTS,8,838.46,12-01-2023 19:07,C001179,19,Female,Germny,SR009,0,6707.68
INV194768,P0180,Product 180,Electronics,1,227.83,06-05-2023 02:13,C004829,24,Male,France,SR002,0,227.83
INV195242,P0115,Product 115,electronisc,8,958.61,05-12-2023 04:09,C001502,22,Female,U S A,SR003,0,7668.88
INV113239,P0048,Product 48,Fashon,2,930.4,14-11-2023 13:59,C004943,67,Female,India,SR008,0,1860.8
INV107535,P0051,Product 51,Sports,2,697.89,16-09-2023 11:59,C004119,57,Female,Uk,SR014,0,1395.78
INV171596,P0161,Product 161,SPORTS,9,282.62,45166,C004879,9,Male,Germny,SR014,0,2543.58
INV147368,P0120,Product 120,Books,9 units,794.63,45085,C003557,50,Male,France,SR018,0,7151.67
INV100163,P0143,Product 143,Toyz,7,571.15,18-10-2023 02:43,C002022,35,Female,USA,SR014,0,3998.05
INV114035,P0167,Product 167,Grocery ,3,825.53,11-10-2023 11:35,C002179,61,Female,India,SR017,0,2476.59
INV106662,P0198,Product 198,Health,1,179.52,21-12-2023 12:54,C000748,21,Female,Frnace,SR005,0,179.52
INV184221,P0147,Product 147,Home Decor,5,793.06,06-01-2023 09:03,C004101,62,Female,Canad,SR015,,3965.3
INV193439,P0091,Product 91,Electronics,1,6.79,18-02-2023 19:15,C004468,,Female,France,SR010,0,6.79
INV176696,P0099,Product 99,Electronics,8,$249.40,30-01-2023 23:51,C000529,55,Male,Austalia,SR020,0,1995.2
INV135552,P0039,Product 39,SPORTS,6,178.99,18-12-2023 05:25,C004141,28,Male,Austalia,SR010,0,1073.94
INV152029,P0016,Product 16,Fashon,1,700.1,27-04-2023 08:34,C001937,18,Male,Inda,SR014,0,700.1
INV178341,P0026,Product 26,Toys,9,847.27,44956,C003885,30,Female,Germny,SR013,0,7625.43
INV14130,P0014,,Fashion,2,722.73,24-06-2023 07:56,C003920,18,Female,Canada,SR019,0,1445.46
INV155091,P0156,Product 156,ELECTRONICS,4,266.98,06-02-2023 11:44,C000377,24,Male,India,SR013,0,1067.92
INV171034,P0042,Product 42,Automotive,3,109.82,27-06-2023 22:02,C001239,28,Female,Canad,SR019,0,329.46
INV153264,P0126,Product 126,Toys,5,576.92,04-07-2023 16:06,C004837 ,22,Female,Frnace,SR003,,2884.6
INV143019,P0097,Product 97,SPORTS,4,336.62,14-02-2023 21:25,C003841,64,Female,Inda,SR002,0,1346.48
INV166372,P0087,Product 87,GROCERY,3,76.58,15-02-2023 11:24,C002863,23,Male,Uk,SR016,0,229.74
INV191459,P0098,Product 98,Home Decor,5,170.01,05-10-2023 16:00,C000267,27,Female,U S A,SR019,0,850.05
INV124736,P0101,Product 101,SPORTS,7,197.17,13-02-2023 14:45,C004301,66,Female,Canada,SR019,0,1380.19
INV124628,P0090,Product 90,Fashon,4,777.67,05-09-2023 15:20,C001066,36,Female,USA,SR013,0,3110.68
INV198515,P0093,Product 93,Electronics,6,816.37,16-03-2023 16:41,C004960,24,Male,Uk,SR012,0,4898.22
INV156846,P0039,Product 39,SPORTS,5,829.17,45144,C003837,19,Male,USA,SR019,0,4145.85
INV146007,P0149,Product 149,Beauty,5,181.1,45106,C001984,51,Male,UK,SR003,0,905.5
INV117275,P0195,Product 195,Fashon,2,12.51,23-11-2023 15:35,C001640,30,Female,Canad,SR004,0,25.02
INV154246,P0063,Product 63,beauty ,9,273.8,45201,C003239,68,Female,Untied States,SR001,0,2464.2
INV107446,P0165,Product 165,Beauty,3,634.03,26-05-2023 03:09,C003214,26,Male,U S A,SR003,0,1902.09
INV142579,P0166,,Fashion,2,249.5,45045,2852,66,Female,USA,SR013,0,499
INV110305,P0059,Product 59,home decor,2,641.6,23-03-2023 11:49,C003935,23,Female,USA,SR009,0,1283.2
INV166735,P0047,Product 47,Sports,2,612.89,21-01-2023 07:55,C003754,20,Female,Frnace,SR007,0,1225.78
INV119789,P0011,Product 11,Fashion,9 units,290.59,14-04-2023 16:54,C000901,44,Male,Germny,SR005,0,2615.31
INV126158,P0052,Product 52,SPORTS,4,140.65,24-11-2023 20:16,C000555,56,Female,Austalia,SR009,0,562.6
INV101769,P0080,Product 80,Health,7,742.64,12-06-2023 01:50,C002619,69,Male,India,SR013,0,5198.48
INV162769,P0067,Product 67,HEALTH,1,942.53,04-12-2023 03:04,,47,Male,Frnace,SR013,0,942.53
INV138919,P0130,Product 130,HEALTH,4,7.86,09-01-2023 07:56,C000636,36,Female,France,SR006,0,31.44
INV104217,P0009,,Beauty,9,490.78,21-05-2023 07:54,C002564,59,Male,Uk,SR003,0,4417.02
INV135745,P0156,Product 156,Electronics,5,123.87,"Feb 11, 2023 04:50 PM",C004870,39,Female,Untied States,SR010,0,619.35
INV178501,P0058,Product 58,GROCERY,3,142.02,03-05-2023 03:12,C004129,39,Female,UK,SR002,0,426.06
INV111057,P0046,Product 46,Books,6,819.25,27-02-2023 02:56,C000877,50,Male,Austalia,SR002,0,4915.5
INV119594,P0087,Product 87,GROCERY,3,212.68,16-07-2023 11:28,C001062,46,Male,Germany,SR009,0,638.04
INV105695,P0113,Product 113,home decor,6,13.12,20-08-2023 02:55,C000811,61,Female,India,SR011,0,$78.72 USD
INV165627,P0157,Product 157,Electronics,9,302.01,02-11-2023 09:20,,33,Male,Frnace,SR013,0,2718.09
INV120271,P0151,Product 151,Toyz,4,741.21,06-03-2023 14:34,C000612,60,Male,Inda,SR012,0,2964.84
INV152343,P0004,Product 4,Automotive,9,761.63,27-10-2023 07:09,C002011,22,Female,Inda,SR018,0,6854.67
INV100044,P0074,Product 74,Home Decor,8,244.39,30-06-2023 01:25,C004826,45,Male,Austalia,SR015,0,1955.12
INV138804,P0121,Product 121,home decor,4,175.95,45223,,48,Female,Germny,SR020,0,703.8
INV197265,P0030,Product 30  - damaged,SPORTS,2,559.71,20-09-2023 10:00,C001051,49,Male,Canad,SR003,N,1119.42
INV161152,P0019,Product 19,Books,9,165.63,02-12-2023 19:06,C000620,48,Male,Canada,SR013,0,1490.67
INV110490,P0178,Product 178,Toys,8,423.84,16-09-2023 19:40,C002880,27,Male,India,SR001,0,3390.72
INV156772,P0107,Product 107,home decor,6,934.03,13-02-2023 16:02,C001982,41,Male,India,SR007,0,5604.18
INV188993,P0069,Product 69,Fashon,4,332.79,12-09-2023 12:20,C004588,21,Male,Untied States,SR019,0,1331.16
INV112844,P0080,Product 80,Health,8,$523.93,06-02-2023 12:07,C002176,28,Male,Germany,SR016,0,4191.44
INV125967,P0106,Product 106,Books,3,987.08,11-04-2023 15:09,C001459,52,Female,USA,SR004,0,2961.24
INV183953,P0156,Product 156,Electronics,1,544.97,45223,C004370,45,Female,UK,SR014,0,544.97
INV198441,P0177,Product 177,Home Decor,2,$40.80,14-10-2023 08:53,C001709 ,61,Male,USA,SR016,0,81.6
INV152458,P0145,Product 145,Toys,9 units,935.31,19-12-2023 18:11,C002734,41,Female,Canada,SR001,0,8417.79
INV114301,P0130,Product 130,Health,9,486.69,12-06-2023 07:09,C002815,21,Male,USA,SR001,0,4380.21
INV186784,P0001,Product 1 (,TOYS,8,684.34,"Oct 17, 2023 07:02 PM",C002727,69,Female,Inda,SR002,0,5474.72
INV133171,P0082,Product 82,HEALTH,1,219.58,07-07-2023 01:33,C001055,68,Male,UK,SR008,0,219.58
INV166933,P0126,Product 126,Toys,4,458.65,06-02-2023 17:38,C003357,46,Female,Inda,SR020,0,"$1,834.60 USD"
INV171413,P0053,Product 53,GROCERY,8,452.11,25-06-2023 15:33,1065,57,M,Canad,SR013,0,3616.88
INV167157,P0032,Product 32,FASHION,1,716.46,45256,C003509,55,Female,Australia,SR017,0,716.46
INV19227,P0149,Product 149,Beauty,9,837.26,10-02-2023 16:02,C004345,62,Male,Canad,SR014,0,7535.34
INV131558,P0195,Product 195,Fashon,7,764.29,03-04-2023 12:22,C004664,65,Female,France,SR003,0,5350.03
INV119883,P0162,Product 162,electronisc,6,597.16,30-07-2023 16:21,C003064,,Female,Canada,SR002,0,3582.96
INV146792,P0172,Product 172,Health,9,208.9,10-01-2023 16:59,C001718,,Female,USA,SR014,0,1880.1
INV190701,P0005,Product 5,Toys,4,709.99,17-03-2023 21:48,C001084,56,Male,Canad,SR002,0,2839.96
INV115926,P0126,Product 126,Toys,8,388.71,23-02-2023 09:09,C000780,68,Female,Uk,SR018,0,3109.68
INV147128,P0138,Product 138,Books,7,988,29-09-2023 11:54,C004276,54,Female,India,SR013,0,6916
INV156269,P0147,Product 147,Home Decor,4 units,578.88,28-08-2023 11:47,C001787,23,Male,Untied States,SR002,0,2315.52
INV182751,P0045,Product 45,Grocery,4,397.41,22-04-2023 03:04,C003201,44,Male,Germany,SR011,0,1589.64
INV148598,P0027,Product 27,Health,6,55.78,45107,C000124 ,41,Male,France,SR001,0,334.68
INV176826,P0137,Product 137,Electronics,2,190.22,07-05-2023 19:41,C002135,62,Male,Germany,SR013,0,380.44
INV160520,P0068,Product 68,Electronics,2,511.11,25-08-2023 04:08,C000890,68,Female,Australia,SR011,0,1022.22
INV102938,P0156,Product 156,Electronics,6,566.55,07-07-2023 22:20,C004666,58,Male,UK,SR005,0,3399.3
INV156488,P0037,Product 37,beauty ,4,723.15,10-07-2023 06:11,,53,Male,Austalia,SR001,0,2892.6
INV151328,P0048,Product 48,Fashon,8,576.26,25-08-2023 08:22,C001476 ,200,Female,Untied States,SR017,0,"$4,610.08 USD"
INV174705,P0033,Product 33,beauty ,5,748.31,45196,C000276,68,Female,Austalia,SR011,0,3741.55
INV158715,P0116,Product 116,Sports,3,900.67,"Mar 18, 2023 03:15 AM",C001643 ,32,Female,UK,SR006,0,2702.01
INV167970,P0158,Product 158,Fashion,5,657.21,29-12-2023 02:58,C000127,53,Female,U S A,SR007,0,3286.05
INV108738,P0104,Product 104,beauty ,1,833.86,24-10-2023 20:03,C003650,49,Female,UK,SR017,0,833.86
INV138749,P0150,Product 150,Toyz ,-4,901.94,15-08-2023 18:31,C001378,59,Male,Canad,SR018,1,-3607.76
INV189643,P0056,Product 56,SPORTS,5,786.65,"Apr 21, 2023 03:11 AM",C004857 ,66,Female,Germny,SR004,0,3933.25
INV185750,P0144,Product 144,Fashon,2,809.51,20-08-2023 10:58,C002848,,Male,India,SR008,0,1619.02
INV139594,P0165,Product 165,Beauty,6,962.94,28-07-2023 02:09,C002290,66,Female,USA,SR017,0,5777.64
INV135245,P0072,Product 72,Toyz,9,$195.96,12-03-2023 12:15,C001725,47,Male,Austalia,SR013,0,1763.64
INV143180,P0031,Product 31,Health,2,517.64,45176,C002437,20,Female,Australia,SR017,0,1035.28
INV190331,P0160,Product 160,Grocery,1,354.18,"Jun 22, 2023 11:38 AM",C002880,27,Male,Austalia,SR003,0,$354.18 USD
INV138436,P0032,Product 32,FASHION,3,627.03,04-03-2023 18:15,C002166,53,Male,Germany,SR002,0,1881.09
INV116022,P0163,Product 163,Toyz,3,175.46,11-09-2023 04:49,C004244,53,Female,USA,SR003,N,526.38
INV195902,P0023,Product 23,Fashon,6,760.71,"Dec 22, 2023 05:15 PM",1721,34,male,USA,SR007,0,4564.26
INV192930,P0058,Product 58,GROCERY,3,137.46,45154,C002887 ,62,Female,India,SR005,0,412.38
INV150414,P0170,Product 170,GROCERY,4,570.03,16-05-2023 07:13,C001989,48,Male,USA,SR010,0,2280.12
INV130485,P0029,Product 29,Sports,1,542.69,22-04-2023 20:46,C003550,58,Male,UK,SR002,0,542.69
INV120266,P0144,Product 144,Fashon,4,497.95,09-10-2023 20:58,C002438,52,Male,Germany,SR009,0,1991.8
INV112666,P0089,Product 89,Home Decor,6 units,735.62,45250,C000743,39,Female,USA,SR011,0,4413.72
INV113732,P0070,Product 70,Automotive,1,358.94,44942,C004599,37,Female,Canada,SR018,0,358.94
INV108657,P0198,Product 198,Health,7,656.92,26-07-2023 14:44,C002355,9,Female,Australia,SR019,0,4598.44
INV180104,P0047,Product 47,Sports,2,668.11,29-06-2023 23:03,C002365,53,Male,Frnace,SR008,0,1336.22
INV184839,P0171,Product 171,Electronics,5,936.26,44953,C000804,50,Male,Australia,SR002,0,4681.3
INV194746,P0125,Product 125,electronisc,1,152.4,07-07-2023 11:34,C004873,59,Male,Frnace,SR004,0,152.4
INV140425,P0078,Product 78,Books,3,933.5,17-12-2023 17:04,,48,Male,U S A,SR017,0,2800.5
INV186385,P0065,Product 65,Electronics,7,124.92,"May 31, 2023 10:07 PM",C003405,105,Female,Uk,SR011,0,874.44
INV143894,P0062,Product 62,Health,4,530.88,"Jul 01, 2023 01:30 PM",C002434,33,M,Germny,SR008,0,2123.52
INV152435,P0121,Product 121,home decor,3,410.92,28-12-2023 10:14,C000305,66,Male,USA,SR008,N,1232.76
INV106197,P0079,Product 79,Toys,2,161.88,02-05-2023 15:21,C001802,28,Male,Untied States,SR016,0,323.76
INV159186,P0169,Product 169,GROCERY,1,15.85,15-02-2023 00:35,C003464,66,Male,UK,SR011,0,15.85
INV182633,P0195,Product 195,Fashon,2 units,901.27,15-03-2023 22:56,C002150,39,Male,India,SR017,0,1802.54
INV161392,P0120,Product 120,Books,1,657.22,11-02-2023 00:25,C003243,40,Male,France,SR011,0,657.22
INV177611,P0022,Product 22,beauty ,2,511.98,17-09-2023 16:18,,30,Female,Australia,SR020,0,1023.96
INV187307,P0098,Product 98,HOME DECOR,4,285.08,31-03-2023 07:12,C002441,42,Male,France,SR019,0,1140.32
INV137493,P0071,Product 71,electronisc,3,356.05,10-11-2023 19:42,4391,51,Female,UK,SR001,0,1068.15
INV163648,P0018,Product 18,Toyz,9,544.97,30-08-2023 01:30,137,40,Female,USA,SR018,0,4904.73
INV102469,P0001,Product 1,Toys,5,248.77,12-05-2023 23:56,C002849,62,Male,India,SR013,0,1243.85
INV161238,P0162,Product 162,electronisc,4,29.88,27-05-2023 16:00,C001024,42,Female,Uk,SR004,,119.52
INV174471,P0163,Product 163,Toyz,4,261,13-07-2023 17:13,C000537,34,Female,U S A,SR017,0,1044
INV170786,P0071,Product 71 ###,electronisc,3,808.56,04-03-2023 20:41,C004054,60,Female,India,SR017,0,2425.68
INV102813,P0097,Product 97,SPORTS,3,82.89,02-02-2023 15:31,C000489,52,Male,Canada,SR014,,248.67
INV173306,P0130,Product 130,Health,6,245.76,06-01-2023 04:16,C000204,43,Male,U S A,SR014,0,1474.56
INV162571,P0190,Product 190,GROCERY,9,18.07,10-10-2023 04:01,C001029,50,Male,Untied States,SR002,0,162.63
INV181498,P0036,Product 36,Automotive,4,$859.62,18-11-2023 12:49,C000303,41,Male,Frnace,SR019,0,3438.48
INV117602,P0184,Product 184,Electronics,5,16.04,24-06-2023 17:30,C004553,31,Female,Inda,SR003,0,80.2
INV112059,P0189,Product 189,GROCERY,2,916.6,22-06-2023 03:38,C002347,61,Male,Canad,SR003,0,1833.2
INV166153,P0141,Product 141,Health,7 units,710,17-08-2023 16:24,C004888,49,F,Germny,SR007,0,4970
INV157101,P0039,Product 39,SPORTS,2,589.61,16-03-2023 03:36,C001151,40,Female,France,SR012,0,1179.22
INV178128,P0176,Product 176,Sports,5,521.33,14-12-2023 21:59,C000579,51,Male,UK,SR018,0,2606.65
INV133137,P0144,Product 144,Fashon,9,962.88,44928,C003879,69,Female,Frnace,SR007,0,8665.92
INV162056,P0095,Product 95,Beauty,5,730.52,02-11-2023 23:02,C002951,37,Female,USA,SR001,0,3652.6
INV107543,P0096,Product 96,beauty ,9,75.84,12-11-2023 02:42,C004061,45,Female,Canad,SR017,0,682.56
INV123407,P0045,Product 45,Grocery,9,940.18,12-06-2023 14:29,C003789,24,Male,Australia,SR014,0,8461.62
INV153293,P0080,Product 80,Health,8,556.12,45249,C004136,43,Male,India,SR005,0,4448.96
INV133979,P0188,Product 188,TOYS,5,$675.12,18-01-2023 05:31,C000885 ,68,,Untied States,SR014,0,3375.6
INV199414,P0051,Product 51,Sports,7,473.44,28-04-2023 18:34,C002000,33,Female,Canada,SR005,0,3314.08
INV108461,P0192,Product 192,Fashion,6 units,890.02,28-11-2023 16:54,C004676,32,Male,Germny,SR019,0,5340.12
INV115759,P0110,Product 110,Sports,1,734.02,44947,C003088,38,Female,USA,SR016,0,734.02
INV128286,P0186,Product 186,Books,8,506.48 USD,05-06-2023 09:33,C002144,28,Female,USA,SR007,0,4051.84
INV14872,P0053,Product 53,GROCERY,5,365.44,24-10-2023 02:44,C004482,51,Male,Germany,SR019,0,1827.2
INV199497,P0088,Product 88,Beauty,5,443.06,05-04-2023 13:09,C000956,29,Female,France,SR001,0,2215.3
INV192912,P0125,Product 125,electronisc,2,203.84,01-08-2023 01:43,C004190,20,Female,Inda,SR018,0,407.68
INV176097,P0058,Product 58,GROCERY,4,200.92,16-06-2023 20:59,C002623,68,Male,USA,SR011,0,803.68
INV191425,P0067,Product 67,Health,8,163.12,24-10-2023 11:19,C000642,39,Female,France,SR012,0,1304.96
INV170651,P0073,Product 73,Automotive,-2,496.97,44933,C004420,58,Male,Canada,SR005,1,-993.94
INV194688,P0004,Product 4,Automotive,9,$528.13,"Sep 14, 2023 11:23 AM",C003078,68,Female,Australia,SR020,0,4753.17
INV174689,P0166,Product 166,Fashion,7,170.66,15-07-2023 11:41,C004530,33,Female,Austalia,SR001,0,1194.62
INV154843,P0034,Product 34,Toys,3,239.72,26-11-2023 00:41,4820,38,Male,Canad,SR006,0,719.16
INV119370,P0165,Product 165,Beauty,9,343.41,13-09-2023 01:32,C000820,34,Male,Germany,SR015,0,3090.69
INV141695,P0094,Product 94,Home Decor,6,831.94,14-02-2023 20:43,C003856,47,Male,Austalia,SR008,0,4991.64
INV167810,P0101,Product 101,SPORTS,7,949.52 USD,18-12-2023 21:12,C003426,38,Female,Germny,SR015,0,6646.64
INV150156,P0004,Product 4,Automotive ,4,$350.66,29-01-2023 12:35,C002871,105,Male,UK,SR008,0,1402.64
INV186816,P0049,Product 49,Fashion,8,837.48,27-09-2023 18:08,C000890,68,Female,Untied States,SR019,0,6699.84
INV133915,P0117,Product 117,HOME DECOR,8,235.12,26-10-2023 18:09,C001591,32,Female,Australia,SR010,0,1880.96
INV161348,P0128,Product 128,Electronics,4,920.85,45024,C003941,40,Female,Australia,SR008,0,3683.4
INV158735,P0146,Product 146,Fashion,4,344.2,10-12-2023 06:36,C004403,57,Male,Untied States,SR009,0,1376.8
INV173834,P0045,Product 45,Grocery,9,61.61,13-12-2023 08:35,C003477,64,Male,Australia,SR019,0,554.49
INV142102,P0193,Product 193,Electronics,7,143.66,05-10-2023 23:32,C000308,53,Male,USA,SR004,0,1005.62
INV119165,P0137,Product 137,ELECTRONICS,5,534.56,08-12-2023 00:08,C000073,47,Female,UK,SR012,0,2672.8
INV131933,P0153,Product 153,Fashion,6,118.64,11-04-2023 07:54,493,22,Female,Germny,SR007,0,711.84
INV140291,P0119,Product 119,Electronics,4 units,$103.17,"Apr 01, 2023 09:07 PM",C002091,66,Female,France,SR008,0,412.68
INV102951,P0138,Product 138,Books,7,505.83,24-11-2023 01:05,C000251,44,Male,Australia,SR009,0,3540.81
INV151531,P0161,Product 161,Sports,9,808.01,19-05-2023 11:06,C000121,52,Female,Australia,SR018,0,7272.09
INV196413,P0176,Product 176,Sports,4,443.91,09-09-2023 03:59,C004619,58,Male,Untied States,SR011,0,1775.64
INV179421,P0037,Product 37,beauty ,3,243.62,21-11-2023 13:08,C003858,38,Male,Frnace,SR008,0,730.86
INV118391,P0124,Product 124,Fashon,1,314.45,14-06-2023 00:11,C004814,31,Female,Untied States,SR007,0,314.45
INV170933,P0002,Product 2,beauty ,6 units,976.98,20-08-2023 12:32,C001873,23,Female,Australia,SR019,0,5861.88
INV148116,P0028,Product 28,Toys,1,116.82,45254,C001151,40,Female,Germny,SR018,0,116.82
INV189936,P0024,Product 24,Home Decor,8,925.79,45240,C002444,105,Male,Austalia,SR010,0,7406.32
INV193732,P0055,Product 55,Automotive,9,363.62,31-03-2023 11:11,C000512,39,Female,Canad,SR015,0,3272.58
INV157402,P0022,Product 22,beauty ,5,654.55,02-01-2023 00:47,C001621,,Female,Germany,SR019,0,"$3,272.75 USD"
INV164698,P0126,Product 126,Toys ,2,463.06,31-01-2023 16:07,C000423,18,Male,Canada,SR014,0,926.12
INV174423,P0140,Product 140,beauty ,5,$628.16,44927,C001274,42,Female,France,SR001,0,3140.8
INV150342,P0050,Product 50 ***,Books,2,60.04,04-12-2023 22:45,C002028,66,Male,India,SR017,0,120.08
INV143001,P0169,Product 169,GROCERY,4,173.17 USD,"Mar 22, 2023 11:32 PM",C000481,50,Female,Uk,SR019,0,692.68
INV180814,P0160,Product 160,Grocery,5,13.41,12-06-2023 04:02,C004858,59,MALE,Germny,SR011,0,67.05
INV181359,P0010,Product 10,Home Decor,3,649.15,02-04-2023 01:36,C000428,42,Male,Uk,SR015,0,1947.45
INV176322,P0144,Product 144,Fashon,5,105.47,27-11-2023 13:15,C002568,34,Male,Canad,SR011,0,527.35
INV119410,P0132,Product 132,Toys,6,861.05,24-01-2023 06:21,3950,38,Female,India,SR005,0,5166.3
INV188676,P0099,Product 99,Electronics,2,676.09,23-04-2023 12:31,C003267,63,Male,U S A,SR001,0,1352.18
INV133789,P0173,Product 173,Grocery,2 units,125.48,12-05-2023 07:29,1129,35,Male,Uk,SR004,0,250.96
INV170047,P0028,Product 28,Toys,2,42.34,31-12-2023 19:45,C001933,27,Male,Australia,SR016,0,84.68
INV162272,P0199,Product 199,Health,4,451.62,01-12-2023 23:53,C002131 ,63,Male,Canada,SR007,0,1806.48
INV129628,P0114,Product 114,beauty ,5,123.16,23-08-2023 22:49,C004453,39,Female,Uk,SR018,0,615.8
INV189616,P0010,Product 10,Home Decor,3,123.44,30-06-2023 21:36,C004187,30,Male,USA,SR011,,370.32
INV148184,P0126,Product 126,Toys,7,813.07,45245,C000383,67,Female,Canad,SR006,0,5691.49
INV166391,P0089,Product 89,Home Decor ,4,388.32,20-08-2023 11:46,C000895,64,Male,France,SR010,0,1553.28
INV101959,P0113,Product 113,home decor,3,261.27,44953,C003435,28,Female,Canada,SR016,0,783.81
INV100077,P0145,Product 145,Toys,8,610.18,26-06-2023 02:27,C001177,26,Female,India,SR019,0,4881.44
INV109259,P0113,Product 113,home decor,9,$912.94,13-05-2023 22:39,C001629,68,Male,Canad,SR003,0,8216.46
INV176083,P0104,Product 104,beauty ,9,840.7,45234,C003074,67,Male,Germany,SR002,0,7566.3
INV121323,P0048,Product 48,Fashon,9,656.12,30-05-2023 15:18,C004022,18,Male,France,SR014,0,5905.08
INV186500,P0153,Product 153,Fashion,9,513.04,15-04-2023 07:40,C000801,30,Female,Austalia,SR018,0,4617.36
INV17615,P0188,Product 188,Toys ,-2,913.8,03-07-2023 02:28,C001467,41,Female,Germny,SR016,1,-1827.6
INV153116,P0151,Product 151,Toyz,2,663.65,45011,C002803 ,41,Female,Canad,SR003,0,1327.3
INV175238,P0181,Product 181,Automotive,9,832.33,12-04-2023 15:24,C000287,51,Male,France,SR008,0,7490.97
INV196260,P0062,Product 62,HEALTH,2,25.34,08-04-2023 04:54,C002818,34,Male,Canada,SR005,0,50.68
INV157668,P0006,Product 6,electronisc ,1,976.72,24-06-2023 02:39,C000926,25,Male,Germny,SR013,0,976.72
INV136850,P0066,Product 66,Toys,4,263.94,12-10-2023 11:35,C000969,65,Male,U S A,SR020,0,1055.76
INV135998,P0097,Product 97,SPORTS,7,267.78,"Oct 10, 2023 04:27 AM",C002656,27,Male,USA,SR014,0,1874.46
INV180840,P0197,Product 197,Beauty,5,34.46,15-09-2023 21:38,C001637,21,Male,Canad,SR017,0,172.3
INV174189,P0006,Product 6,electronisc,7,580.85,45193,C001628,49,F,Untied States,SR012,0,4065.95
INV188005,P0141,Product 141,Health,7,831.41,15-12-2023 16:39,C000928,46,Female,Inda,SR004,0,5819.87
INV184935,P0131,Product 131,Home Decor,5,122.73,28-12-2023 15:51,2667,49,Male,Canad,SR005,0,613.65
INV199748,P0151,Product 151,Toyz,9,84.58,27-11-2023 08:59,C001385,49,Male,Untied States,SR006,0,761.22
INV112212,P0169,Product 169,GROCERY,2,271.34,10-08-2023 17:02,C004399,58,Female,Canad,SR014,0,542.68
INV193450,P0199,Product 199,HEALTH,5,$117.47,30-12-2023 08:04,C004438,38,Male,Germny,SR010,0,587.35
INV135884,P0022,Product 22,beauty ,2,930.05,16-12-2023 17:26,C000914,27,Male,Germany,SR002,0,1860.1
INV155665,P0108,Product 108,Toys,9,839.25,31-01-2023 02:56,C002827,69,Female,U S A,SR019,0,7553.25
INV178736,P0087,Product 87,GROCERY,9,166.72,45025,3159,67,Male,USA,SR004,0,1500.48
INV127881,P0096,Product 96,beauty ,6,572.25,28-02-2023 09:29,C003605,44,Male,Austalia,SR004,0,3433.5
INV154277,P0176,Product 176,Sports,4,303.1,28-06-2023 15:29,C003352,,Male,Canad,SR012,,1212.4
INV112136,P0063,Product 63,beauty ,2,998.1,03-10-2023 02:00,C001571,44,Male,UK,SR008,0,1996.2
INV165243,P0124,Product 124,Fashon,8,172.91,10-09-2023 04:07,C004464,18,Female,Austalia,SR006,0,1383.28
INV102849,P0027,Product 27,Health,8 units,945.69,26-04-2023 04:28,C001232,53,Female,Austalia,SR013,0,7565.52
INV153024,P0105,Product 105,Electronics,6,820.98,09-10-2023 10:57,C000537 ,34,Female,USA,SR017,0,"$4,925.88 USD"
INV19641,P0186,Product 186,Books,8 units,354.84,05-04-2023 16:32,C001599,53,Female,Inda,SR007,,2838.72
INV164120,P0082,Product 82,Health,8,532.58,09-04-2023 05:15,C002013,9,MALE,UK,SR008,0,4260.64
INV176729,P0080,Product 80,Health,2,961.26,08-04-2023 23:30,C003475,54,Male,Canad,SR015,0,1922.52
INV163743,P0053,Product 53,GROCERY,6,25.98,15-12-2023 03:44,C004024,38,Male,Germany,SR014,0,$155.88 USD
INV179630,P0113,Product 113,home decor ,6,808.22,08-05-2023 07:23,C001879 ,20,Male,Germany,SR010,0,4849.32
INV183140,P0200,Product 200,Home Decor,3,501.91,45209,C001798,45,Female,France,SR018,0,1505.73
INV182971,P0056,,Electronics,7,988.75,06-03-2023 17:54,C003293,28,Female,Frnace,SR003,0,6921.25
INV132887,P0059,Product 59,home decor,8,432.62,06-07-2023 16:13,C001448,43,Female,U S A,SR017,0,3460.96
INV179846,P0152,Product 152,Toyz,2,704.01,16-07-2023 18:55,C001784,20,Male,Australia,SR011,0,1408.02
INV183086,P0005,Product 5,Toys,8 units,197.15,02-12-2023 09:02,C003431,30,Female,Canada,SR008,0,1577.2
INV103669,P0186,Product 186,Books,9,450.41,26-06-2023 08:27,C002520,22,Female,Germny,SR004,0,4053.69
INV166804,P0164,Product 164,Grocery,1,607.05,04-06-2023 16:07,C004528,22,Male,Australia,SR006,0,607.05
INV164730,P0058,Product 58,GROCERY,1,41.1,09-03-2023 14:10,,58,Female,Australia,SR009,0,41.1
INV177241,P0027,Product 27,Health,1,136.47,20-05-2023 19:20,C002772,56,Male,Untied States,SR019,0,136.47
INV144258,P0054,Product 54,beauty ,5,577.65,12-02-2023 02:14,C000664,65,Male,Germany,SR003,0,2888.25
INV147802,P0117,Product 117,home decor,4,290.16,13-02-2023 17:16,C000706,56,Female,Germny,SR009,0,1160.64
INV174788,P0125,Product 125,Fashon,7,347.25,23-01-2023 10:06,C004943,67,Female,U S A,SR013,0,2430.75
INV198514,P0048,Product 48,Fashon,3,348.49,44968,C004095,28,Female,Canada,SR012,0,1045.47
INV118072,P0106,Product 106,Books,5,652.12,07-09-2023 03:17,C001600,67,Male,Austalia,SR002,0,3260.6
INV128048,P0124,Product 124,Fashon,1,484.97,04-05-2023 08:37,C002480,32,Female,Untied States,SR005,0,484.97
INV170080,P0018,Product 18 ###,Toyz,4,$196.60,30-04-2023 19:23,C002913,52,,India,SR015,0,786.4
INV117125,P0042,Product 42,Automotive,9,597.54,06-09-2023 23:58,C003646,68,Female,Austalia,SR005,0,5377.86
INV145081,P0030,Product 30,SPORTS,3,455.87,04-06-2023 18:00,C004315,18,Female,Canada,SR020,0,1367.61
INV173660,P0009,Product 9,Automotive,6,783.44,17-10-2023 09:39,C004253,67,Female,Canad,SR005,0,4700.64
INV173483,P0091,Product 91,Automotive,7,315.21,30-06-2023 18:07,C004972,60,Male,Inda,SR009,0,"$2,206.47 USD"
INV166592,P0181,Product 181,Automotive,2,728.15,"Aug 16, 2023 02:29 AM",C001298,,Male,Untied States,SR002,0,1456.3
INV132014,P0127,Product 127,Electronics,7,483.35,07-06-2023 20:12,C002293,61,Female,Untied States,SR015,0,3383.45
INV113940,P0041,Product 41,Sports,8,422.36,29-04-2023 15:52,C003565,54,Male,UK,SR009,0,3378.88
INV167411,P0113,Product 113,home decor,5,382.55,45234,C000486,46,Male,Untied States,SR015,0,1912.75
INV150261,P0195,Product 195,FASHON,8,$846.40,15-12-2023 20:25,C001539,62,Male,USA,SR002,0,6771.2
INV14027,P0177,Product 177,HOME DECOR,6,896.23,22-12-2023 11:31,C001747,49,Female,Inda,SR001,0,5377.38
INV110895,P0181,Product 181,AUTOMOTIVE,9,129.07,18-06-2023 23:21,C003530,41,Male,Austalia,SR012,0,1161.63
INV197749,P0121,Product 121,home decor,7,311.94,01-10-2023 03:24,C002697,66,Female,India,SR003,0,2183.58
INV184724,P0142,Product 142,Toyz,9,770.46,15-12-2023 15:16,C004790,60,Female,Untied States,SR001,0,6934.14
INV132627,P0112,Product 112,TOYS,3,984.31,45282,C004487,23,Female,France,SR002,0,2952.93
INV102420,P0143,Product 143,Toyz,1,97.24,45265,C001307,25,Male,Inda,SR005,0,97.24
INV124659,P0079,Product 79,Toys,5,$245.03,44973,C003800,25,Female,UK,SR018,0,1225.15
INV173020,P0040,Product 40,Toyz,1,848.19,02-10-2023 02:53,C003220,21,Male,Frnace,SR002,0,848.19
INV182782,P0136,Product 136,Beauty,4,983.24,24-07-2023 13:08,C003492,19,Male,USA,SR003,0,3932.96
INV126194,P0145,Product 145,Toys ,4 units,354.08,45282,C000774,68,Male,Frnace,SR017,0,1416.32
INV149652,P0146,Product 146 ***,Fashion,5,344.01,04-03-2023 10:01,C001982,41,Male,Frnace,SR014,0,1720.05
INV189897,P0187,Product 187,Home Decor,1,386.73,08-05-2023 01:38,C002681,67,Female,Germny,SR015,0,386.73
INV154424,P0101,Product 101,SPORTS,2 units,867.13,25-09-2023 20:03,C001168,47,Female,Germany,SR014,0,1734.26
INV155979,P0196,Product 196,Beauty,2,836.37,05-10-2023 22:49,C004301,66,Female,U S A,SR016,0,1672.74
INV122026,P0108,Product 108,Toys,6,180.84,13-10-2023 08:20,C002027,57,Male,Frnace,SR013,0,1085.04
INV185346,P0141,Product 141,Health,1,934.82,45127,C000535,27,Female,Canada,SR006,0,934.82
INV103066,P0036,Product 36,Automotive,8,651.02,28-01-2023 17:39,C004337,28,Female,USA,SR010,0,5208.16
INV133007,P0198,Product 198,Health,3,44.26,45075,C003874,67,Male,USA,SR017,0,132.78
INV109393,P0047,Product 47,Sports,3,659.43,23-09-2023 06:43,C004772,25,F,Australia,SR008,0,1978.29
INV111503,P0037,Product 37,beauty ,4,620.26,06-03-2023 04:53,C000238,36,Female,UK,SR015,0,2481.04
INV198004,P0055,Product 55,Automotive,5,180.83,30-06-2023 23:09,,35,Female,U S A,SR006,0,904.15
INV100634,P0171,Product 171,ELECTRONICS,5,230.77,20-03-2023 13:10,C000283,46,Female,USA,SR002,,1153.85
INV197469,P0017,,Fashon,5 units,612.31,20-08-2023 14:49,C004732,67,Female,Australia,SR010,0,3061.55
INV102822,P0043,Product 43,Sports,5,937.58,02-07-2023 17:14,C002653 ,58,Female,India,SR009,0,4687.9
INV122434,P0099,Product 99,Electronics,2,93.27,13-01-2023 21:40,,30,Female,USA,SR016,0,186.54
INV104193,P0024,Product 24,Home Decor,8,351.55,02-02-2023 21:56,C004315,18,Female,Austalia,SR017,0,2812.4
INV130712,P0190,Product 190,GROCERY,7,538.26,12-04-2023 22:05,C003621,40,Male,Canad,SR004,Y,3767.82
INV142242,P0078,Product 78,Books ,1,898.92,13-03-2023 14:44,C001509,30,Male,USA,SR015,0,898.92
INV175564,P0037,Product 37,beauty ,6,209,23-01-2023 15:24,C000812,19,Male,Germny,SR014,0,1254
INV169929,P0024,Product 24,Home Decor,8,150.88,15-01-2023 00:11,C002189,37,Female,Inda,SR009,0,"$1,207.04 USD"
INV149762,P0088,Product 88,Beauty,6,753.69,07-10-2023 03:26,C000067,21,Male,France,SR012,0,4522.14
INV116214,P0089,Product 89,HOME DECOR,9,455.64,45240,C001738,25,Male,U S A,SR011,0,4100.76
INV128561,P0167,Product 167,Grocery,7,952.25,15-08-2023 19:18,C001929,31,male,UK,SR013,0,6665.75
INV121462,P0149,Product 149,Beauty,4,510.78,12-10-2023 19:46,C002547,38,Male,USA,SR010,0,2043.12
INV130049,P0106,Product 106  - damaged,Books,1,839.28,"Feb 06, 2023 09:25 AM",C002440,23,Female,Inda,SR005,0,839.28
INV165444,P0110,Product 110,Fashon,5,458.65,24-07-2023 10:01,C003937,29,Male,UK,SR008,0,2293.25
INV198829,P0083,Product 83,Automotive,3,74.9,44994,C000031 ,50,Male,UK,SR014,0,224.7
INV110762,P0119,Product 119,FASHION,3,685.62,28-08-2023 17:01,C004859,56,Male,Germny,SR001,0,2056.86
INV153539,P0134,Product 134,Automotive,9,43.64,09-03-2023 12:28,C002134,60,Male,Germny,SR017,0,392.76
INV160556,P0145,Product 145,Toys,5,969.88,02-12-2023 12:36,C003302,25,Male,Germany,SR016,0,4849.4
INV149554,P0062,Product 62,Health,5,840.39,13-03-2023 03:07,C003715,200,Female,Canada,SR014,0,4201.95
INV161048,P0082,Product 82,Health,9,336.29,06-06-2023 20:02,C003062,20,Male,Uk,SR004,0,3026.61
INV122651,P0020,Product 20,GROCERY,9,376.33,31-05-2023 03:26,3097,,Male,U S A,SR001,0,3386.97
INV15055,P0041,Product 41,Sports,4,$353.57,45168,3683,25,Female,UK,SR010,0,1414.28
INV180650,P0099,Product 99,Electronics,9,366.3,15-11-2023 15:45,C003882,39,Female,Uk,SR001,0,3296.7
INV108340,P0004,Product 4,Automotive,8,303.95,45239,,19,Male,UK,SR017,0,2431.6
INV101352,P0171,Product 171,Electronics,9,654.3,08-04-2023 23:54,,36,Male,India,SR011,0,5888.7
INV142206,P0100,Product 100,Beauty,3,167.01,15-06-2023 21:30,C002095 ,61,Male,Canada,SR006,0,501.03
INV122798,P0114,Product 114,beauty ,7 units,462.98,08-01-2023 20:05,C003265,65,Male,Canad,SR008,Y,3240.86
INV10918,P0027,Product 27,Health,6,$300.51,18-07-2023 05:05,C002771,63,Female,Frnace,SR008,0,1803.06
INV138351,P0074,Product 74,Home Decor,5,850.59,16-05-2023 04:16,C002112,19,Male,France,SR017,0,4252.95
INV157651,P0030,Product 30,SPORTS,1 units,168.92,02-08-2023 18:46,C004369,63,Female,Canada,SR014,0,168.92
INV147739,P0190,Product 190,GROCERY,1,827.47,01-12-2023 02:11,C004911,68,Female,Austalia,SR008,0,827.47
INV196609,P0092,Product 92,Home Decor,-4,114.79,16-02-2023 13:03,C000373,27,Female,UK,SR017,1,-459.16
INV198947,P0121,Product 121,home decor,1,355.28,07-11-2023 07:37,C004891,64,Female,Canad,SR004,N,355.28
INV154554,P0186,Product 186,BOOKS,7,6.23,15-04-2023 17:35,C002242,32,MALE,Canad,SR005,Y,43.61
INV128840,P0184,Product 184,Electronics ,2,180.77,13-08-2023 01:01,C003741,65,Female,Uk,SR009,0,361.54
INV179970,P0014,Product 14,Fashion,3,204.43,31-10-2023 23:23,C000861,42,Female,Austalia,SR012,0,613.29
INV166508,P0188,Product 188,Toys,5,$379.56,17-05-2023 09:10,C004503,53,Female,Uk,SR016,0,1897.8
INV142903,P0079,Product 79,Toys,2,905.29,11-11-2023 02:53,C001476,21,Female,U S A,SR015,0,1810.58
INV152328,P0089,Product 89,Home Decor,4,$598.37,29-09-2023 11:13,C004432,65,Female,India,SR007,0,2393.48
INV114829,P0060,Product 60,beauty ,3,871.84,18-06-2023 15:04,C002387,60,Fem,Canada,SR013,0,2615.52
INV165031,P0058,Product 58,GROCERY,1,918.32,45052,C003815,48,F,India,SR005,0,918.32
INV184219,P0027,Product 27,Health,1,434.82,29-03-2023 17:30,C004690,62,Female,France,SR003,0,434.82
INV150048,P0055,Product 55,Automotive,2,904.96,20-03-2023 14:24,C000356,33,Male,UK,SR005,0,1809.92
INV126002,P0093,Product 93,Electronics,7,419.17,05-11-2023 23:11,C001616,29,Female,Inda,SR013,0,2934.19
INV167416,P0168,Product 168,electronisc,5,942.68,45068,C003032,55,Female,Germany,SR006,0,4713.4
INV103859,P0121,Product 121,HOME DECOR,5,185.68,26-07-2023 20:25,,37,Male,Uk,SR010,0,928.4
INV167930,P0192,Product 192,Fashion,5,620.2,13-11-2023 11:50,C001362,56,Female,Uk,SR018,0,3101
INV109870,P0166,Product 166,Fashion,8,835.6,26-01-2023 06:07,C003834,59,Female,USA,SR003,0,6684.8
INV134233,P0193,Product 193,Electronics,2 units,817.35,01-11-2023 06:27,C004151,18,Female,USA,SR020,0,1634.7
INV124465,P0024,Product 24,Home Decor,5,533.49,04-04-2023 14:43,C001048,66,Male,UK,SR012,,2667.45
INV148921,P0010,Product 10,Home Decor,5,46.78,24-05-2023 19:56,C001608,18,Female,U S A,SR006,0,233.9
INV146501,P0019,Product 19,Books,9,471.47,09-08-2023 09:54,C004747,65,Male,Canada,SR017,0,4243.23
INV175140,P0118,Product 118,Toys,5,754.02,45242,,57,Female,USA,SR016,0,3770.1
INV107970,P0110,Product 110,Sports,8,589.2,19-02-2023 12:58,C003860,36,Male,USA,SR008,0,4713.6
INV117582,P0133,Product 133,Grocery,8,28.95,01-02-2023 04:30,C002662,19,Female,Frnace,SR013,0,231.6
INV168363,P0106,Product 106,Books,9,309,11-09-2023 09:42,C001075,66,Female,Australia,SR001,0,2781
INV135912,P0106,Product 106,Books,8,$708.32,11-04-2023 12:11,C003630,69,Male,Australia,SR008,0,5666.56
INV181546,P0086,Product 86,ELECTRONICS,6,$942.58,06-03-2023 08:09,C003261,43,Female,India,SR003,0,5655.48
INV103407,P0143,Product 143,Toyz,8 units,$695.42,12-03-2023 23:46,C001315,62,Female,Austalia,SR014,0,5563.36
INV151528,P0128,Product 128,Electronics,2,61.55,45050,C002345,37,Male,USA,SR006,0,123.1
INV113384,P0181,Product 181,Automotive,8,478.08,07-05-2023 06:24,C003760,200,Female,USA,SR011,0,3824.64
INV120111,P0010,,Home Decor,6,809.69,45274,C003437,63,Female,Uk,SR011,0,4858.14
INV180654,P0172,Product 172,Health ,3,652.08,28-05-2023 06:37,C004947,18,Male,UK,SR005,Y,1956.24
INV155070,P0137,Product 137,Electronics,7,729.74,04-03-2023 00:53,C004629,52,Male,UK,SR001,0,5108.18
INV127782,P0146,Product 146,Fashion,7,123.39,22-06-2023 03:36,C001263,43,Male,Austalia,SR020,Y,$863.73 USD
INV199896,P0005,Product 5,Toys ,1,$807.20,10-03-2023 09:15,C002939,33,Male,USA,SR007,1,807.2
INV135928,P0178,Product 178,Home decors,7,816.69,03-06-2023 11:00,C004315,18,Female,India,SR004,0,5716.83
INV149324,P0049,Product 49,Fashion,9,288.71,23-03-2023 16:16,C001267,57,Male,Inda,SR017,0,2598.39
INV185845,P0121,Product 121,home decor,9,71.83,31-07-2023 01:09,C001792,58,Fem,India,SR003,0,646.47
INV171595,P0119,Product 119,Fashion,-1,996.78,26-10-2023 21:01,C000402,53,Female,India,SR008,1,-996.78
INV192840,P0034,Product 34,Toys,1,776.64,44935,C004954,66,Male,Canad,SR016,0,776.64
INV132465,P0188,Product 188,Toys,5,594.89,45106,C004381 ,44,,USA,SR008,0,2974.45
INV126606,P0158,Product 158,Fashion,8,208.07,"Nov 21, 2023 10:10 AM",C002837,63,Male,Canada,SR005,0,1664.56
INV166307,P0125,Product 125,electronisc,3,563.58 USD,17-03-2023 08:56,C000451,32,Male,India,SR016,0,1690.74
INV107861,P0166,Product 166,Fashion,1 units,$579.31,08-11-2023 08:17,C000992,63,Male,Inda,SR002,0,579.31
INV196696,P0116,Product 116,Sports,-4,947.11,29-10-2023 01:38,C002147,21,Male,France,SR010,1,-3788.44
INV117760,P0122,Product 122,Grocery,8,555.84,14-06-2023 07:47,C000332,36,Male,Germany,SR012,0,4446.72
INV126218,P0184,Product 184,Electronics,1,64.49,45014,C001534,50,Male,Inda,SR002,0,64.49
INV153919,P0069,Product 69,Fashon,3,$645.17,"Feb 22, 2023 02:05 AM",C002823,20,Male,Germny,SR003,0,1935.51
INV170776,P0119,Product 119,Fashion,2,234.1,08-05-2023 02:13,C003655,63,Female,Uk,SR018,0,468.2
INV103921,P0124,Product 124,Fashon,6,892.11,03-12-2023 16:57,C002481,26,Male,Germany,SR019,0,5352.66
INV116000,P0029,Product 29,Sports,9,504.1,18-02-2023 05:20,C002713,28,Male,USA,SR010,0,4536.9
INV105927,P0147,Product 147,Home Decor,5,693.64,01-07-2023 12:42,C000216,63,Female,Germany,SR001,0,3468.2
INV155398,P0097,Product 97,SPORTS ,1,83.25,28-12-2023 20:28,C000288,68,Female,USA,SR013,0,83.25
INV143092,P0098,Product 98,Home Decor,5,133.84,19-06-2023 05:40,C003246,63,Female,Inda,SR005,0,669.2
INV191642,P0198,Product 198,Health ,5,750.13,26-04-2023 11:32,C000270,46,Male,Austalia,SR015,0,3750.65
INV153551,P0071,Product 71,electronisc,2,828.78 USD,28-06-2023 01:50,C004379,64,Male,U S A,SR019,0,1657.56
INV192744,P0187,Product 187  - damaged,Home Decor,2,707.74,05-01-2023 18:58,C002501,56,Male,France,SR008,0,1415.48
INV112591,P0065,Product 65,Electronics,6,119.04,45117,C004176,49,Male,Austalia,SR013,0,714.24
INV190827,P0177,Product 177,Home Decor,8,242.4,26-02-2023 10:31,C000501,22,Male,UK,SR004,0,1939.2
INV130128,P0035,Product 35,Fashon,9,610.21,27-01-2023 18:00,C003023,33,Female,UK,SR009,0,5491.89
INV197160,P0041,Product 41,Sports,4,$271.40,29-10-2023 18:44,C002058,58,Male,Uk,SR006,0,1085.6
INV194197,P0115,Product 115,electronisc,4,609.93,45140,C004891,64,Female,UK,SR016,0,2439.72
INV104658,P0027,Product 27,Health ,6,$847.63,"Oct 05, 2023 03:45 AM",C000156,50,Female,Canad,SR011,0,5085.78
INV150273,P0148,Product 148,Toyz,7,941.64,45161,C001066,36,Female,India,SR014,0,6591.48
INV192936,P0079,,Toys,2,$310.66,24-01-2023 03:21,C004778,23,Male,Australia,SR017,0,621.32
INV153513,P0136,Product 136,Beauty,3,$292.13,24-05-2023 07:33,C000221,43,M,Germny,SR010,0,876.39
INV186482,P0122,Product 122,Electronics,5,102.74,18-08-2023 03:12,C004802,28,Male,UK,SR014,,513.7
INV151409,P0012,Product 12,Fashon,-4,817.22,26-04-2023 19:08,C004491,20,M,USA,SR007,1,-3268.88
INV177212,P0079,Product 79  [refurbished],Toys,6,933.94,45280,,51,Male,Frnace,SR001,0,5603.64
INV131888,P0148,Product 148,Toyz,4,461.11,45015,C003395,52,Male,India,SR005,0,1844.44
INV149369,P0180,Product 180,ELECTRONICS,1,447.57,05-08-2023 00:07,C000812,19,Male,Inda,SR005,0,447.57
INV115575,P0022,Product 22,beauty ,9,$461.60,15-11-2023 04:33,C002491,24,Female,Untied States,SR012,0,4154.4
INV146596,P0172,Product 172,Health,3,627.46,29-08-2023 04:15,C003353,38,Female,France,SR004,Y,1882.38
INV197832,P0126,Product 126,Toys,1,432.02,10-02-2023 08:18,C004628,42,Male,France,SR004,0,432.02
INV146650,P0120,Product 120,Books,9,231.47,09-05-2023 00:35,,66,Female,Austalia,SR012,0,2083.23
INV118363,P0003,Product 3,electronisc,1,605.3,45124,C001151,40,Female,Canad,SR008,0,605.3
INV128382,P0082,Product 82 ***,Health,7,161.21,22-08-2023 19:33,C003886,40,Male,USA,SR007,0,1128.47
INV183834,P0019,Product 19 ###,Books,7 units,350.74,45184,C002660,44,Female,Inda,SR019,0,2455.18
INV149893,P0094,Product 94,Home Decor,9,189.09,"Dec 14, 2023 09:04 PM",C002729,67,Male,Canada,SR012,0,1701.81
INV190541,P0055,Product 55,Automotive,2,986.84,"Sep 09, 2023 04:14 PM",C000591,50,Male,Uk,SR004,0,1973.68
INV125695,P0041,Product 41,Sports,-3,594.76,22-12-2023 14:11,C001708,34,male,France,SR014,1,-1784.28
INV120987,P0092,Product 92,Home Decor,3,508.1,16-12-2023 05:16,C000580,55,Male,UK,SR018,0,1524.3
INV109805,P0068,Product 68  [refurbished],Electronics,5,594.66,12-08-2023 11:32,C004878,33,Male,Germny,SR004,0,2973.3
INV124496,P0158,Product 158,Fashion,9,214.31,10-03-2023 15:57,C003824,49,Male,Canada,SR007,0,1928.79
INV168371,P0022,Product 22,beauty ,2,482.4,19-03-2023 17:22,C000019,42,Male,U S A,SR002,0,964.8
INV158114,P0105,Product 105 ###,beauty ,9,556.84,20-12-2023 02:57,C001735,50,Male,Inda,SR006,0,5011.56
INV186240,P0031,Product 31,Health,1,709.99,31-10-2023 09:13,C002760,18,Male,Austalia,SR017,0,709.99
INV126300,P0003,Product 3,electronisc,3,129.6,14-03-2023 21:14,C002709,24,Male,UK,SR014,0,388.8
INV186876,P0046,Product 46,Books,5,82.39,23-10-2023 13:08,C001770,56,Female,Germny,SR011,0,411.95
INV154143,P0143,Product 143,Toyz,3,192.68,29-11-2023 00:11,C003378,55,Female,Canada,SR002,0,578.04
INV190533,P0002,Product 2,beauty ,1 units,866.84,11-09-2023 20:05,C002994 ,59,Male,U S A,SR020,0,866.84
INV185749,P0102,Product 102,Toys,8,22.6,30-06-2023 15:57,C004419,200,Female,India,SR005,0,180.8
INV163576,P0053,Product 53,GROCERY,1,562.68,16-01-2023 19:00,C000575,28,Male,Austalia,SR018,0,562.68
INV101897,P0053,Product 53,GROCERY,3,632.68,09-12-2023 00:17,C003138,21,Female,Germny,SR014,0,1898.04
INV194229,P0120,Product 120,Books,4,470.62,26-06-2023 01:57,C004684,47,Female,Australia,SR014,0,1882.48
INV198295,P0020,Product 20,GROCERY,6,984.31,20-10-2023 10:51,C003923,26,Female,Germny,SR018,0,5905.86
INV152165,P0048,Product 48,Fashon,4,683.05,15-12-2023 12:20,C003168,26,Male,Canada,SR019,0,2732.2
INV119638,P0084,Product 84,Fashon,8,756.89,"Nov 30, 2023 11:51 PM",C002305,23,Male,USA,SR004,0,6055.12
INV113439,P0120,Product 120,Books,4,475.75,08-04-2023 23:41,C004778,23,Male,UK,SR017,0,1903
INV176734,P0114,Product 114,beauty ,8,431.39,18-07-2023 05:34,C002337 ,33,Male,Canada,SR009,0,3451.12
INV121587,P0106,Product 106,Books,3,405.09,25-03-2023 05:37,C000188,,Female,U S A,SR003,0,1215.27
INV176645,P0161,Product 161,Sports,1,257.54,27-11-2023 05:37,C003034,52,Male,U S A,SR017,0,257.54
INV144051,P0058,Product 58,GROCERY,7,824.77,03-02-2023 23:33,C000207,54,Male,Germany,SR012,0,5773.39
INV178390,P0020,Product 20,GROCERY,3,467.11,45118,3301,45,Female,Australia,SR015,0,1401.33
INV143273,P0028,Product 28 (,Toys,1,727.17,14-02-2023 15:50,C000906,54,Female,Germny,SR014,0,727.17
INV109722,P0181,Product 181,Automotive,5,$575.76,45262,C001046,45,Male,Untied States,SR009,0,2878.8
INV137379,P0137,Product 137,ELECTRONICS,2 units,475.29,08-05-2023 00:14,C000325,34,Female,Uk,SR004,0,950.58
INV127669,P0138,Product 138,Books,9,423.85,45087,C000072,45,Male,UK,SR015,0,"$3,814.65 USD"
INV178443,P0127,Product 127,Electronics,7,891.81,01-05-2023 07:47,C000331,,Female,USA,SR005,0,6242.67
INV105129,P0133,Product 133,Grocery,6,657.87,10-11-2023 04:27,C000780,68,Female,Untied States,SR012,0,3947.22
INV193392,P0154,Product 154,Fashion,-4,378.05,12-01-2023 20:33,C003423,58,Male,Untied States,SR005,1,-1512.2
INV150063,P0113,Product 113  - damaged,home decor,3,973.81,24-08-2023 23:09,C001295,105,Male,U S A,SR013,0,2921.43
INV199057,P0116,Product 116,Sports,9 units,252.71,28-07-2023 09:30,1259,200,Male,Canad,SR001,0,2274.39
INV184607,P0041,Product 41,Sports,4,680.75,14-09-2023 05:14,C002628,22,Male,U S A,SR007,0,2723
INV102708,P0157,Product 157,Electronics,5,733.57,21-02-2023 01:17,C000627,42,Female,Germny,SR007,0,3667.85
INV152292,P0183,Product 183  - damaged,Automotive,1,876.7,03-04-2023 02:44,C001082,25,Female,Uk,SR020,0,876.7
INV133551,P0009,Product 9,Automotive,1,344.11,44934,C001413 ,54,Male,Germany,SR018,0,344.11
INV151371,P0086,Product 86,Electronics,4,404.67,21-06-2023 18:00,C000378,63,Male,Frnace,SR011,0,1618.68
INV126961,P0002,Product 2,beauty ,4,276.09,15-06-2023 14:20,C001710,37,Male,Canada,SR012,0,1104.36
INV132053,P0168,Product 168,electronisc,7,319.63,28-10-2023 11:36,C001111,,Female,Germany,SR004,0,2237.41
INV122536,P0169,Product 169,GROCERY,8,309.46,45267,C001303,40,Female,Canada,SR001,0,2475.68
INV149577,P0089,Product 89,Home Decor,4,39.24,22-12-2023 21:40,C001473 ,64,Male,USA,SR002,0,156.96
INV126635,P0135,Product 135,Health,3 units,925.94,14-10-2023 03:37,C000794,18,Male,UK,SR003,0,2777.82
INV157610,P0032,Product 32,Fashion,-4,273.63,25-03-2023 07:05,C000685,31,Female,Australia,SR006,1,-1094.52
INV191376,P0060,Product 60,beauty ,6,$24.78,17-04-2023 16:47,C000637,38,Female,Austalia,SR010,0,148.68
INV149957,P0081,Product 81,Toys,8,74.15,31-03-2023 20:03,C002707,57,Female,Uk,SR010,0,593.2
INV198591,P0164,Product 164,Grocery,4,$747.63,45166,C003040,37,Male,Austalia,SR006,0,"$2,990.52 USD"
INV182112,P0006,Product 6 ***,electronisc,9 units,236.6,29-03-2023 10:40,C000574,19,Male,France,SR005,0,2129.4
INV141807,P0182,Product 182,Toys,3 units,611.16,27-12-2023 21:48,C000645 ,5,Female,India,SR007,0,1833.48
INV155150,P0039,Product 39 ###,SPORTS,1,501,02-12-2023 07:01,C001288,54,Male,Germny,SR004,0,501
INV144677,P0190,Product 190,GROCERY,3,196.77,24-11-2023 12:03,C001648,49,Male,Austalia,SR020,0,590.31
INV153466,P0004,Product 4,Automotive,2,15.75,25-09-2023 12:50,C002440,23,Female,Inda,SR012,0,31.5
INV171889,P0085,Product 85,Fashion,7,351.72,26-05-2023 19:06,C003922,36,Female,Australia,SR003,0,2462.04
INV156734,P0153,Product 153,Fashion ,3 units,91.49,29-04-2023 02:04,C001261,51,Female,UK,SR018,0,274.47
INV158379,P0038,Product 38,Home Decor,3,354.9,22-08-2023 02:20,C004644,44,Male,UK,SR013,0,1064.7
INV106949,P0165,Product 165,Beauty,4,188.82,19-11-2023 17:44,C003847,40,Male,Canad,SR007,0,$755.28 USD
INV175461,P0179,Product 179,Health,9,$818.83,05-02-2023 02:35,C003319,38,Female,India,SR007,0,7369.47
INV191938,P0196,Product 196,Beauty,6,121.13,01-06-2023 16:14,C001690,32,Male,U S A,SR015,0,726.78
INV149766,P0191,Product 191,Toyz,1,375.9,27-02-2023 06:54,C002140,64,Female,USA,SR011,0,375.9
INV164466,P0042,Product 42,Automotive,5,149.35,04-09-2023 01:59,C002342,68,Male,USA,SR009,0,746.75
INV113981,P0003,Product 3,electronisc,5,332.62,17-12-2023 12:02,C002211,33,Male,UK,SR013,0,1663.1
INV180227,P0001,Product 1,Toys,4,577.56,22-04-2023 17:44,C003062,20,Male,Frnace,SR005,Y,2310.24
INV163255,P0040,Product 40,Toyz,8 units,192.07,07-09-2023 21:32,C004072,58,Female,Canad,SR002,0,1536.56
INV126127,P0076,Product 76,Electronics,9,898.3,22-12-2023 02:39,C001634,63,Female,Germny,SR001,0,8084.7
INV120220,P0173,Product 173,Grocery,6,348.04,12-03-2023 15:30,C000982,57,Female,Australia,SR004,0,2088.24
INV178276,P0026,Product 26,Fashon,9,140.97,26-10-2023 09:24,C002110,25,Female,Germny,SR009,0,1268.73
INV197261,P0021,Product 21,beauty ,8,691.5,28-01-2023 22:21,C002421,31,Male,Germany,SR008,0,5532
INV177958,P0140,Product 140,beauty ,3,477.45,06-01-2023 02:19,C000282,25,Male,Germny,SR003,0,1432.35
INV170844,P0046,Product 46,Books ,6,437.23,09-06-2023 04:55,C003451 ,43,Male,Canada,SR005,0,2623.38
INV167781,P0181,Product 181,Automotive,1,$631.81,17-03-2023 23:42,C001312 ,32,Female,U S A,SR008,0,631.81
INV181677,P0104,Product 104,beauty ,3,908.81,45114,C002268,21,Female,Uk,SR007,0,2726.43
INV108565,P0136,Product 136,Beauty,5,569.52,20-08-2023 19:26,C002160,64,Female,Canada,SR011,0,2847.6
INV160300,P0047,Product 47,Sports,6,199.12,"Sep 03, 2023 12:14 PM",4448,26,Male,Untied States,SR019,0,1194.72
INV126744,P0045,,Grocery,7,244.19,19-04-2023 12:53,C001330,24,Female,Frnace,SR002,0,1709.33
INV171499,P0150,Product 150,Toyz,5 units,367.42,18-07-2023 16:39,442,53,Female,USA,SR008,,1837.1
INV194223,P0029,Product 29,Sports,2,230.85,24-04-2023 02:19,C002097,43,Male,Canada,SR001,0,461.7
INV135812,P0095,Product 95 (,BEAUTY,4,513.82,04-11-2023 00:26,C002816,62,,Australia,SR015,0,2055.28
INV151412,P0070,Product 70,AUTOMOTIVE,6,201.04,45204,C002706 ,63,Male,France,SR005,0,1206.24
INV155651,P0137,Product 137,Electronics,5,506.36,45107,C002545,66,Male,Canad,SR016,0,2531.8
INV151862,P0076,Product 76,Electronics,5,326.41,45190,3781,36,Female,India,SR017,0,1632.05
INV162840,P0016,Product 16,Fashon,9,336.2,06-07-2023 15:20,C000989,54,Female,Austalia,SR001,0,3025.8
INV106067,P0118,Product 118,Toys,4,88.05,05-05-2023 04:05,C003706,23,Female,Inda,SR006,0,352.2
INV141808,P0070,Product 70,Automotive,6,763.92,45033,C004727,45,Male,U S A,SR015,0,4583.52
INV130417,P0111,Product 111,Beauty,2,26.2,29-10-2023 14:23,C003279,36,Male,Austalia,SR007,0,52.4
INV168442,P0043,Product 43,Sports,8,677.57,18-08-2023 10:12,C002082,18,Male,UK,SR014,0,5420.56
INV170407,P0115,Product 115,electronisc,7,$574.82,02-07-2023 11:23,C002617,53,M,Untied States,SR016,0,4023.74
INV190190,P0088,Product 88,Beauty,4 units,490.99,25-10-2023 01:37,C001759,19,Male,Australia,SR009,0,1963.96
INV112435,P0072,Product 72,Toyz,9,432.79,29-06-2023 12:11,C000274,63,Female,UK,SR013,0,3895.11
INV141536,P0116,Product 116,Sports,4,331.47,45264,C000585,32,Female,India,SR008,0,1325.88
INV188433,P0194,Product 194,GROCERY,7,110.44,20-01-2023 23:34,C004209,23,Female,Austalia,SR005,0,773.08
INV107864,P0157,Product 157,Electronics,9,175.98,21-10-2023 02:02,C002470,68,Female,Australia,SR002,0,1583.82
INV135124,P0122,Product 122,Grocery,-1,830.25,24-01-2023 19:14,C002520,22,Female,Uk,SR014,1,-830.25
INV134463,P0008,Product 8,Sports,5 units,919.46,17-05-2023 10:27,C003655,63,Female,Uk,SR018,0,4597.3
INV127617,P0187,Product 187,Home Decor,1,922.81,06-07-2023 11:34,1290,66,Male,Frnace,SR019,0,922.81
INV161903,P0068,Product 68,Electronics,1,231.32,23-01-2023 23:23,C003763,39,Male,U S A,SR012,0,231.32
INV193917,P0037,Product 37,beauty ,5 units,847.05,06-09-2023 16:10,C004267,38,Male,Austalia,SR015,0,4235.25
INV116077,P0101,Product 101,SPORTS ,7,530.79,01-08-2023 21:59,C003645,40,Female,Germny,SR002,0,3715.53
INV19963,P0159,Product 159,Fashon,1,945.92,15-05-2023 01:52,C003445,25,Male,Inda,SR017,0,945.92
INV195830,P0029,Product 29,Sports,3,202.69,02-12-2023 17:04,C004011,105,Male,Australia,SR020,0,608.07
INV130354,P0131,Product 131,Home Decor,8,$680.76,11-01-2023 16:39,C003017,19,Female,Untied States,SR010,0,5446.08
INV122982,P0110,Product 110,Sports,2,123.57,26-07-2023 04:17,C003536,53,Female,Canada,SR020,N,247.14
INV178949,P0060,Product 60,beauty ,4,81.61,44978,C001457,66,M,Germny,SR001,0,326.44
INV129090,P0063,Product 63,beauty ,9,905.83,"Oct 11, 2023 08:36 AM",C002333,29,Female,Austalia,SR014,0,8152.47
INV198389,P0005,Product 5,Toys,2,767.85,20-01-2023 10:12,C003246,63,Female,UK,SR011,0,1535.7
INV129323,P0047,Product 47,Sports,2 units,914.09,45261,C004833,37,Female,India,SR015,0,1828.18
INV133858,P0083,Product 83,Automotive,2,879.26,20-01-2023 09:24,,63,Female,Germny,SR018,0,1758.52
INV104277,P0007,Product 7,electronisc,9,229.38,23-12-2023 07:55,C000966,29,Female,Frnace,SR001,0,2064.42
INV124609,P0041,Product 41,Sports,3,215.83,44945,C002185,66,Male,U S A,SR017,0,647.49
INV140681,P0168,Product 168,electronisc ,4,616.65,10-03-2023 18:12,C003555,49,Female,Germny,SR020,0,2466.6
INV122290,P0192,Product 192,Fashion,7,282.75,02-02-2023 12:07,C000876,,Female,Germany,SR017,0,1979.25
INV18224,P0004,Product 4,Automotive,6,498.58,05-03-2023 18:58,C000801,30,Female,Germny,SR007,0,2991.48
INV106425,P0122,Product 122,Grocery,8 units,317.77,45215,C002486,38,Female,India,SR009,0,2542.16
INV112898,P0005,Product 5,Toys,2,908.43,09-10-2023 07:52,C000412,56,Female,UK,SR020,0,1816.86
INV156580,P0057,Product 57,Automotive,2,34.75,11-01-2023 22:35,C000568,64,Male,Frnace,SR007,0,69.5
INV118538,P0094,Product 94,Home Decor,2,382.59,18-09-2023 14:38,C000134,31,Male,USA,SR012,0,765.18
INV137894,P0103,Product 103,Health,4,126.39,14-07-2023 21:57,C004805,39,M,Untied States,SR013,0,505.56
INV190019,P0005,Product 5,Toys,2,23.08,25-09-2023 16:12,C003562,54,Female,India,SR012,0,46.16
INV139485,P0113,Product 113,home decor,6,605.74,26-12-2023 01:47,C000809,40,Female,U S A,SR014,0,3634.44
INV114240,P0130,Product 130,Health,9,194.4,01-03-2023 13:08,C001384,49,Male,Inda,SR013,0,1749.6
INV132243,P0107,Product 107,home decor,2,408.01,24-08-2023 14:33,C004958,43,Female,Germany,SR001,0,816.02
INV155235,P0082,Product 82,Health,5,994.53,04-12-2023 03:49,C004202,28,Female,UK,SR014,0,4972.65
INV177677,P0074,Product 74  [refurbished],Home Decor,8,778.31,45203,C003431,30,Female,Inda,SR010,0,6226.48
INV103172,P0092,Product 92,Home Decor ,5,$521.69,27-12-2023 20:39,C001928,20,Male,Germany,SR006,0,2608.45
INV192896,P0021,Product 21,beauty ,9,247.9,19-02-2023 13:56,C003318,38,Male,Untied States,SR004,0,2231.1
INV127681,P0192,Product 192,Fashion,9,515.93,45088,C004703,59,Male,Australia,SR011,0,4643.37
INV156685,P0122,Product 122,Grocery,8,380.26,"Apr 14, 2023 05:46 AM",C000574,19,Male,Austalia,SR018,0,3042.08
INV138235,P0176,Product 176,Sports,4,29.51,05-04-2023 06:55,C000349,52,Male,Australia,SR003,0,118.04
INV147852,P0189,Product 189,GROCERY,2,584.34,18-02-2023 06:07,C003382,35,Female,France,SR010,0,1168.68
INV167102,P0198,Product 198,Health,5,352,09-09-2023 21:11,C001468,5,Female,USA,SR008,0,1760
INV165828,P0043,Product 43  [refurbished],Sports ,6,879.85,01-03-2023 00:13,C001200,58,male,France,SR005,0,"$5,279.10 USD"
INV165059,P0141,Product 141,Health,4,180.87,08-10-2023 15:58,C004536,36,Female,USA,SR002,0,723.48
INV129694,P0010,Product 10,Home Decor,2,245.65,45290,C003777 ,47,Male,Inda,SR008,0,491.3
INV157864,P0072,Product 72,Toyz,7,955.16,"Aug 28, 2023 05:05 AM",,,Male,Canada,SR005,0,6686.12
INV119976,P0079,Product 79,Toys,1,703.54,04-01-2023 09:11,C004535,52,Male,France,SR009,0,703.54
INV140437,P0139,Product 139,Electronics,8,827.28,19-06-2023 15:40,C004438,38,Male,Uk,SR011,0,6618.24
INV151206,P0067,Product 67,Health,7,32.06,45160,C001120,60,Female,Germany,SR008,0,224.42
INV171512,P0192,Product 192,Beauty,7,287.84,11-02-2023 07:07,,66,Female,Australia,SR009,0,2014.88
INV104908,P0163,Product 163,Toyz,4,273.72,30-04-2023 10:40,C000516,50,Female,India,SR018,0,1094.88
INV111944,P0165,Product 165,Beauty,5,818.93,27-06-2023 21:49,C000070,34,Female,Germny,SR011,0,4094.65
INV159681,P0063,Product 63,Fashon,3,455.78,17-12-2023 04:29,C000247,19,Male,Uk,SR002,0,1367.34
INV187966,P0061,Product 61,home decor,2,872.05,15-01-2023 04:38,C001236,38,Female,Australia,SR011,0,1744.1
INV171394,P0023,Product 23,Fashon,-3,341.03,45021,C003145,20,Male,Inda,SR012,1,-1023.09
INV140226,P0197,Product 197,Beauty,1,101.4,08-10-2023 11:00,C003609,,Female,Canada,SR020,0,101.4
INV193279,P0116,Product 116,Sports,-2,513.3,22-03-2023 15:01,C002012,64,Male,Austalia,SR019,1,-1026.6
INV13506,P0196,Product 196,Beauty,9,330.54,03-06-2023 19:01,C003663,18,Female,India,SR008,0,2974.86
INV191077,P0120,Product 120,Books,4,686.46,45166,C003221,42,Male,France,SR017,0,2745.84
INV197498,P0020,Product 20,GROCERY,6,452.98,45065,C004268,41,Male,Canada,SR009,0,2717.88
INV165130,P0112,Product 112,Toys,6,51.38,17-08-2023 16:23,C003309,46,Female,Inda,SR012,0,308.28
INV131347,P0013,Product 13,Grocery,-1,364.43,02-11-2023 08:59,C002844,200,Male,USA,SR001,1,-364.43
INV111545,P0174,Product 174,GROCERY,7,332.87,02-03-2023 00:56,C004634,55,Female,Germany,SR013,0,2330.09
INV128768,P0032,Product 32,Fashion,6,$900.35,44945,C000701,54,Male,Germany,SR008,0,5402.1
INV10652,P0146,Product 146,Fashion,7 units,629.31,45252,C000356,33,Male,UK,SR008,0,4405.17
INV128349,P0168,Product 168,electronisc,2,527.27,11-06-2023 09:03,C003920,18,Female,UK,SR016,0,1054.54
INV104104,P0077,Product 77,Beauty,7,948.16,09-05-2023 13:51,C003084,45,Male,Uk,SR014,0,6637.12
INV110252,P0072,Product 72,Toyz,4,774.46,45250,C002835,36,Female,Germny,SR019,0,3097.84
INV161382,P0199,Product 199,Health,7,217.1,25-12-2023 05:41,C002231,64,Male,Germny,SR006,0,1519.7
INV173680,P0026,Product 26,Fashon,-3,229.01,25-03-2023 12:35,C000491 ,35,Female,Canad,SR003,1,-687.03
INV196520,P0170,Product 170,GROCERY,4,$789.46,27-09-2023 06:33,288,68,Female,USA,SR003,0,3157.84
INV104805,P0157,Product 157,Electronics,2,960.17,44977,C004521,36,male,USA,SR016,0,1920.34
INV152895,P0187,Product 187,Home Decor,7,668.94,30-01-2023 15:50,,67,Female,Canad,SR006,0,4682.58
INV129466,P0171,Product 171,Electronics,1,472.3,20-07-2023 09:44,C003778,47,,Germany,SR009,0,472.3
INV146425,P0141,Product 141,Health,4,909.51,44944,1700,20,Female,France,SR009,0,3638.04
INV169793,P0038,Product 38,Home Decor,5,897.95,03-01-2023 13:02,C001033,39,Female,Uk,SR019,0,4489.75
INV170688,P0046,Product 46,Books,5,622.88,19-09-2023 16:08,C004021,57,Male,U S A,SR009,0,3114.4
INV187390,P0173,Product 173,Grocery,1,268.77,19-01-2023 11:39,3872,37,Female,Canad,SR003,0,268.77
INV157295,P0185,Product 185,electronisc,1,873.37,31-10-2023 01:04,C000295,46,Female,USA,SR019,0,873.37
INV178806,P0064,Product 64,home decor,1,738.68,13-04-2023 19:52,,69,Female,Australia,SR007,0,738.68
INV154832,P0145,Product 145,Toys,4,493.11,04-05-2023 22:52,C000506,64,M,Inda,SR008,0,1972.44
INV113046,P0148,Product 148,Toyz,5,709.36,27-01-2023 15:14,C001640,30,Female,Austalia,SR017,0,3546.8
INV136995,P0165,Product 165,Home decors,6,213.46,15-03-2023 22:30,C002445,38,Male,UK,SR011,0,1280.76
INV134426,P0016,Product 16,Fashon,6,815.95,04-08-2023 17:38,C004280,61,Female,Inda,SR004,0,4895.7
INV177050,P0116,Product 116,Sports,1,67.4,25-04-2023 15:56,C003501,56,Female,UK,SR014,0,67.4
INV165824,P0102,Product 102,Toys,7,$199.21,24-07-2023 08:54,C003611,67,Male,U S A,SR006,0,1394.47
INV119899,P0126,Product 126 (,Toys,1,352.26,27-04-2023 15:25,C001070,68,Male,UK,SR002,0,352.26
INV105282,P0029,Product 29,Beauty,7 units,165.89,13-02-2023 15:54,C001660,46,Female,UK,SR015,0,1161.23
INV139067,P0171,Product 171,Electronics,9,248.15 USD,04-03-2023 12:38,C003011,23,Male,U S A,SR014,0,2233.35
INV113452,P0136,Product 136,BEAUTY,5,819.33,13-02-2023 07:57,C000781,62,Male,Germany,SR003,0,4096.65
INV114348,P0136,Product 136 (,BEAUTY,6,742.47,28-04-2023 03:52,C004346,24,Male,Frnace,SR016,0,4454.82
INV110521,P0157,Product 157,Electronics,8,572.96,01-11-2023 21:18,C002554,35,Female,USA,SR017,0,4583.68
INV158544,P0142,Product 142,TOYZ,8,912.82,26-10-2023 05:41,47,39,Female,Frnace,SR008,0,7302.56
INV146034,P0045,Product 45,Grocery,2 units,112.61,24-09-2023 17:12,C003201,44,Male,UK,SR005,0,225.22
INV179556,P0198,Product 198,Health,2,686.95,11-03-2023 17:12,,54,Female,Uk,SR005,0,1373.9
INV192428,P0048,Product 48,Fashon,2,58.42,02-02-2023 08:10,C001062,,Male,USA,SR005,0,116.84
INV174687,P0034,Product 34,Toys,5,382.22,08-09-2023 00:24,2942,59,Male,Uk,SR015,0,1911.1
INV157447,P0190,Product 190,GROCERY,6,11.21,19-01-2023 11:00,C004298,47,Male,Germany,SR001,0,67.26
INV184143,P0017,Product 17,Fashon,7,$31.53,10-11-2023 13:42,2174,42,Female,Untied States,SR017,0,220.71
INV111236,P0180,Product 180,Electronics,6,494.45,45147,C000637,38,Female,Germny,SR015,N,2966.7
INV129171,P0131,Product 131,Home Decor,5,158.45,28-01-2023 16:47,C002784,43,Female,Untied States,SR006,0,792.25
INV183242,P0061,Product 61,home decor,6,114.01,12-01-2023 10:41,C000926,25,Male,India,SR006,0,684.06
INV143660,P0196,Product 196,Beauty,3,736.45,19-04-2023 18:59,C003339,64,Female,Inda,SR019,0,2209.35
INV142589,P0075,Product 75,Home Decor,7,646.11,45195,C003870 ,25,Female,India,SR004,0,4522.77
INV167684,P0103,Product 103,Health ,5,493.28,13-01-2023 01:09,C003679,36,Male,USA,SR016,0,2466.4
INV158520,P0003,Product 3,ELECTRONISC,4,414.34,03-02-2023 18:29,C000156,50,Female,Germny,SR009,0,1657.36
INV114808,P0149,Product 149,Beauty,9,$32.12,14-05-2023 15:44,C002141,32,Male,Untied States,SR001,0,289.08
INV151309,P0065,Product 65,Electronics,2,505.2,30-08-2023 12:45,C001429 ,56,Male,U S A,SR014,0,1010.4
INV167238,P0075,Product 75,Home Decor,1,377.43,44931,C003421,54,Female,Untied States,SR017,0,377.43
INV150496,P0041,Product 41,Sports,1,425.79,21-09-2023 05:08,C003586,200,Male,U S A,SR017,0,425.79
INV152923,P0118,Product 118,Toys,8,975.71,25-12-2023 23:19,C001079,68,F,Uk,SR006,0,7805.68
INV143823,P0072,Product 72,Toyz,3,831.67,"Jun 17, 2023 02:04 AM",C004486,30,Female,Untied States,SR010,,2495.01
INV174352,P0138,Product 138,Books,5,515.48,13-09-2023 02:21,C004245,64,,Austalia,SR007,0,2577.4
INV163216,P0100,Product 100,Beauty,7,870.74,45154,C000147 ,39,Female,Canada,SR013,0,6095.18
INV108818,P0091,Product 91,Beauty,2,905.67,19-06-2023 18:14,C003478,45,Female,Uk,SR007,0,1811.34
INV197969,P0100,Product 100,Beauty,4,123.76,26-12-2023 08:56,C000915,200,Female,USA,SR019,0,495.04
INV189422,P0046,Product 46,Books,3,530.76,45272,C004979,43,,Inda,SR004,0,1592.28
INV188783,P0059,Product 59,home decor,7,462.38,07-08-2023 03:11,,22,Male,U S A,SR002,0,3236.66
INV183217,P0120,Product 120,Books,9,223.48,04-02-2023 01:22,C002283,25,Male,Germny,SR013,0,2011.32
INV184553,P0035,Product 35,Fashon,5,432.67,25-10-2023 12:07,,29,Female,Germny,SR012,0,2163.35
INV177805,P0020,Product 20,GROCERY,7,384.9,14-03-2023 14:28,C001498,41,Female,India,SR004,0,2694.3
INV188204,P0009,Product 9,Automotive,9,898.22,03-07-2023 16:03,C002190,21,Female,France,SR019,0,8083.98
INV17547,P0022,Product 22,beauty ,1,930.54,18-09-2023 18:45,C004914,64,Female,Canad,SR010,0,930.54
INV132187,P0147,Product 147,Home Decor,6,161.85,20-11-2023 22:14,C001456,40,,Untied States,SR017,0,971.1
INV181391,P0142,Product 142,Toyz,1,204.46,"Mar 12, 2023 02:59 PM",C001942,,Female,India,SR007,0,204.46
INV111596,P0193,Product 193,Electronics,1,670.59,07-10-2023 19:17,C001964,26,Female,France,SR011,0,670.59
INV152877,P0172,Product 172,Health,2,964.78,01-11-2023 09:59,C004450,28,Female,Germany,SR017,0,1929.56
INV154689,P0183,Product 183,Automotive,2,240.78,45050,C004227,21,Female,Germany,SR014,0,481.56
INV186213,P0143,Product 143,Toyz,8,537.82,45101,4869,56,Female,Uk,SR007,0,4302.56
INV196255,P0096,Product 96,beauty ,2 units,579.11,03-09-2023 19:35,C003051,69,Male,UK,SR001,,1158.22
INV149088,P0054,Product 54,beauty ,8,155,30-07-2023 22:31,C000327,37,Female,Frnace,SR018,0,1240
INV179319,P0061,Product 61,home decor,4,165.77,21-08-2023 11:07,,,Male,France,SR008,0,663.08
INV124718,P0105,Product 105,beauty ,5,147.16,24-06-2023 08:24,C000213,64,,Germny,SR008,0,735.8
INV140235,P0005,Product 5,Toys ,4,778.28,21-08-2023 12:25,C004939,64,Male,India,SR020,0,3113.12
INV198948,P0076,Product 76,Electronics,7,897.2,18-11-2023 07:11,C004252,41,Male,France,SR019,0,6280.4
INV186047,P0142,Product 142,Toyz,1,217.18,04-05-2023 12:35,C000025,35,Female,France,SR019,0,217.18
INV101278,P0062,Product 62,Health,1,593.53,08-08-2023 06:52,C002897,68,Male,France,SR017,0,593.53
INV105493,P0095,Product 95,Beauty,2,$702.94,45059,C002840,41,female,Germany,SR010,0,1405.88
INV151101,P0121,Product 121,home decor,7,986.98,45123,C001811,59,Female,Canad,SR009,0,6908.86
INV100339,P0005,Product 5,Toys,4,234.86,27-10-2023 01:18,843,46,Male,India,SR015,0,939.44
INV158950,P0178,Product 178,Toys,3,630.12,27-12-2023 02:24,C003921,60,Male,Inda,SR004,0,1890.36
INV191868,P0148,Product 148,Toyz,7,157.42,06-05-2023 10:11,C004791,55,Male,U S A,SR010,0,1101.94
INV117845,P0111,Product 111,Beauty,9,108.79,09-10-2023 16:19,C002983,41,Female,Frnace,SR008,0,979.11
INV151511,P0191,Product 191,Toyz,8,94.29,30-06-2023 15:58,C000732,59,Male,UK,SR005,0,754.32
INV120067,P0104,Product 104,beauty ,1,534.11,21-06-2023 00:15,C002503,46,Male,Australia,SR017,0,534.11
INV173932,P0025,Product 25,Beauty,9,226.53,17-08-2023 07:46,C001885,50,Male,Austalia,SR003,0,2038.77
INV131000,P0167,Product 167,Grocery,3,128.11,03-10-2023 16:31,C001163,39,Male,Canad,SR007,0,384.33
INV103343,P0071,Product 71,electronisc,4,322.43,"Aug 20, 2023 09:24 PM",C002457,48,Male,Canada,SR013,0,1289.72
INV137324,P0134,Product 134,Automotive,-4,359.18,03-04-2023 01:28,C000336,58,Female,Germany,SR005,1,"$-1,436.72 USD"
INV151360,P0078,Product 78,Books,3,41.17,04-06-2023 09:27,C003701 ,34,Female,UK,SR019,0,123.51
INV139762,P0007,Product 7,electronisc,7,745.34,11-12-2023 06:15,C001439,25,Male,France,SR012,0,5217.38
INV100314,P0012,Product 12,Fashon,7,854.39,01-02-2023 15:30,,33,Male,Germany,SR011,0,5980.73
INV134111,P0086,Product 86,Electronics,5,213.96,30-09-2023 17:47,2201,45,Male,Austalia,SR014,0,1069.8
INV189647,P0085,Product 85,Fashion,9,302.02,45275,C004284,5,,France,SR015,0,2718.18
INV137633,P0100,Product 100,Beauty,5,340.49,"Oct 17, 2023 07:23 AM",2476,19,Male,Canada,SR008,0,1702.45
INV102176,P0107,Product 107,home decor,9,233.43,02-01-2023 14:04,C000672,69,Female,Untied States,SR012,0,2100.87
INV133063,P0132,Product 132,Toys,6,899.42,30-06-2023 21:52,C004968,56,Fem,India,SR008,0,5396.52
INV155506,P0110,Product 110,Sports,3,632.57,16-11-2023 13:58,C001226,105,Male,Canada,SR001,0,1897.71
INV184275,P0133,Product 133 ***,GROCERY,1 units,675.12,14-04-2023 02:56,C002524,55,Male,Canada,SR005,0,675.12
INV125279,P0007,Product 7,electronisc,6,934.43,05-04-2023 06:13,C000973 ,25,Female,Uk,SR004,0,5606.58
INV162194,P0167,Product 167,Grocery,3,646.98,31-12-2023 05:12,C004048,55,Female,U S A,SR002,0,1940.94
INV154248,P0170,Product 170,GROCERY,1,910.47,45231,C001583,,Female,Untied States,SR007,0,910.47
INV123002,P0024,Product 24,Home Decor,8,518.42,45095,C003174,29,Female,Australia,SR001,0,4147.36
INV114838,P0055,Product 55,Automotive,4,491.45,45032,C003360,24,Female,Frnace,SR019,0,1965.8
INV102774,P0071,Product 71 (,electronisc,8,276.87,14-06-2023 21:51,C001424,29,Male,Untied States,SR018,0,2214.96
INV150164,P0142,Product 142,Toyz,5,263.18,09-03-2023 06:51,C004711,67,Female,Uk,SR009,N,1315.9
INV101423,P0013,Product 13,Grocery,5,684.31,24-08-2023 00:00,C000181,43,Male,U S A,SR001,0,3421.55
INV174779,P0003,Product 3,electronisc,7,627.96,45062,C003474,35,Female,Frnace,SR015,0,4395.72
INV156072,P0192,Product 192,Fashion,1,172.47,18-09-2023 12:55,C002020,47,Female,Austalia,SR003,0,172.47
INV194117,P0067,Product 67,HEALTH,9,276.42,27-03-2023 00:55,C001727,63,Male,France,SR002,0,2487.78
INV106885,P0011,Product 11,Fashion,9,464.69,14-12-2023 04:30,C000371,29,Female,UK,SR003,Y,4182.21
INV177547,P0048,Product 48,Fashon,7,206.49,04-03-2023 03:37,C003889,29,Female,USA,SR017,0,1445.43
INV14659,P0063,,beauty ,9,866.06 USD,31-10-2023 23:17,C002559,69,Male,Canada,SR014,N,7794.54
INV106492,P0126,Product 126,Toys,3,306.44,06-11-2023 08:05,C003153,9,Female,Austalia,SR020,0,919.32
INV168073,P0063,Product 63,beauty ,3,319.5,04-09-2023 17:12,C000627,5,Female,France,SR007,0,958.5
INV117191,P0038,Product 38,Home Decor,6,212.54,01-11-2023 12:08,C003982,31,Male,Canad,SR018,0,1275.24
INV108968,P0013,Product 13,Grocery,8,199.81,10-11-2023 05:25,C000507,66,Female,Canad,SR016,0,1598.48
INV117934,P0090,Product 90,Fashon,6,967.16,13-05-2023 18:01,C002603,60,Male,Germny,SR007,0,5802.96
INV177387,P0069,Product 69,Fashon,1,698.56,45247,C004422,30,Male,Germny,SR018,0,698.56
INV147931,P0003,Product 3,electronisc,8,49.36,27-02-2023 15:32,C001455,64,Female,Australia,SR013,0,394.88
INV122322,P0128,Product 128 ###,Electronics,3,274.39,27-11-2023 23:54,C000624,21,Male,Frnace,SR002,0,823.17
INV145866,P0053,Product 53,GROCERY,9,686.24,45290,C001890,65,Male,Canada,SR019,0,6176.16
INV180013,P0130,Product 130,Health,4,159.52,06-05-2023 18:44,C002723,19,Male,Austalia,SR004,0,638.08
INV150672,P0109,,Toyz,4,348.79,16-05-2023 12:58,C003702,37,Female,Canada,SR009,0,1395.16
INV142759,P0116,Product 116,SPORTS,9,431.68 USD,19-05-2023 18:26,C000159,61,Male,Uk,SR007,0,3885.12
INV196200,P0006,Product 6,electronisc,8,720.82,07-08-2023 15:15,C001191,51,Male,Germany,SR002,0,5766.56
INV138182,P0105,Product 105,beauty ,8,954.8,18-05-2023 18:47,C002727,69,Female,UK,SR002,0,7638.4
INV113897,P0135,Product 135,Health,1,386.05,10-05-2023 12:10,C000646,22,Female,France,SR006,0,386.05
INV150259,P0013,Product 13,Grocery,7,330.23,04-03-2023 19:42,C000962,50,Male,Australia,SR005,0,2311.61
INV100487,P0121,Product 121,home decor,6,$983.43,28-06-2023 08:45,C002574,46,Female,India,SR014,0,5900.58
INV141480,P0061,Product 61,home decor,7,585.97,30-06-2023 08:13,C002144,28,Female,Inda,SR020,0,4101.79
INV197768,P0089,Product 89,Home Decor ,3,624.3,08-01-2023 01:59,C003010,63,Male,Germny,SR008,0,1872.9
INV157158,P0137,Product 137 (,Electronics,8,864.77,24-11-2023 02:08,C001962,31,Male,France,SR015,0,6918.16
INV112599,P0182,Product 182,Toys,6,14.86,45145,C003102,24,Male,Austalia,SR011,0,89.16
INV172000,P0110,Product 110,Sports,8,242.88,02-05-2023 03:12,C003133,62,Female,Canada,SR015,0,1943.04
INV155704,P0018,Product 18,Toyz,6 units,297.1,"Jan 13, 2023 02:30 AM",C000690,40,Female,Frnace,SR011,0,1782.6
INV101253,P0168,Product 168,electronisc,2,341.45,05-04-2023 13:39,C000495,42,Male,Canada,SR005,Y,682.9
INV127900,P0087,Product 87,GROCERY,7,549.4,30-07-2023 20:29,C004543 ,48,Female,UK,SR020,0,3845.8
INV16872,P0037,Product 37,beauty ,8,33.43,11-08-2023 03:01,C001195,23,Male,Frnace,SR020,1,267.44
INV113116,P0041,Product 41,Sports,8,983.46,10-07-2023 15:17,C000582,51,Male,India,SR012,0,7867.68
INV119022,P0161,Product 161,Sports,8,84.62,08-01-2023 15:41,C000930,21,Female,UK,SR007,0,676.96
INV180191,P0105,Product 105,BEAUTY ,9,$349.82,10-06-2023 06:59,C004175,32,,Untied States,SR007,0,3148.38
INV181231,P0140,Product 140,beauty ,1,787.8,25-02-2023 15:30,1519,68,Female,Germany,SR002,0,787.8
INV141214,P0007,Product 7,electronisc,4,77.72,13-01-2023 04:37,C000031,50,Male,Austalia,SR007,0,310.88
INV192793,P0075,Product 75,Home Decor ,6,518.12,12-04-2023 15:32,C004499,34,Female,USA,SR018,0,3108.72
INV106583,P0128,Product 128,Electronics,9,400.85,"Jan 03, 2023 10:36 PM",C002116,43,Male,Germany,SR011,0,3607.65
INV123546,P0194,Product 194,GROCERY,5,751.6,18-01-2023 05:19,C001663,33,Female,Untied States,SR007,0,3758
INV198573,P0118,Product 118,Toys,4,211.59,14-05-2023 04:57,C002252,42,Female,Frnace,SR002,0,846.36
INV169840,P0171,Product 171,Electronics,1,775.33,27-09-2023 05:29,C002483,36,Male,France,SR017,0,775.33
INV130689,P0150,,Toyz,4,558.51,17-07-2023 03:52,C004232,34,Male,Austalia,SR004,0,2234.04
INV122559,P0175,Product 175,Home Decor,6,973.61,30-03-2023 18:22,C000266,57,Male,France,SR001,0,5841.66
INV128685,P0008,Product 8,Sports,2,684.87,26-10-2023 12:23,C004232,34,Male,Austalia,SR001,0,1369.74
INV118102,P0093,Product 93,Electronics,8 units,793.76,24-10-2023 05:01,C002943,42,Female,France,SR003,0,6350.08
INV148084,P0029,Product 29,Sports,7,380.29,20-10-2023 16:07,C004316,67,Male,Austalia,SR020,0,2662.03
INV104950,P0188,Product 188,Toys,8,943.68,08-12-2023 20:37,2056,30,Male,USA,SR001,0,7549.44
INV195191,P0173,Product 173,Grocery,2,271.74,45277,C000668,18,Male,Germny,SR015,0,543.48
INV120873,P0111,Product 111,Beauty,3,759.15,23-12-2023 03:34,C002587,32,Female,Australia,SR018,0,2277.45
INV102942,P0101,Product 101,SPORTS,1,85.72,18-10-2023 07:11,C004016,23,Fem,Austalia,SR001,0,85.72
INV135666,P0189,Product 189,GROCERY,3,518.61,03-11-2023 11:26,C003795,18,Female,Untied States,SR005,0,1555.83
INV160409,P0114,Product 114,beauty ,5,594.85,45168,C000286,43,Male,UK,SR016,0,2974.25
INV114517,P0176,Product 176,Sports,7,227.81,16-04-2023 06:29,4738,9,male,USA,SR016,0,1594.67
INV169785,P0024,Product 24,Home Decor,6,768.92,45216,C000992,63,Male,Frnace,SR014,0,4613.52
INV159838,P0038,Product 38,Home Decor,4,72.36,45138,C003308 ,33,Male,Australia,SR006,0,289.44
INV101691,P0092,Product 92,Home Decor,5,67.29,31-10-2023 12:33,C004680,38,Female,U S A,SR001,0,336.45
INV111067,P0095,Product 95,Beauty,7,422.08,30-06-2023 19:54,C001332,68,Male,Australia,SR013,0,2954.56
INV173599,P0099,Product 99 ###,Electronics,7,67.14,07-10-2023 19:30,C002705,25,Female,UK,SR001,0,469.98
INV123972,P0145,Product 145,Toys,9,9.68,45115,C000314,40,Male,USA,SR005,0,87.12
INV146171,P0072,Product 72,Toyz,7,271.93,08-01-2023 08:57,C002184,24,Male,USA,SR001,0,1903.51
INV125556,P0023,Product 23,Fashon,7,92.96,23-06-2023 05:32,C002990,58,Male,Austalia,SR008,0,650.72
INV156764,P0018,Product 18,Toyz,4,$665.89,07-02-2023 03:52,C000234,51,Female,France,SR007,0,2663.56
INV147755,P0058,Product 58,GROCERY,2,201.7,01-02-2023 13:51,3717,53,Male,Inda,SR011,0,403.4
INV118171,P0014,Product 14,Fashion,6,983.37,17-06-2023 05:38,C002954,38,Female,Frnace,SR011,0,5900.22
INV164955,P0179,Product 179,Health,5,992.94,20-12-2023 07:01,C001862 ,66,Female,Uk,SR009,0,4964.7
INV105663,P0075,Product 75,Home Decor,4,653.01,24-01-2023 08:18,,41,Female,Inda,SR006,0,2612.04
INV133232,P0162,Product 162,electronisc,9,957.46,19-06-2023 06:31,C003445,25,Male,UK,SR016,0,8617.14
INV113122,P0161,Product 161,Sports,1 units,832.29,12-05-2023 18:21,C000849,47,Male,Frnace,SR001,0,832.29
INV183837,P0125,Product 125,electronisc,7,575.22,12-01-2023 06:15,C001737,58,Male,Untied States,SR019,0,4026.54
INV115050,P0100,Product 100,Beauty,7,72.32,10-01-2023 16:42,C003142,44,Male,Germany,SR016,0,506.24
INV193475,P0028,Product 28,Toys,8,838.29,03-08-2023 11:58,C003757,64,Male,Inda,SR010,0,6706.32
INV116250,P0086,Product 86,Electronics,5,579.38,06-12-2023 09:44,C004336,22,Male,India,SR018,0,2896.9
INV171511,P0133,Product 133,Grocery,1,70.96,02-05-2023 21:09,C001057,,,Untied States,SR019,0,70.96
INV196980,P0162,Product 162,electronisc,-4,377.17,45020,C002836,66,female,Germny,SR005,1,-1508.68
INV169599,P0164,Product 164,Grocery,6,341.31,24-02-2023 16:46,C003547,45,Female,France,SR018,Y,"$2,047.86 USD"
INV140462,P0190,Product 190,GROCERY,-4,165.75,15-05-2023 03:51,C002385,52,Male,U S A,SR018,1,-663
INV167946,P0172,Product 172,Health,3,493.45,07-03-2023 20:32,C000291,21,Male,India,SR013,0,1480.35
INV102471,P0133,Product 133,Grocery,2,58.58,20-01-2023 01:02,C003905,49,Male,Canada,SR002,0,117.16
INV143312,P0029,Product 29,Sports,7,$12.45,44941,C002473,51,Male,U S A,SR017,0,87.15
INV110391,P0154,Product 154,FASHION,3,366.05,05-11-2023 03:11,C004223,55,Female,India,SR014,0,1098.15
INV181559,P0167,Product 167,Grocery,-4,327.43,03-01-2023 05:43,C002228,50,Male,Germny,SR002,1,-1309.72
INV119688,P0067,Product 67,Health,4,423.96,10-08-2023 06:20,C003277,31,Female,Germny,SR010,0,1695.84
INV195873,P0078,Product 78,Books,1,105.11,29-03-2023 14:00,C002191,24,Male,Canada,SR016,0,105.11
INV103562,P0060,Product 60,beauty ,8,882.08,14-05-2023 17:36,C004458,64,Male,Austalia,SR003,0,7056.64
INV113832,P0032,Product 32,Fashion,8,359.96,"Jun 25, 2023 09:24 AM",C004315,18,Female,Canada,SR009,0,2879.68
INV184599,P0072,Product 72,Toyz,7,843.24,21-08-2023 04:56,C001570,63,Male,U S A,SR018,0,5902.68
INV108101,P0062,Product 62,Health,6,$261.94,07-04-2023 20:30,C001163,39,Male,USA,SR005,0,1571.64
INV12346,P0041,Product 41,Sports,1,442.5,17-03-2023 11:36,C004235,33,Female,UK,SR013,0,442.5
INV188406,P0055,Product 55,Automotive ,2 units,744.64,"Jun 13, 2023 04:27 PM",C001999,69,Female,Untied States,SR004,0,1489.28
INV149832,P0075,Product 75,Home Decor,7,699.31,27-09-2023 01:17,C001075,66,Female,India,SR017,0,4895.17
INV165483,P0151,Product 151,Toyz,6,973.15,26-09-2023 04:53,C002565 ,30,Female,Australia,SR008,0,5838.9
INV187486,P0055,Product 55,Beauty,6,89.23,"Apr 25, 2023 06:47 AM",C002424,27,Female,Germany,SR019,0,535.38
INV111666,P0124,Product 124,Fashon,8,$314.96,25-12-2023 16:25,1568,49,,Germny,SR009,0,"$2,519.68 USD"
INV163107,P0046,Product 46,Books,5,955.59,09-08-2023 05:28,C000367 ,60,Female,USA,SR013,0,4777.95
INV155041,P0183,Product 183,Automotive,-4,794.97,01-02-2023 05:02,,54,Male,Germny,SR014,1,-3179.88
INV111641,P0102,Product 102,Toys,8,415.61,22-12-2023 11:29,C000652,66,Female,Uk,SR014,0,3324.88
INV163840,P0079,Product 79,Toys,2,108.82,19-01-2023 02:21,C002453,49,Fem,France,SR009,0,217.64
INV174289,P0109,Product 109,Toyz ,6,582.13,10-02-2023 03:17,C002642,42,Male,Frnace,SR015,0,3492.78
INV150405,P0193,Product 193,Electronics,5,369.56,14-02-2023 23:51,C004387,41,Female,Australia,SR003,0,1847.8
INV156979,P0162,Product 162,ELECTRONISC,6,393.88,45059,C003311,65,Female,India,SR004,0,"$2,363.28 USD"
INV185824,P0054,Product 54,beauty ,3,785.75,29-11-2023 09:08,C000913 ,22,Male,France,SR010,0,2357.25
INV178127,P0040,Product 40,Toyz,9,8.18,04-02-2023 01:41,C003210,45,Female,Austalia,SR007,0,73.62
INV124614,P0062,Product 62,Health,1,$848.27,02-04-2023 02:58,C000785,43,Male,Frnace,SR008,0,848.27
INV120213,P0104,Product 104,beauty ,3,283.75 USD,13-11-2023 10:55,C000065,65,Female,India,SR005,0,851.25
INV197306,P0077,Product 77,Beauty,1,108.78,25-01-2023 14:45,,60,Male,UK,SR016,0,108.78
INV191167,P0064,Product 64,home decor,2,984.97,13-08-2023 09:30,C004786,26,Female,Austalia,SR007,0,1969.94
INV136391,P0027,Product 27,Health,4 units,430.4,15-11-2023 03:03,C001258,34,Male,Inda,SR007,0,1721.6
INV163315,P0109,Product 109,Toyz,6,232.33,19-09-2023 21:10,C001400,56,Female,India,SR015,0,1393.98
INV113891,P0061,Product 61,home decor,6,330.43,02-10-2023 10:42,C004690,62,Female,Untied States,SR009,0,1982.58
INV117017,P0176,Product 176,Sports,9,396.86,21-10-2023 19:55,C000490,23,Female,U S A,SR002,0,3571.74
INV144202,P0103,Product 103 ###,Health,5,146.37,"Oct 01, 2023 05:10 PM",500,,Female,Australia,SR020,0,731.85
INV154861,P0170,Product 170,GROCERY,7,173,23-05-2023 20:54,C000747,9,Male,India,SR002,0,1211
INV127260,P0070,Product 70,Automotive,5,$308.92,13-08-2023 12:10,3958,28,Male,India,SR010,0,1544.6
INV138647,P0071,Product 71,electronisc,9,632.71,14-02-2023 04:10,C000639,35,Male,Australia,SR005,0,5694.39
INV198253,P0181,Product 181  [refurbished],Automotive,1 units,209.43,21-12-2023 16:58,C002322,30,,India,SR008,0,209.43
INV110933,P0127,Product 127,Electronics,3,142.79,24-04-2023 06:44,1430,63,Female,Inda,SR003,0,428.37
INV184816,P0178,Product 178  - damaged,Toys,8,$179.29,11-08-2023 05:06,C004521,36,Female,Germny,SR008,0,1434.32
INV146468,P0036,Product 36,Automotive,4,380.69,04-12-2023 06:45,C002717,42,Female,Australia,SR012,0,1522.76
INV104718,P0065,Product 65,Electronics,4,180.83,45088,C002024,43,Female,France,SR015,0,723.32
INV196958,P0199,Product 199,Health,7,670.55,20-10-2023 08:54,C000510,43,Male,Australia,SR016,0,4693.85
INV129989,P0133,Product 133,Grocery,5,117.74,20-04-2023 10:29,C002651,31,Female,Germany,SR019,,588.7
INV184414,P0186,,Books,2,701.02,15-04-2023 13:00,C002533,38,Female,U S A,SR006,0,"$1,402.04 USD"
INV154503,P0196,Product 196,Beauty,7,102.84 USD,30-01-2023 12:04,C004256,39,Male,USA,SR008,0,719.88
INV164925,P0097,Product 97,SPORTS,3,517.12,45245,C003038,24,Male,U S A,SR015,0,1551.36
INV132897,P0043,Product 43,Sports,2,$749.03,06-08-2023 23:58,C001343,52,Female,USA,SR002,0,1498.06
INV124774,P0189,Product 189,GROCERY,6,435.12,20-11-2023 10:29,C000989,54,Female,India,SR011,0,2610.72
INV130632,P0086,Product 86,Electronics,3,458.81,09-07-2023 19:59,C002742,36,Female,Canada,SR013,0,1376.43
INV191513,P0106,Product 106,Books,1,477.79,01-08-2023 10:12,C003169,38,Female,Frnace,SR015,0,477.79
INV111714,P0060,Product 60,beauty ,4,138.18,22-11-2023 23:56,C001179,19,Female,Canad,SR018,0,552.72
INV155087,P0180,Product 180,Electronics,2 units,316.61,08-04-2023 15:32,C003462,64,Male,France,SR012,0,633.22
INV176674,P0123,Product 123,FASHON,6,578.42,45220,,30,Male,UK,SR020,0,3470.52
INV116724,P0181,,Automotive,3,723.1,13-10-2023 22:21,C003936,65,Female,Canada,SR010,0,2169.3
INV155767,P0021,Product 21,beauty ,1,$446.56,14-07-2023 15:37,2375,26,Male,Untied States,SR015,0,446.56
INV116549,P0196,Product 196,Beauty,6,876.37,08-08-2023 15:35,,20,Male,Frnace,SR014,0,5258.22
INV117623,P0105,Product 105,beauty ,4,678.35,08-01-2023 08:20,C003291,42,Female,Frnace,SR007,0,2713.4
INV132264,P0081,Product 81,Beauty,6,151.79,16-04-2023 16:34,C004220,35,Female,Inda,SR006,0,910.74
INV141946,P0123,Product 123,Fashon,2,475.19,"Nov 25, 2023 08:26 AM",C001172,34,Female,Austalia,SR005,0,$950.38 USD
INV152136,P0188,Product 188,Toys,7,919.75,17-12-2023 06:30,C001091,51,Male,India,SR004,0,6438.25
INV127396,P0010,Product 10,Home Decor,6,124.15,11-03-2023 05:18,C003126,49,Male,USA,SR001,0,744.9
INV148750,P0030,Product 30,SPORTS,9,644.31,01-01-2023 10:21,4922,31,Male,India,SR010,0,5798.79
INV155053,P0001,Product 1,Toys,8,860.27,06-02-2023 15:50,C001719 ,28,Male,Uk,SR018,0,6882.16
INV191843,P0079,Product 79,Toys,9,703.83,19-01-2023 14:23,C001179,19,Female,Frnace,SR013,0,6334.47
INV18549,P0169,,GROCERY,5,$709.04,13-11-2023 18:53,C003973,,Male,Australia,SR002,0,3545.2
INV180754,P0066,Product 66,Toys,1,71.7,20-05-2023 20:35,C004299,52,Female,Frnace,SR002,0,71.7
INV189618,P0081,Product 81,Toys,-2,314.63,23-09-2023 14:07,C001340,47,Male,UK,SR006,1,-629.26
INV117672,P0178,Product 178,Toys,4,933.17,19-10-2023 13:32,C003249,53,Female,Germny,SR007,0,3732.68
INV128942,P0172,Product 172,HEALTH,6,740.55,04-09-2023 20:26,C001512,30,Male,Canad,SR007,0,4443.3
INV195315,P0122,Product 122,Grocery,5,633.73,45223,C003698,56,Female,Germany,SR008,0,3168.65
INV173392,P0173,Product 173 ***,Grocery,9,714.94,24-07-2023 15:07,C004097,50,Female,Uk,SR020,0,6434.46
INV110051,P0149,Product 149,Beauty,7,544.07,16-11-2023 05:45,C000261,54,Male,USA,SR017,0,3808.49
INV189862,P0039,Product 39,SPORTS,6,90.87,"Dec 05, 2023 03:13 PM",C001026,69,Female,Australia,SR010,0,545.22
INV108065,P0007,Product 7,electronisc,2,$930.46,45096,C003621,40,Male,Austalia,SR019,0,1860.92
INV150367,P0178,Product 178,Toys,4,221.07,12-12-2023 18:25,C002519,39,Female,France,SR005,0,884.28
INV157870,P0168,Product 168,electronisc,5,95.18,02-09-2023 15:17,C004375,,Female,Germany,SR008,0,475.9
INV143578,P0035,Product 35,Fashon,7,479.22,14-01-2023 12:02,C001273,59,Male,France,SR006,0,3354.54
INV137603,P0057,Product 57,Automotive,9,326.08,05-02-2023 14:53,C000036,65,Female,India,SR017,0,2934.72
INV114845,P0120,Product 120,Books,6,79.64,05-05-2023 08:33,C004138,27,Male,Germny,SR011,0,477.84
INV173234,P0125,Product 125,electronisc,7,696.37,16-08-2023 22:38,C001783,28,,India,SR009,0,"$4,874.59 USD"
INV185251,P0164,Product 164,Grocery,3,963.84,45105,C004111,45,Male,USA,SR007,0,2891.52
INV124410,P0151,Product 151,Toyz,5 units,444.03,19-10-2023 17:02,4238,25,Male,India,SR014,0,2220.15
INV163998,P0088,Product 88,Beauty,3,977.82,44987,C004470,41,Male,U S A,SR008,0,2933.46
INV119215,P0146,Product 146,Fashion,3,322.32,44974,C003488,19,Male,France,SR013,0,966.96
INV168681,P0022,Product 22,beauty ,1,582.84,04-07-2023 19:19,C000223,65,Male,Canada,SR006,0,582.84
INV17392,P0018,Product 18,Toyz,5,119.51,15-02-2023 08:04,C003608,44,Female,Australia,SR009,0,597.55
INV128157,P0196,Product 196,Home decors,2,$479.19,45072,C003647,20,Male,U S A,SR011,0,958.38
INV126863,P0166,Product 166,Fashion,9,57.97,07-12-2023 04:59,4526,36,Female,Frnace,SR002,0,521.73
INV176189,P0185,Product 185,ELECTRONISC,2,578.53,20-11-2023 01:47,,38,Male,U S A,SR007,0,1157.06
INV105926,P0133,Product 133,Grocery,2,191.23,44978,C002799,64,Male,Canad,SR020,0,382.46
INV193688,P0066,Product 66,Toys,6,244.05,26-04-2023 22:44,C001826,25,Female,Uk,SR006,0,1464.3
INV110664,P0186,Product 186,Books,4,340.61,09-06-2023 23:19,C002870,23,Male,Austalia,SR011,0,1362.44
INV169567,P0113,Product 113,home decor,8,$132.95,09-04-2023 05:45,C000791,66,Female,Uk,SR010,0,1063.6
INV128437,P0093,Product 93,Electronics,5,722.01,20-03-2023 06:04,C002738,60,Male,USA,SR011,N,3610.05
INV161066,P0035,Product 35,Fashon,8,553.11,12-05-2023 13:13,C001751,45,male,Frnace,SR009,0,4424.88
INV131243,P0091,Product 91,Automotive,5,490.66,26-09-2023 07:51,C003713,61,Female,Uk,SR018,1,2453.3
INV170446,P0035,Product 35,Fashon,9 units,$37.79,20-05-2023 00:35,C000120,43,Female,Inda,SR019,0,340.11
INV146027,P0116,Product 116,Sports,4,896.89,10-12-2023 23:43,C002581,28,Male,USA,SR008,0,3587.56
INV130126,P0023,Product 23,Fashon,3,12.9,45071,C000356,33,Male,Inda,SR001,0,38.7
INV150263,P0010,Product 10,Home Decor,7,268.51,04-11-2023 17:56,C001068,18,Male,Frnace,SR008,0,1879.57
INV122721,P0153,Product 153,Fashion,2,$180.55,05-09-2023 18:20,C001757,67,Male,USA,SR016,0,361.1
INV194011,P0196,Product 196,Beauty,5,97.62,02-11-2023 10:54,C004930,60,Male,Austalia,SR007,0,488.1
INV121746,P0178,Product 178,Toys,3,833.46,19-06-2023 02:37,C001868,53,Fem,France,SR018,0,2500.38
INV166544,P0126,Product 126 ###,Toys,3,371.55,22-11-2023 04:18,C001311,29,Female,Germny,SR005,0,1114.65
INV173962,P0147,Product 147,Home Decor,3,883.35,26-02-2023 22:11,C001392,46,Female,Germny,SR007,0,2650.05
INV115251,P0001,Product 1,Toys,6,$661.33,21-01-2023 07:36,C003142,44,Male,Canada,SR005,0,3967.98
INV161289,P0186,Product 186,Books,1,483.46,06-08-2023 06:29,C000455,33,Female,Germany,SR017,0,483.46
INV154130,P0072,Product 72,Toyz,3,706.39,08-06-2023 08:48,C002931,47,Female,Canad,SR017,0,2119.17
INV165260,P0192,Product 192,Fashion,4,874.5,22-04-2023 11:18,C003564,21,Female,USA,SR002,0,3498
INV148642,P0113,Product 113,home decor,1,732.58,45273,C001137,65,Male,Canada,SR014,0,732.58
INV177061,P0189,Product 189,GROCERY,5,554.41,45169,C002887,62,MALE,India,SR003,0,2772.05
INV150411,P0163,Product 163,TOYZ,2,988.36,12-08-2023 03:59,C003500,26,Female,India,SR014,0,1976.72
INV109632,P0198,Product 198,Health,2,550.94,16-12-2023 09:06,C003523,43,female,USA,SR014,1,1101.88
INV146604,P0069,Product 69,Fashon,7,$148.69,20-08-2023 01:58,C000547,18,Female,Uk,SR013,0,1040.83
INV115170,P0132,Product 132,Toys,5,757.48,23-12-2023 18:12,C000017,52,Female,UK,SR013,0,3787.4
INV101486,P0034,Product 34,Toys,7 units,545.22,14-07-2023 21:09,C003879,69,,UK,SR013,0,3816.54
INV157970,P0014,Product 14,Fashion,8,$760.60,"Sep 25, 2023 08:24 PM",C002803,41,Female,Austalia,SR006,0,"$6,084.80 USD"
INV102194,P0165,Product 165,BEAUTY,6,380.84,14-11-2023 10:15,C003594,66,Female,Austalia,SR006,0,2285.04
INV106011,P0021,Product 21,beauty ,5,432.58,14-12-2023 01:28,C003287 ,47,Female,U S A,SR017,0,2162.9
INV170002,P0076,Product 76,Electronics,2,975.89,30-08-2023 16:15,C002652,,Male,Untied States,SR020,0,1951.78
INV100761,P0101,Product 101,SPORTS,2 units,467.68,"Sep 18, 2023 10:01 AM",C003650,49,Female,Frnace,SR010,0,935.36
INV150851,P0185,Product 185,electronisc,1,752.58,29-09-2023 13:00,C003856,,Male,Canad,SR001,0,752.58
INV149310,P0101,Product 101,SPORTS,3,148.07,"Dec 04, 2023 02:17 AM",C000777,28,Female,Austalia,SR015,0,444.21
INV169049,P0151,Product 151,Toyz,6 units,679.8,45203,C003045,39,Female,Austalia,SR003,N,4078.8
INV160381,P0169,Product 169,GROCERY,6,273.63,44936,C003466,37,Male,France,SR010,0,1641.78
INV163781,P0065,Product 65,Electronics,5 units,727.96,07-11-2023 05:17,C003229 ,31,Male,Untied States,SR012,0,3639.8
INV181581,P0081,Product 81,Toys,1,390.13,13-01-2023 23:07,C003620,52,Male,U S A,SR012,0,390.13
INV123490,P0157,Product 157,Electronics,5,262.6,07-08-2023 14:41,C003217,25,,UK,SR015,0,1313
INV187288,P0167,Product 167,Grocery,4,418.81,45260,C001369,30,Female,U S A,SR002,0,1675.24
INV183422,P0103,Product 103,Health,9,81.42,17-04-2023 04:34,C003209,57,Female,UK,SR008,0,732.78
INV182892,P0027,Product 27,Health,2,$957.66,05-09-2023 00:06,C002413,32,Male,Inda,SR005,0,1915.32
INV190926,P0077,Product 77,Beauty,3,290.29,10-11-2023 16:05,C004378,20,Male,U S A,SR013,0,870.87
INV142028,P0058,Product 58,GROCERY,1,746.38,18-07-2023 04:24,C000756,68,Male,Germany,SR013,0,746.38
INV181794,P0135,Product 135 ###,Health,5,917.93,23-01-2023 02:29,C002127,60,Female,Germny,SR016,0,4589.65
INV199315,P0030,Product 30,SPORTS,8 units,131.05,44942,C000675,39,Male,Untied States,SR001,0,1048.4
INV106485,P0076,Product 76,Electronics,1,540.31,30-05-2023 15:01,C001640,30,Female,Frnace,SR018,0,540.31
INV132388,P0105,Product 105,beauty ,5,307.38,31-03-2023 17:53,C002340,40,Male,UK,SR011,0,1536.9
INV100860,P0073,Product 73,Automotive,5,807.17,45017,C002132,67,Female,U S A,SR005,0,4035.85
INV174992,P0083,Product 83,Automotive,9,473.12,45029,C001636,46,Male,U S A,SR019,0,4258.08
INV155720,P0015,Product 15,Electronics ,5,288.79,15-09-2023 10:05,2247,28,Male,Australia,SR003,0,1443.95
INV147074,P0035,Product 35,Fashon,2,394.95,19-04-2023 08:12,C001430,63,Female,Canad,SR002,0,789.9
INV195685,P0136,Product 136,Beauty,6,477.36,03-02-2023 21:06,C003720,50,Female,Germny,SR016,0,2864.16
INV173421,P0067,Product 67,Health,9,591.74,45195,C003062,20,Male,U S A,SR011,0,5325.66
INV140147,P0184,Product 184,Electronics,9,992.93,07-10-2023 08:58,1256,69,Male,Germany,SR013,0,8936.37
INV129166,P0013,Product 13,Grocery,9,487.86,16-01-2023 20:44,C003181,43,Male,Inda,SR007,0,4390.74
INV129965,P0075,Product 75,Home Decor,6,221.12,45230,1098,46,Female,UK,SR016,0,1326.72
INV116469,P0050,Product 50,Books,5,$861.77,08-02-2023 05:31,C004891,,Female,Germany,SR020,0,4308.85
INV151936,P0185,Product 185  - damaged,ELECTRONISC,4,155.83,14-12-2023 09:52,C001237,28,Male,Australia,SR007,0,623.32
INV166955,P0161,Product 161,Sports,8,770.98,05-07-2023 06:33,C001738,25,Male,Germny,SR001,0,6167.84
INV131314,P0170,Product 170,GROCERY,1,584.68,03-11-2023 01:33,C001510,45,Female,Germny,SR017,0,584.68
INV182037,P0035,Product 35,Fashon,8 units,274.29,07-01-2023 04:39,C004661,26,Female,Australia,SR002,0,2194.32
INV139597,P0007,Product 7,electronisc,9,74.66,19-07-2023 23:12,C002644,19,Male,U S A,SR007,0,671.94
INV141136,P0067,Product 67,Health,5,202.53,26-02-2023 09:17,C001283,47,Female,Germny,SR014,0,"$1,012.65 USD"
INV170919,P0085,Product 85,Fashion,6,422.5,15-08-2023 18:20,C000601,27,Female,Inda,SR003,0,2535
INV165539,P0074,Product 74,Home Decor,3,710.53,"Nov 27, 2023 01:57 PM",C001240,,Female,Canada,SR008,0,2131.59
INV135840,P0082,Product 82,Health,8,159.98,45012,2972,43,Female,Australia,SR009,0,1279.84
INV187546,P0124,Product 124,Fashon,3,64.8,44938,C003699,45,Female,Australia,SR001,0,194.4
INV148161,P0039,Product 39,SPORTS,4,415.49,19-02-2023 17:46,C000264,18,Male,Australia,SR015,0,1661.96
INV155034,P0178,Product 178,Toys,6,909.33,01-01-2023 11:53,C004587,56,Female,Germany,SR004,0,5455.98
INV129470,P0061,Product 61,home decor ,1,$868.96,12-04-2023 03:01,C001389,69,Male,Canada,SR020,0,868.96
INV187967,P0195,Product 195,Fashon,2,679.38,22-10-2023 02:03,C003706,23,Female,Frnace,SR016,0,1358.76
INV188075,P0035,Product 35,Fashon,1,465.23,05-08-2023 17:07,C000700,42,Male,Canad,SR003,0,465.23
INV183626,P0179,Product 179,Health,9,737.2,17-03-2023 08:36,,36,Female,India,SR004,0,6634.8
INV167910,P0109,Product 109,Toyz,2,759.46,19-08-2023 09:35,C001335,,M,Australia,SR007,0,1518.92
INV131973,P0043,Product 43,Sports,5,407.72,07-11-2023 08:19,C002491,24,Female,Inda,SR020,0,2038.6
INV184408,P0014,Product 14,Fashion,6,788.1,19-03-2023 00:50,C003732,35,Male,UK,SR006,0,4728.6
INV169947,P0153,Product 153,Fashion,3,679.66,06-08-2023 22:03,C001917,22,Female,Germny,SR017,0,2038.98
INV168654,P0043,Product 43,Sports,6,856.97,20-03-2023 04:56,C000395,39,Female,Germny,SR013,0,5141.82
INV185017,P0163,Product 163,Toyz,-2,652.34,07-07-2023 10:31,C000838,9,Female,France,SR015,1,-1304.68
INV154855,P0089,Product 89,Home Decor,1,$35.03,30-12-2023 13:13,C004549,68,Female,Germany,SR017,0,35.03
INV130030,P0162,Product 162,electronisc,3,638.08,12-07-2023 03:44,C004801,39,Female,USA,SR006,0,1914.24
INV164706,P0186,Product 186,Books,2,727.73,05-11-2023 01:14,C001775,,Male,Frnace,SR019,0,1455.46
INV188939,P0107,Product 107,home decor,7,957.79,10-11-2023 06:28,C000268,60,M,India,SR006,0,6704.53
INV196591,P0013,Product 13,Grocery,1,874.79,45276,C002558,46,Female,Frnace,SR014,0,874.79
INV105685,P0138,Product 138,Books,8 units,375.04,44980,C002812,27,Male,U S A,SR015,,3000.32
INV122068,P0089,Product 89  [refurbished],Home Decor,9,710.51,45102,C000925,46,Male,Uk,SR007,0,6394.59
INV168042,P0058,Product 58,GROCERY,4,560.26,07-11-2023 22:56,C000673,32,Female,Germany,SR003,0,2241.04
INV186995,P0053,Product 53,GROCERY,5,939.92,13-12-2023 04:03,C004297,37,Male,India,SR012,0,4699.6
INV196154,P0074,Product 74,Home Decor,6,227.85,01-06-2023 01:43,C001590,45,Male,France,SR012,0,1367.1
INV139805,P0171,Product 171,Electronics,8 units,797.87,29-11-2023 19:46,C004494,29,Female,France,SR010,0,6382.96
INV185201,P0180,Product 180,Electronics,4,692.57,45119,C004679,65,M,USA,SR019,0,2770.28
INV169704,P0188,Product 188,Toys,6,171.86,27-12-2023 14:10,C000584,47,Female,Untied States,SR007,0,1031.16
INV193513,P0104,Product 104,beauty ,-4,360.42,45234,C002077,,Female,Australia,SR012,1,-1441.68
INV167667,P0041,Product 41,Sports,8,965.03,20-02-2023 08:07,C003570,36,Male,Inda,SR004,0,7720.24
INV160710,P0162,Product 162,electronisc,3,$940.06,07-06-2023 08:49,C001008,69,Male,U S A,SR009,0,2820.18
INV110756,P0111,Product 111,Beauty,8,347.97,24-09-2023 11:22,C000851,38,Female,Austalia,SR015,0,2783.76
INV172545,P0162,Product 162,electronisc,4,$865.95,29-10-2023 21:36,C004824,66,Male,France,SR012,0,3463.8
INV189533,P0127,Product 127,Electronics,3,551.89,11-02-2023 15:41,C002730,48,Male,Canad,SR012,0,1655.67
INV11468,P0029,Product 29,Sports,8,482.1,30-06-2023 05:40,C004630,,Male,USA,SR011,0,"$3,856.80 USD"
INV141454,P0060,Product 60,beauty ,2,189.92,02-03-2023 03:18,C000827 ,47,Female,Canada,SR016,0,379.84
INV120295,P0049,Product 49,Fashion,5,8.7,05-05-2023 04:56,C003557,50,Male,India,SR012,0,43.5
INV110727,P0172,Product 172,Health,8 units,663.64,10-05-2023 15:28,C001554,49,Male,India,SR019,0,5309.12
INV145980,P0124,Product 124,Fashon,5,704.93,09-12-2023 18:37,C000081,46,Female,Germny,SR012,0,3524.65
INV182697,P0060,Product 60,beauty ,4,857.55,12-07-2023 03:40,C001468,9,Female,Untied States,SR020,0,3430.2
INV110564,P0031,Product 31,HEALTH,3,951.28,45276,,57,Male,Austalia,SR019,0,2853.84
INV162875,P0038,Product 38 ###,Home Decor,-4,713.3,14-03-2023 20:06,C000645,18,Female,India,SR014,1,-2853.2
INV126843,P0055,Product 55,Automotive,4,830.45,21-06-2023 10:11,C001339,48,Male,India,SR003,0,"$3,321.80 USD"
INV190262,P0102,Product 102,Toys,9,331.7,02-05-2023 02:52,,28,Male,Germny,SR013,0,2985.3
INV125170,P0006,Product 6,electronisc,9,995.18,17-05-2023 08:25,C001634,63,Female,Austalia,SR015,0,8956.62
INV183104,P0070,Product 70  [refurbished],AUTOMOTIVE,5,743.01,06-04-2023 12:02,C004330,39,Female,Uk,SR017,0,3715.05
INV189532,P0125,Product 125,electronisc,9,762.39,30-09-2023 09:01,C002811,38,Male,Canada,SR017,0,6861.51
INV164022,P0026,Product 26,Toys,1,197.06,05-10-2023 16:26,C000843,46,Male,U S A,SR017,0,197.06
INV165766,P0052,Product 52,SPORTS,1,214.94,01-08-2023 08:26,C004746,60,male,France,SR001,0,214.94
INV154664,P0166,Product 166,Fashion,3,734.09,14-12-2023 10:01,C003026,56,Male,France,SR005,0,2202.27
INV137507,P0121,,home decor,8,490.49,22-05-2023 02:27,C001871,51,Female,U S A,SR013,0,3923.92
INV181144,P0140,Product 140,Electronics,2,7.71,15-03-2023 00:48,C001848,29,Female,Untied States,SR015,0,15.42
INV119898,P0113,Product 113,home decor,4,$799.48,28-07-2023 22:41,C001950,29,Female,Untied States,SR008,1,3197.92
INV192812,P0175,Product 175,Home Decor,7,555.17,01-02-2023 01:53,C000944,37,Male,UK,SR012,0,3886.19
INV177400,P0072,Product 72,Toyz,6,$600.34,20-12-2023 16:36,C000374,9,Female,Austalia,SR012,0,3602.04
INV135576,P0013,Product 13,Grocery,4 units,450.53,13-11-2023 13:48,C001366,46,Male,Inda,SR019,,1802.12
INV104548,P0017,Product 17,Fashon,9,240.72,18-12-2023 21:23,C002126,32,Fem,Canada,SR019,0,2166.48
INV179313,P0116,Product 116,Sports,1,853.31,26-04-2023 08:03,C000257,50,Male,Inda,SR009,0,853.31
INV156804,P0052,Product 52,SPORTS,7,172.42,16-07-2023 12:23,C002510,69,Female,Australia,SR004,0,1206.94
INV150281,P0003,Product 3,electronisc,5,$638.99,44962,C002103,27,,France,SR007,0,3194.95
INV124315,P0157,Product 157,Electronics,9,536.06,45178,C000658,43,F,Germany,SR004,0,4824.54
INV113176,P0051,Product 51,Sports,9,551.85,04-06-2023 08:02,C003946,42,Male,Germny,SR015,0,4966.65
INV155126,P0037,Product 37,beauty ,7,5.68,24-02-2023 04:39,,19,Male,Austalia,SR020,0,39.76
INV128536,P0130,Product 130,Health ,6,585.13,26-04-2023 19:45,,55,Female,France,SR019,0,3510.78
INV193011,P0191,Product 191,Toyz,8,906.13,17-11-2023 18:24,C003368,39,Male,France,SR016,0,7249.04
INV108948,P0138,Product 138,Books,7,492.24,08-04-2023 07:23,C000549,57,Male,Untied States,SR008,0,3445.68
INV121362,P0144,Product 144,Fashon,9,945.62,28-07-2023 22:23,,47,Male,Untied States,SR012,Y,8510.58
INV159711,P0103,Product 103,Health,2,56.1,"Mar 30, 2023 07:43 AM",2711,61,Male,Uk,SR017,0,112.2
INV167765,P0085,Product 85,Fashion,8,742,28-03-2023 16:30,C001382,30,Male,Canada,SR014,0,5936
INV106408,P0062,Product 62 ***,Health,2,103.55,02-09-2023 07:43,C000419,45,Male,Australia,SR009,0,207.1
INV144120,P0008,Product 8,Sports,2,$726.50,22-06-2023 16:50,C003690,44,Male,Australia,SR006,0,1453
INV143472,P0097,Product 97,SPORTS,8,915.83,20-07-2023 18:40,C001897 ,19,Female,Germny,SR010,0,7326.64
INV110055,P0003,Product 3,Home decors,5,165.24,45016,,31,Female,Frnace,SR014,0,826.2
INV183245,P0200,Product 200,Home Decor,6,518.59,45143,C003455,25,Male,Uk,SR003,0,3111.54
INV150109,P0162,Product 162,electronisc,2,293.41,45206,C002297 ,25,Male,UK,SR019,0,586.82
INV147534,P0020,Product 20,GROCERY,3,$459.91,13-04-2023 04:08,,56,Female,Australia,SR012,0,1379.73
INV154387,P0087,Product 87,GROCERY,2,60.74,45233,C004097,50,Female,Untied States,SR018,0,121.48
INV146268,P0028,Product 28,Toys,9,474.32,14-10-2023 19:13,C002138,60,Male,Australia,SR019,0,4268.88
INV122010,P0047,Product 47,Sports,-3,585.66,45252,C000675,39,Male,Germny,SR004,1,-1756.98
INV189367,P0116,Product 116,Sports,3,426.25,"Aug 21, 2023 11:45 PM",C004523,50,Male,U S A,SR004,0,1278.75
INV141902,P0053,Product 53,GROCERY,6,821.79,05-11-2023 23:01,C004158,48,Male,Australia,SR013,0,4930.74
INV186039,P0129,Product 129,home decor,9,834,27-04-2023 08:33,C003791,18,Male,U S A,SR014,0,7506
INV149759,P0154,Product 154,Fashion,3,523.74,20-05-2023 06:38,C001090,63,Female,Uk,SR013,0,1571.22
INV103846,P0056,Product 56,SPORTS,2,651.35 USD,07-08-2023 03:06,C000040,20,Male,France,SR020,0,1302.7
INV143336,P0039,,SPORTS,6,940.15,09-09-2023 20:56,C000383,67,Female,Canada,SR015,0,5640.9
INV151039,P0191,Product 191,Toyz,8,596.59,28-01-2023 02:39,C004740,49,Female,U S A,SR005,0,4772.72
INV166373,P0022,Product 22,beauty ,-4,116.32,45014,C001915,105,Female,Inda,SR001,1,-465.28
INV128658,P0153,Product 153,Fashion,4,714.94,06-02-2023 06:47,C003397,31,Male,Frnace,SR011,0,2859.76
INV121182,P0033,Product 33,beauty ,7,$649.96 USD,44989,C003873,49,Female,Canad,SR010,0,4549.72
INV182936,P0090,Product 90,Fashon,9,647.67,11-10-2023 03:58,C001916,54,MALE,Untied States,SR018,0,5829.03
INV172269,P0117,Product 117,HOME DECOR,7,596.87,28-12-2023 10:00,C003848,31,Male,USA,SR002,0,4178.09
INV177259,P0055,Product 55,AUTOMOTIVE,8,164.93,22-12-2023 19:01,C003887,25,Female,Australia,SR016,0,1319.44
INV118767,P0040,Product 40,Electronics,4,624.67,06-10-2023 12:15,C001556,47,Female,USA,SR018,0,2498.68
INV198634,P0145,,Toys,6,855.12,45238,C001273,59,Male,Frnace,SR012,0,5130.72
INV144126,P0020,Product 20,GROCERY,6,764.7,06-04-2023 14:19,C004297,37,Male,U S A,SR006,0,4588.2
INV198766,P0041,Product 41,Sports,5,929.78,08-03-2023 04:18,C002225,36,Female,Inda,SR006,0,4648.9
INV167775,P0036,Product 36,Automotive,5,192.51,44991,C004044,52,Male,Austalia,SR006,0,962.55
INV115174,P0170,Product 170,GROCERY,3,517.52,10-10-2023 03:44,C003238,35,Female,Uk,SR018,0,1552.56
INV192513,P0033,Product 33,BEAUTY ,2,641.76,23-06-2023 16:27,C000238,36,Female,Frnace,SR004,0,1283.52
INV103871,P0051,Product 51,Sports,6,603.71,05-05-2023 21:07,C004224,35,Male,Australia,SR002,0,3622.26
INV18493,P0168,Product 168,electronisc,6,449.42,45120,C003646,68,Female,Untied States,SR015,0,2696.52
INV116764,P0119,Product 119,Fashion,4,821.58,06-01-2023 10:47,C000462,25,Female,Untied States,SR018,0,3286.32
INV106707,P0089,Product 89,Home Decor,4,271.8,"Feb 19, 2023 09:05 AM",C001436,24,Female,Canada,SR012,0,1087.2
INV159821,P0077,Product 77,Beauty,8,61.82,11-05-2023 18:30,C002927,47,Female,Uk,SR019,0,494.56
INV157370,P0008,Product 8,Sports,8,293.99,04-06-2023 17:28,C002596,18,Female,Australia,SR007,0,2351.92
INV151941,P0106,Product 106,Books,8,480.27,06-02-2023 07:03,C004317,18,Male,Canada,SR002,0,3842.16
INV186530,P0141,Product 141,Health,1,558.86,13-03-2023 19:27,C003343,63,Female,Austalia,SR007,0,558.86
INV138280,P0080,Product 80,Health,8,875.02,"Sep 29, 2023 07:42 AM",C002051,58,M,India,SR010,0,7000.16
INV135957,P0021,Product 21,beauty ,7,267.94,03-09-2023 18:54,C001358,57,Male,Austalia,SR008,0,1875.58
INV129775,P0177,Product 177,HOME DECOR,4,424.78,45158,C000655,62,Female,Uk,SR014,0,1699.12
INV156557,P0044,Product 44,Fashion,5,901.28,45200,C000678,45,Female,Untied States,SR012,0,4506.4
INV113344,P0105,Product 105,beauty ,6,945.46,09-10-2023 05:16,C001597,37,Male,India,SR018,0,5672.76
INV147996,P0061,Product 61,home decor,1,856.69,28-12-2023 12:09,C000137,40,M,Uk,SR018,0,856.69
INV186971,P0111,Product 111,Beauty,4,697.47,45096,C004965,20,Male,Frnace,SR001,0,2789.88
INV103822,P0142,Product 142,Toyz,3,697.51,27-05-2023 04:09,C001178,57,Male,India,SR016,0,2092.53
INV164837,P0194,Product 194,GROCERY,8,289.08,26-04-2023 14:14,C001317,64,,Canad,SR017,0,2312.64
INV152888,P0137,Product 137,Electronics,9,425.93,14-08-2023 14:38,C003569 ,37,Female,Uk,SR006,0,3833.37
INV118617,P0136,Product 136,Beauty,2,107.8,29-04-2023 23:52,C004668,19,Female,Germany,SR009,0,215.6
INV156438,P0119,Product 119,Fashion,1,746.96,24-09-2023 00:01,C002317,25,Male,Canada,SR010,0,746.96
INV167617,P0007,Product 7,electronisc,4,516.2,15-09-2023 21:54,C004930,60,Male,Canada,SR012,0,2064.8
INV100199,P0122,,Grocery,1,590.39,17-02-2023 22:46,C004026,52,Male,Frnace,SR005,0,590.39
INV183642,P0128,Product 128,Electronics,3,821.27,26-01-2023 18:09,C002368 ,67,Female,Canada,SR018,0,2463.81
INV151368,P0163,Product 163,Toyz,7,657.9,20-09-2023 04:33,C002263,28,Female,Germny,SR003,0,4605.3
INV159192,P0181,,Automotive,2,200.92,24-03-2023 18:13,C000923,69,Male,Germny,SR007,0,401.84
INV188218,P0091,Product 91,Automotive,2,37.64,15-01-2023 00:10,C004843,40,Female,Germny,SR013,0,75.28
INV183811,P0104,Product 104,beauty ,6,729.46,23-07-2023 01:07,C001850,47,Female,Frnace,SR006,0,4376.76
INV162803,P0075,Product 75,Home Decor ,8,969.79,15-05-2023 02:26,C004090,53,Male,Canad,SR013,0,7758.32
INV138722,P0056,Product 56,SPORTS,7,565.56,14-09-2023 13:41,C000141,19,Male,Inda,SR005,0,3958.92
INV131373,P0001,Product 1,Toys,4,776.65,03-12-2023 07:45,C001496,28,Male,Austalia,SR011,0,3106.6
INV146750,P0013,Product 13,Grocery,5,247.23,45229,C003393,62,Female,Uk,SR003,0,1236.15
INV109218,P0065,Product 65,Electronics ,-4,691.48,45123,C004521,36,Female,Germany,SR001,1,-2765.92
INV153011,P0198,Product 198,Health,1,41.54,13-09-2023 14:24,C003028,29,Female,Canada,SR016,0,41.54
INV175956,P0017,Product 17,Fashon ,1,824.57,17-09-2023 07:16,C004362,46,,Canad,SR014,0,824.57
INV164745,P0074,Product 74,Home Decor,3,450.68,09-11-2023 13:00,C002254,52,Female,U S A,SR003,0,1352.04
INV153350,P0086,Product 86,ELECTRONICS,1,199.93,45224,C000205,33,Female,Germny,SR015,0,199.93
INV129246,P0194,Product 194,GROCERY,9,677.36,04-07-2023 08:22,C000772,47,Female,Australia,SR014,0,6096.24
INV121134,P0040,Product 40,Toyz,7,152.38,14-10-2023 19:09,C002104,19,Female,Untied States,SR016,0,1066.66
INV175671,P0024,Product 24 ***,HOME DECOR,1,$277.41,24-05-2023 08:10,C000333,66,Female,Canada,SR018,0,277.41
INV163198,P0147,Product 147,Home Decor,1,996.79,44999,C003910,41,Male,Australia,SR012,0,996.79
INV163126,P0122,Product 122,Grocery,1,901.63,16-09-2023 06:05,C002499,34,Female,Germany,SR003,0,901.63
INV132423,P0164,Product 164,Grocery,3 units,619.94,04-07-2023 00:22,C001794,29,Male,Inda,SR015,0,1859.82
INV18348,P0015,Product 15,ELECTRONICS,6,611.46,45286,C000007,50,,USA,SR017,0,3668.76
INV148482,P0140,Product 140,beauty ,4,$143.52,06-06-2023 20:28,C003297,47,Female,Inda,SR004,0,574.08
INV195029,P0029,Product 29,Sports,6,851.88,20-08-2023 01:41,C001671,55,Female,Inda,SR002,0,5111.28
INV121307,P0180,Product 180,ELECTRONICS,1,358.58,14-05-2023 18:11,C002279,50,Female,Australia,SR017,0,358.58
INV110463,P0121,Product 121 (,home decor,7,438.78,14-12-2023 14:41,C000227,50,Female,France,SR015,0,3071.46
INV166792,P0090,Product 90,Fashon,3,949.82,45212,C000177,36,Male,Frnace,SR001,0,2849.46
INV140622,P0020,Product 20,GROCERY,4,46.44,45055,C003677,39,Female,Germny,SR015,0,185.76
INV168106,P0193,Product 193,Electronics,9,245.99,01-07-2023 13:58,C004022,105,Male,Australia,SR008,0,2213.91
INV143408,P0084,Product 84,Fashon,3,712.7,13-11-2023 06:41,C004283,27,Male,France,SR016,0,2138.1
INV191564,P0031,Product 31,Health,2,872.73,26-06-2023 11:03,C004566,28,Female,Canad,SR012,0,1745.46
INV141374,P0179,Product 179,Health,5,642.01,07-11-2023 16:50,C000444,36,Male,Australia,SR010,0,3210.05
INV106560,P0105,Product 105,beauty ,7,193.69,28-09-2023 01:46,C003424,34,Female,Germany,SR013,0,1355.83
INV136822,P0145,Product 145,Toys,4,824.76,06-07-2023 08:54,C001185,60,Female,Uk,SR016,0,3299.04
INV102661,P0138,Product 138,Books,1,188.14,04-07-2023 02:07,C000790,37,Female,USA,SR009,0,188.14
INV144678,P0110,Product 110,Sports,5 units,947.53,03-06-2023 13:39,C002541,49,,U S A,SR011,0,4737.65
INV136939,P0111,Product 111,Beauty,7,142.81,07-02-2023 14:28,C000343,48,Male,Canada,SR018,0,999.67
INV114175,P0087,Product 87  [refurbished],GROCERY,9,147.32,07-12-2023 17:46,C000368,28,Male,Austalia,SR003,0,1325.88
INV188730,P0125,Product 125,electronisc,6,800.74,23-12-2023 06:59,C003541,9,Female,Inda,SR012,0,"$4,804.44 USD"
INV189360,P0153,Product 153,Fashion,-4,770.85,45176,C004767,27,Female,Germany,SR003,1,-3083.4
INV100646,P0013,Product 13,Grocery,4,957.05,05-06-2023 02:33,4854,53,Male,Untied States,SR001,0,3828.2
INV147611,P0041,Product 41,Sports,9,599.43,"Mar 31, 2023 04:43 AM",C002263,28,Female,Untied States,SR012,0,5394.87
INV149921,P0138,Product 138,Books,5,930.74,27-08-2023 07:55,C002274,62,Female,Canada,SR009,0,4653.7
INV195741,P0061,Product 61,HOME DECOR,4,908.56,08-04-2023 01:05,C004191,47,Female,Canad,SR017,0,3634.24
INV167304,P0191,Product 191,Toyz,3,822.75,26-06-2023 03:22,C004983,26,Male,Frnace,SR012,0,2468.25
INV161848,P0131,Product 131,Home Decor,5,779.78,26-02-2023 23:18,C003962,42,Female,Australia,SR012,0,3898.9
INV193030,P0115,Product 115,ELECTRONISC,3,707.35,12-02-2023 22:17,C003928,53,Male,Germany,SR004,0,2122.05
INV181000,P0199,Product 199,Health ,2 units,656.37,27-10-2023 12:04,,47,Female,Canada,SR015,0,1312.74
INV157675,P0145,Product 145,Toys,7,10.28,08-02-2023 01:26,575,28,Male,Germny,SR003,0,71.96
INV123269,P0052,Product 52,SPORTS,-2,120.68,03-04-2023 14:05,C000620,48,Male,Untied States,SR014,1,-241.36
INV154721,P0173,Product 173,Grocery,8,709.9,04-04-2023 09:07,C000775,19,Female,Austalia,SR011,0,5679.2
INV101440,P0057,Product 57,Automotive,9,231.79,13-01-2023 04:34,C003652,68,Fem,USA,SR004,0,2086.11
INV170286,P0023,Product 23,Fashon,8,397.93,26-09-2023 21:36,,,F,USA,SR005,0,3183.44
INV105320,P0007,Product 7,electronisc,3 units,791.67,01-06-2023 01:35,C003756,30,Male,Austalia,SR004,0,2375.01
INV132979,P0068,Product 68,Electronics,6,752.54,21-12-2023 00:18,C002737 ,39,Male,Untied States,SR009,0,4515.24
INV133199,P0004,Product 4,Automotive,9,712.47,20-06-2023 12:42,C002183,48,Male,Untied States,SR003,0,6412.23
INV185816,P0112,Product 112,Toys,2,639.72,09-06-2023 03:46,C003010,63,,Frnace,SR003,0,1279.44
INV158676,P0156,Product 156,Electronics,6,403.89,44999,C004785,54,Male,Untied States,SR002,0,2423.34
INV179180,P0138,Product 138,Books,6,$666.67,11-08-2023 19:35,C002070,30,Female,Germany,SR018,0,4000.02
INV113541,P0018,Product 18,Toyz,-1,421.63,18-07-2023 04:29,,105,Male,Canada,SR005,1,-421.63
INV187394,P0076,Product 76,Electronics,5,119.73,16-10-2023 23:56,C003081,27,Female,Untied States,SR013,0,598.65
INV186033,P0103,Product 103,Health,5,140.24,27-04-2023 14:28,C000719,62,Male,UK,SR003,0,701.2
INV104744,P0019,Product 19,Books,2,640.41,12-09-2023 23:09,C003548,61,Male,Austalia,SR009,,1280.82
INV117436,P0041,Product 41,Sports,5,473.76,15-09-2023 17:44,C002242,32,Male,Inda,SR020,0,2368.8
INV184441,P0015,Product 15,Electronics,8,164.69,"Jan 03, 2023 04:25 AM",C001330,24,Female,India,SR013,0,1317.52
INV110306,P0083,Product 83,Automotive,8,223.5,26-02-2023 01:27,C001174,68,Male,Frnace,SR002,0,1788
INV196398,P0058,Product 58,GROCERY,9,44.6,13-01-2023 10:46,C000447,64,Male,USA,SR004,0,401.4
INV158664,P0145,Product 145,Toys ,4,751.59,21-10-2023 02:14,C000048,63,Male,Inda,SR003,0,3006.36
INV119168,P0059,Product 59,home decor,2,16.58,05-07-2023 03:33,C002006,18,Male,Australia,SR002,0,33.16
INV198325,P0189,Product 189,GROCERY,5,640.09,20-10-2023 19:00,C002610,34,Female,Germany,SR006,0,3200.45
INV160794,P0061,Product 61,home decor,4,951.75,"Mar 17, 2023 07:07 AM",C002164,33,Male,Austalia,SR008,0,3807
INV192550,P0188,Product 188,Toys,8,175.07,28-07-2023 05:16,C001587,58,Female,USA,SR005,0,1400.56
INV180710,P0141,Product 141,Health,3,$645.19,14-11-2023 02:04,C004942,46,Male,Untied States,SR015,0,1935.57
INV105485,P0058,,GROCERY,1,932.8,25-10-2023 11:23,C002642,42,Male,India,SR010,0,932.8
INV122642,P0072,Product 72,Toyz,2,575.02,21-02-2023 13:01,C000218,22,Male,UK,SR016,0,1150.04
INV104844,P0002,Product 2,beauty ,7,474.49,17-03-2023 11:06,,62,Male,Canad,SR018,0,3321.43
INV149797,P0160,Product 160,Grocery,-4,591.06,06-08-2023 08:48,C004287,51,Male,France,SR005,1,-2364.24
INV125325,P0110,Product 110,Sports,3 units,$48.16,"Sep 05, 2023 02:19 PM",C001296,33,Male,Austalia,SR020,0,144.48
INV123681,P0074,Product 74,HOME DECOR,6,426.93,01-09-2023 03:16,C001764,47,Female,U S A,SR002,,2561.58
INV183699,P0173,Product 173,Grocery,6,865.43,17-01-2023 10:46,C003056,57,Male,U S A,SR001,0,5192.58
INV132508,P0085,Product 85 ***,Fashion,4,356.27,02-08-2023 19:09,C004575,31,Female,Germany,SR019,0,1425.08
INV151469,P0185,Product 185,electronisc,7,223.14,16-07-2023 01:02,C000587,68,Male,Austalia,SR010,0,"$1,561.98 USD"
INV124332,P0199,Product 199,Health,4,232.5,13-04-2023 05:14,C004204,67,Female,Inda,SR019,0,$930.00 USD
INV137403,P0199,Product 199,Health,1 units,512.66,28-06-2023 03:05,C001701,37,Male,Australia,SR017,0,512.66
INV148438,P0025,Product 25 ***,Beauty,7,382.94 USD,19-10-2023 15:52,C000314,40,Male,Germany,SR006,0,2680.58
INV197293,P0102,Product 102,Toys,9,496.01,20-01-2023 11:27,C001471,55,Male,Uk,SR007,0,4464.09
INV178056,P0162,Product 162 (,electronisc,7,799.15,24-06-2023 09:17,C001655,44,Male,USA,SR019,0,5594.05
INV146461,P0072,Product 72,Toyz,4,58.13,26-07-2023 05:23,C002978,22,Male,Untied States,SR016,0,232.52
INV11918,P0076,Product 76,Electronics,8,108.28,12-06-2023 22:22,C004576,22,Male,Canada,SR013,Y,866.24
INV142640,P0172,Product 172,Health,7,141.61,26-12-2023 16:45,C000813,30,Male,Austalia,SR016,0,991.27
INV185248,P0164,Product 164,Grocery,6,$696.50,25-09-2023 21:22,C001773,56,Female,Uk,SR003,0,4179
INV148996,P0140,Product 140,beauty ,6,$337.21,18-10-2023 16:33,C002510,69,Female,Frnace,SR005,0,2023.26
INV167126,P0103,Product 103,Health,4,940.76,07-08-2023 16:58,C002038,48,Female,France,SR020,0,3763.04
INV144982,P0092,Product 92,Home Decor,2,700.7,"Sep 05, 2023 02:33 PM",C001912,42,Male,Canada,SR012,0,1401.4
INV168019,P0158,Product 158,Fashion,1,83.82,45005,C002491,24,Female,UK,SR014,0,83.82
INV185450,P0138,Product 138,Books,9,240.07,15-12-2023 10:15,C001042,58,Male,Germany,SR014,0,2160.63
INV12272,P0069,Product 69,Fashon,-2,959.45,15-08-2023 17:22,C004804,21,Male,Canad,SR019,1,-1918.9
INV184622,P0176,Product 176,Sports,5,223.41,25-08-2023 00:58,C002511,52,Male,Germany,SR011,0,1117.05
INV165110,P0180,Product 180,Electronics,7 units,832.45,22-05-2023 04:44,C000992,63,Male,India,SR001,0,5827.15
INV150285,P0108,Product 108,TOYS,5,371.86,03-09-2023 00:07,C002612,37,Male,Australia,SR007,0,1859.3
INV12329,P0022,Product 22,beauty ,4 units,580.47 USD,07-06-2023 10:35,C000570,32,Female,USA,SR005,0,2321.88
INV151209,P0143,Product 143 ***,Toyz ,5,682.32,07-01-2023 04:34,C000997,57,Female,Inda,SR014,0,3411.6
INV152441,P0138,Product 138,Books,1,681,45200,C002267,36,Female,Uk,SR007,0,681
INV116281,P0191,Product 191,Toyz,3,414,16-01-2023 14:29,C000160,22,Male,U S A,SR012,0,1242
INV154676,P0194,Product 194,GROCERY,8,879.97,45153,C001475,26,Female,France,SR005,0,7039.76
INV101122,P0081,Product 81,TOYS,9,207.11,"Aug 02, 2023 12:32 PM",C004828,67,Male,U S A,SR011,0,1863.99
INV150548,P0143,Product 143,Toyz,1,624.61,14-10-2023 07:36,C003768,27,M,France,SR010,0,624.61
INV160721,P0054,,beauty ,7,628.83,19-03-2023 17:09,C003408,25,Male,Untied States,SR003,Y,4401.81
INV101849,P0179,Product 179 (,Health,4,643.51,16-10-2023 10:10,C002403,59,Female,France,SR009,0,2574.04
INV128081,P0039,Product 39,SPORTS,1,332.98,02-03-2023 08:20,C000560,29,Female,Australia,SR020,0,332.98
INV176727,P0016,Product 16,Fashon,4,139.83,31-03-2023 14:32,C003614,47,Female,France,SR012,0,559.32
INV190249,P0065,Product 65,Electronics,5,304.23,15-05-2023 01:58,C000753 ,41,Female,Austalia,SR018,0,1521.15
INV131137,P0109,Product 109,Toyz,3,303.51,01-04-2023 17:15,C004618,37,Male,U S A,SR018,,910.53
INV150564,P0188,Product 188,Toys,4,805.42,45033,4084,33,Male,Germny,SR008,0,3221.68
INV127137,P0061,Product 61,home decor,5,619.4,13-06-2023 05:30,C000911,19,Female,Germny,SR011,0,3097
INV104084,P0189,Product 189,GROCERY,9,726.41,25-02-2023 10:14,,65,Male,Australia,SR005,0,6537.69
INV152208,P0100,Product 100 (,Beauty,7 units,349.94,07-12-2023 08:52,C000667,53,Male,Germany,SR017,0,2449.58
INV188402,P0158,Product 158,Fashion,4,857.38,45126,C001873,23,Female,Canad,SR010,0,3429.52
INV106607,P0177,Product 177,Home Decor ,4,778.73,06-03-2023 20:42,C002825,54,Male,Canad,SR008,0,3114.92
INV162652,P0095,Product 95,Beauty,8,370.52,03-05-2023 14:17,C001586,27,Female,Untied States,SR004,0,2964.16
INV112359,P0037,Product 37,beauty ,6,891.76,07-07-2023 09:51,C001289,61,Female,USA,SR015,0,5350.56
INV102394,P0006,Product 6,electronisc,9,$450.50,16-02-2023 16:19,C001641,58,Female,Inda,SR019,0,4054.5
INV120762,P0052,Product 52,SPORTS,7,237.68,31-10-2023 08:56,C001460,200,Male,Frnace,SR011,0,1663.76
INV162804,P0109,Product 109,Toyz,7,665.78,03-01-2023 00:12,C003233,56,Male,Canada,SR015,0,4660.46
INV171958,P0150,Product 150,TOYZ,1,628.47,18-03-2023 14:11,4619,58,Male,Canad,SR010,0,628.47
INV141458,P0061,Product 61,home decor,6,155.02,01-01-2023 22:02,C004788,38,Male,Uk,SR017,0,930.12
INV121377,P0015,Product 15 (,Electronics,7,97.6,07-10-2023 17:15,C002058,58,Male,Inda,SR013,0,683.2
INV101605,P0193,Product 193,Electronics,1,979.58,31-05-2023 09:41,C000353,38,Female,Germny,SR008,0,979.58
INV193762,P0106,Product 106,Home decors,3,834.25,26-09-2023 07:07,C004619,58,Male,Austalia,SR020,0,2502.75
INV159950,P0160,Product 160,Fashon,5 units,628.11,26-06-2023 09:05,C002614,57,Male,Untied States,SR011,0,3140.55
INV183220,P0026,Product 26,Toys,9 units,347.34,26-04-2023 11:10,C003457,44,M,Uk,SR005,0,3126.06
INV161893,P0136,Product 136,Beauty,1,409.73,29-04-2023 17:54,C004954,66,Male,Frnace,SR006,0,409.73
INV160560,P0108,Product 108,Toys,6,973.15,02-02-2023 22:16,C000696,55,Female,Inda,SR001,,5838.9
INV145566,P0065,Product 65,Electronics,2,833.44,"Jan 27, 2023 05:22 AM",C001181,42,Female,USA,SR008,0,1666.88
INV156056,P0072,Product 72,Toyz,9 units,436.75,17-06-2023 07:14,C002242,32,Male,Australia,SR005,0,3930.75
INV175777,P0088,Product 88,Beauty,4,363.75,14-08-2023 08:54,C002578,57,Female,Germany,SR020,0,1455
INV105608,P0130,Product 130,Health,2,595.31,29-04-2023 17:33,C004252,41,Male,Untied States,SR001,0,1190.62
INV143459,P0141,Product 141,Health,7,405.5,45008,C003904,35,Female,Canad,SR013,0,2838.5
INV152437,P0061,Product 61,home decor,6,242.84,29-10-2023 11:43,C000150,69,Female,Frnace,SR016,0,1457.04
INV152909,P0140,Product 140,BEAUTY ,3,196.28,44946,C004881,39,Male,India,SR010,0,588.84
INV108072,P0116,Product 116,Sports,6,14.8,18-02-2023 02:21,C001178,57,Male,Germany,SR003,0,88.8
INV181349,P0038,Product 38,Home Decor,2,216.52,45283,C000936,68,Male,Germany,SR011,0,433.04
INV164709,P0014,Product 14,Fashion,5,427.9,45168,C001689,25,Female,Germny,SR014,0,2139.5
INV163472,P0178,Product 178,Toys,1,883.91,02-05-2023 11:37,C002962,35,Male,U S A,SR018,0,883.91
INV191980,P0179,Product 179,Health,9,250.3,05-07-2023 14:11,C003187,58,Female,Austalia,SR015,0,2252.7
INV183575,P0166,Product 166,Fashion,5,681.23,28-12-2023 05:59,C003363,21,Female,Germany,SR004,0,3406.15
INV109982,P0020,Product 20,GROCERY,1,902.29,15-11-2023 12:44,C002103,27,Female,Frnace,SR013,,902.29
INV111832,P0112,Product 112,Toys,7,140.19,25-07-2023 16:00,C000558,20,Female,Austalia,SR012,Y,981.33
INV187202,P0076,Product 76,Electronics,7,574.2,"Aug 29, 2023 04:38 PM",C002697,66,Female,Frnace,SR020,0,4019.4
INV161776,P0139,Product 139,Fashon,1,492.22,28-11-2023 12:36,C004202,9,Female,France,SR011,0,492.22
INV134230,P0086,Product 86,Electronics,1,256.68,17-03-2023 18:49,C000168,64,Male,Untied States,SR010,0,256.68
INV123797,P0013,Product 13,Grocery,8,195.1,19-02-2023 12:25,2643,105,Female,Untied States,SR018,0,1560.8
INV114916,P0165,Product 165,Beauty,6,402.58,25-11-2023 00:20,C004634,55,,Germny,SR008,0,2415.48
INV11407,P0156,Product 156,Electronics,9,217.96,24-04-2023 21:13,C003262,55,Female,Frnace,SR014,0,1961.64
INV17456,P0004,Product 4,Automotive,7,874.16,20-05-2023 06:47,C000704,56,Female,Germny,SR006,0,"$6,119.12 USD"
INV122176,P0180,Product 180,Electronics,6,703.37,05-08-2023 06:49,C002894,52,Female,Austalia,SR013,0,4220.22
INV155636,P0190,Product 190,GROCERY,6,530.56,30-05-2023 16:31,C004877,40,Male,Canada,SR013,0,3183.36
INV115851,P0037,Product 37,beauty ,2,567.99,05-04-2023 18:22,C001647,69,MALE,Australia,SR014,0,1135.98
INV184159,P0053,Product 53,GROCERY,1,577.51,19-01-2023 07:48,C000185,26,Female,Untied States,SR012,0,577.51
INV112967,P0154,Product 154,Fashion,7,5.36,02-02-2023 02:22,C003334,49,Female,Germny,SR018,0,$37.52 USD
INV183805,P0108,Product 108,Toys,7,$692.73,18-05-2023 14:36,,32,Female,Canada,SR005,0,4849.11
INV139628,P0168,Product 168,electronisc,1,473.28,05-08-2023 04:14,C000935,48,Female,Austalia,SR013,0,473.28
INV161467,P0177,Product 177,Home Decor ,2 units,818.13,16-08-2023 10:17,C001911,34,Female,U S A,SR010,0,1636.26
INV14677,P0091,Product 91 ###,AUTOMOTIVE,1 units,503.83,14-07-2023 03:14,C001151,40,Female,Inda,SR014,0,503.83
INV163629,P0019,Product 19,Books,1,102.45,45231,C003380,39,Male,UK,SR006,0,102.45
INV114184,P0109,Product 109 ###,Toyz,2,317.15,20-05-2023 20:30,C004871,58,Female,Germny,SR019,0,634.3
INV198964,P0097,Product 97,SPORTS,8,320.41,08-08-2023 02:15,C000536,36,Male,Untied States,SR018,Y,2563.28
INV112699,P0053,Product 53,GROCERY ,2 units,563.95,30-04-2023 22:35,C003930,32,Female,France,SR003,0,1127.9
INV165325,P0134,Product 134,Automotive,2,810.95,03-12-2023 13:02,C003668,64,Male,Canad,SR019,0,1621.9
INV141358,P0074,Product 74,Home Decor,9,356.54,18-03-2023 20:14,C002336,20,Male,Inda,SR012,0,3208.86
INV156332,P0189,Product 189,GROCERY,4 units,308.92,45055,C002937,31,Male,Frnace,SR002,0,1235.68
INV102434,P0024,Product 24,Home Decor,1 units,185.99,45095,,64,Male,Canada,SR011,0,185.99
INV101103,P0180,Product 180,Electronics,3,54.05,23-06-2023 02:58,C000138,32,Female,Germany,SR009,0,162.15
INV163652,P0144,Product 144,Fashon,3,204.13,27-11-2023 19:40,C001312,,Female,Untied States,SR020,0,612.39
INV123192,P0141,Product 141,Health,7,331.61,24-06-2023 22:49,,33,Male,Inda,SR007,0,2321.27
INV179269,P0076,Product 76,Electronics,-2,462.21,22-07-2023 12:16,C003624,35,male,Untied States,SR010,1,-924.42
INV136000,P0099,Product 99,Electronics,2,921.47,22-07-2023 20:06,C002069,35,Female,Canada,SR009,0,1842.94
INV196862,P0119,,Fashion,9,739.56,31-03-2023 12:10,C001567 ,19,Male,India,SR007,0,6656.04
INV133257,P0167,Product 167,Grocery,6,514.89,16-08-2023 10:35,C000831,61,Male,Inda,SR002,0,3089.34
INV147921,P0016,Product 16,Fashon,1,264.79,09-11-2023 07:23,C001912,42,Male,Frnace,SR001,0,264.79
INV104076,P0191,Product 191,Toyz,8,115.58,19-03-2023 16:21,1879,20,Male,Germny,SR005,0,924.64
INV138741,P0172,Product 172,Health,3,634.16,28-07-2023 05:36,C002416 ,19,Male,Frnace,SR004,0,1902.48
INV101321,P0174,Product 174,GROCERY,4,295.84,27-05-2023 17:39,C001585,24,Female,Canad,SR003,0,1183.36
INV160726,P0169,Product 169,GROCERY ,4,698.00 USD,23-01-2023 22:26,C004457,,Male,Canada,SR010,0,2792
INV135822,P0150,Product 150,Electronics,9,669.14,04-07-2023 04:44,C002700,64,M,U S A,SR008,0,"$6,022.26 USD"
INV120446,P0134,Product 134,Automotive,8,337.41,11-10-2023 11:42,C001230,18,Female,U S A,SR020,0,2699.28
INV113393,P0147,Product 147,Home Decor,3,$71.37,16-04-2023 02:27,C003697 ,28,Fem,Austalia,SR016,0,214.11
INV147131,P0144,Product 144,Fashon,4,495.12,07-07-2023 18:00,C000156,50,Female,France,SR015,0,1980.48
INV186583,P0191,Product 191,Toyz,4,688.99,44947,,62,M,Uk,SR015,Y,2755.96
INV125758,P0121,Product 121,home decor,1,819.44,01-03-2023 09:18,C001947,54,Male,Inda,SR014,0,819.44
INV113123,P0184,Product 184,Electronics,6,503.67,13-10-2023 00:47,C003420,41,Male,India,SR018,0,3022.02
INV194289,P0039,Product 39,SPORTS,6,122.69,01-01-2023 12:28,C004593,32,Female,Frnace,SR001,0,736.14
INV150140,P0078,Product 78,Books,8,614.61,"Feb 10, 2023 02:33 PM",C004310,46,F,Australia,SR002,0,4916.88
INV108357,P0099,Product 99,ELECTRONICS,9,316.61,05-07-2023 20:12,C001091,51,Male,UK,SR012,0,2849.49
INV138739,P0070,Product 70,Automotive,1,562.38,30-09-2023 02:20,C003579 ,44,Male,India,SR004,0,562.38
INV121339,P0111,Product 111,Beauty,7,437.8,16-09-2023 08:38,C001562,31,male,Inda,SR017,0,3064.6
INV133073,P0002,Product 2,beauty ,8,106.53,03-02-2023 09:18,C002066,36,Female,Canada,SR006,0,852.24
INV14399,P0050,Product 50,Books,6,502.79,"May 26, 2023 02:18 AM",C000399,42,Female,USA,SR008,0,3016.74
INV128337,P0161,Product 161,SPORTS,5,719.91,44966,C002935,52,Male,India,SR018,0,3599.55
INV194000,P0180,Product 180,Electronics,7,941.54,29-03-2023 04:07,C004331,51,Female,Germny,SR015,0,6590.78
INV186036,P0040,Product 40  - damaged,Toyz,2,801.91,45203,C004168,,Male,Australia,SR008,0,1603.82
INV192206,P0089,,Home Decor,7,272.04,27-03-2023 18:49,C004742,,Male,Untied States,SR009,0,1904.28
INV160894,P0130,Product 130,Health,1 units,223.7,"Jun 02, 2023 11:50 AM",,55,Male,Frnace,SR005,0,223.7
INV168998,P0194,Product 194,GROCERY,9,457.3,45079,C000144,39,Male,France,SR009,0,4115.7
INV173569,P0142,Product 142,Toyz,8,11.99,45120,C000887,23,Male,Canad,SR008,0,95.92
INV126751,P0005,Product 5,Toys ,4,806.83,31-10-2023 23:51,,60,Male,Canada,SR014,0,3227.32
INV166126,P0127,Product 127,ELECTRONICS,2,892.59,23-11-2023 23:19,C000604,34,Male,Inda,SR004,0,1785.18
INV119477,P0135,Product 135,Health,9,771.35,26-08-2023 11:15,C001640,30,Female,Canada,SR016,0,6942.15
INV141103,P0172,Product 172,Beauty,4,226.37,45049,C000209,46,Female,USA,SR008,0,905.48
INV145685,P0021,Product 21,BEAUTY ,4,284.69,19-07-2023 15:22,,45,Female,UK,SR017,0,1138.76
INV160089,P0070,Product 70,Automotive,4,174.32,45224,C001511,22,Male,Australia,SR013,0,697.28
INV133300,P0120,Product 120,Books,7,725.12,45194,C002591,62,Female,UK,SR013,0,5075.84
INV102290,P0112,Product 112,Toys,-3,$721.61,09-10-2023 02:08,C001559,35,Male,U S A,SR010,1,-2164.83
INV103849,P0029,Product 29,Sports ,6,677.72,45091,C003230,53,Male,Canada,SR009,0,4066.32
INV145523,P0022,Product 22,beauty ,-3,877.46,15-06-2023 04:39,C002644,19,F,Australia,SR008,1,-2632.38
INV102612,P0058,Product 58,GROCERY,3 units,637.45,28-07-2023 03:38,C004464 ,18,,Untied States,SR019,0,1912.35
INV183578,P0053,Product 53,GROCERY,2,132.03,09-02-2023 00:32,C000547,18,Female,Inda,SR010,0,264.06
INV174468,P0096,Product 96,beauty ,3,239.87,24-01-2023 23:19,3934,66,Female,Germny,SR012,0,719.61
INV138236,P0196,Product 196,Beauty,1,126.68,26-07-2023 01:37,C003958,28,Male,Canad,SR018,0,126.68
INV172167,P0035,Product 35,Fashon,6,845.49,15-08-2023 00:16,C001306,23,Female,UK,SR018,0,5072.94
INV187355,P0188,Product 188,Toys,7,705.43,19-12-2023 18:26,C002531,18,Male,U S A,SR013,0,4938.01
INV137060,P0005,Product 5,Toys,9 units,882.77,16-06-2023 14:31,C003657,38,Male,Inda,SR014,0,7944.93
INV114018,P0038,Product 38,Home Decor,1,$655.28,45182,C000722,53,male,Austalia,SR011,0,655.28
INV166873,P0038,Product 38,Home Decor,4,714.47,18-01-2023 20:45,C002100,25,Female,Canada,SR007,0,2857.88
INV191848,P0069,Product 69,Fashon,-1,142.70 USD,23-03-2023 06:33,C004985,,Female,Uk,SR002,1,-142.7
INV192828,P0043,Product 43,Sports,6,908.23,45187,C001513,34,Male,UK,SR016,0,5449.38
INV164365,P0190,Product 190,Electronics,4,597.9,21-06-2023 23:24,4095,28,Female,Frnace,SR002,0,2391.6
INV179467,P0126,Product 126,Toys,3,849.48,09-12-2023 23:23,C004161,67,Male,France,SR008,0,2548.44
INV146622,P0121,Product 121,home decor,2 units,795.78,30-05-2023 21:56,C003671,53,Male,Canad,SR010,0,1591.56
INV142153,P0149,,BEAUTY,9 units,18.49,28-11-2023 22:44,C003303,19,,Germny,SR009,0,166.41
INV115762,P0081,Product 81,Toys,2,251.93,25-12-2023 19:07,C002183,48,Male,Canad,SR010,0,503.86
INV199400,P0013,Product 13,Grocery,2,928.91,28-10-2023 06:54,C004467,53,Female,Inda,SR007,0,1857.82
INV102895,P0064,Product 64,home decor,4,858.38,"Jul 13, 2023 06:10 PM",2426,19,Male,Australia,SR015,0,3433.52
INV100188,P0045,Product 45,Grocery,9,32.35,16-04-2023 05:20,C001125,38,Female,Austalia,SR017,0,291.15
INV182859,P0080,Product 80,Health,2,80.93,18-04-2023 11:52,C003670 ,28,Male,Germany,SR009,0,161.86
INV156639,P0190,Product 190,GROCERY,9,503.12,45277,C003378,55,Female,India,SR006,0,4528.08
INV103080,P0033,Product 33,beauty ,9,800.31,11-11-2023 05:51,C002938,27,Male,Canad,SR019,0,7202.79
INV105732,P0194,Product 194,GROCERY,1 units,980.49,12-12-2023 18:57,C004624,24,Female,Austalia,SR019,0,980.49
INV184882,P0196,Product 196,Beauty,4 units,558.33,12-12-2023 20:52,C003285,57,Male,Germny,SR012,0,2233.32
INV127595,P0060,Product 60,beauty ,7,128.9,"Mar 21, 2023 12:55 PM",C004265,59,Male,Canada,SR016,0,902.3
INV192596,P0087,Product 87,GROCERY,8,110.3,08-01-2023 12:21,C002337 ,33,Male,France,SR019,0,882.4
INV127834,P0150,Product 150,Fashon,2,579.66,30-04-2023 11:39,C000310,66,Female,Uk,SR011,0,1159.32
INV106049,P0157,Product 157,Electronics,4,949.81,26-05-2023 21:56,C003512,47,Female,India,SR020,0,3799.24
INV159255,P0017,Product 17,Fashon,9,401.6,16-02-2023 02:08,C003826,62,F,UK,SR016,0,3614.4
INV139112,P0023,Product 23,Fashon,1,998.25,21-09-2023 07:47,,60,Female,Inda,SR011,0,998.25
INV106542,P0095,Product 95,Beauty,8,229.69,01-05-2023 05:45,C003964,26,Male,India,SR019,0,1837.52
INV136457,P0045,Product 45,Grocery,9,569.66,14-08-2023 05:48,C003860,36,Male,Germany,SR011,0,5126.94
INV100593,P0120,Product 120,Books ,1,832.55,25-06-2023 07:57,C004855,63,Female,Australia,SR003,0,832.55
INV180100,P0124,Product 124,Fashon,7,545.21,04-09-2023 12:37,C002800,21,Male,Australia,SR005,0,3816.47
INV118479,P0102,Product 102,Toys,3,337.31,02-09-2023 03:23,C002221,56,Female,USA,SR002,0,1011.93
INV103506,P0129,Product 129,home decor,-2,196.52,20-07-2023 04:47,C004473,32,Male,Austalia,SR018,1,-393.04
INV192158,P0164,Product 164,Grocery ,7,807.64,45177,3006,66,Female,Germany,SR001,0,5653.48
INV124261,P0078,Product 78,Books,6,248.3,45196,C000396,69,Male,Inda,SR007,0,1489.8
INV128113,P0088,Product 88,Beauty,1,875.12,29-10-2023 12:34,C002182,30,Male,Frnace,SR019,0,875.12
INV102843,P0091,Product 91,Automotive,5,590.5,15-07-2023 16:15,C003993,48,Male,Germany,SR012,0,2952.5
INV137112,P0021,Product 21,beauty ,7,799.07,19-09-2023 16:59,C000015,57,Female,Canada,SR004,0,5593.49
INV134850,P0001,Product 1,Toys,6,549.4,27-11-2023 00:57,C001026,69,Female,Canada,SR001,0,3296.4
INV172092,P0154,Product 154,Fashion,2,126.13,07-09-2023 08:57,C002612,37,Male,France,SR010,0,252.26
INV109040,P0175,Product 175,HOME DECOR,7,312.25,20-07-2023 14:09,C000143,40,Female,Austalia,SR014,0,2185.75
INV157396,P0178,Product 178,Fashon,4,979.37,19-10-2023 12:38,C003944,50,Male,Canada,SR019,0,3917.48
INV149051,P0005,Product 5,Toys,7,288.31,07-10-2023 18:17,C003439,,Male,U S A,SR007,0,2018.17
INV15735,P0174,Product 174,GROCERY,2,557.41,"Nov 22, 2023 03:57 AM",,49,male,Australia,SR008,0,1114.82
INV187529,P0158,Product 158,Fashion,8,70.62,"Oct 12, 2023 04:27 PM",C000342,,Male,Uk,SR006,0,564.96
INV127092,P0152,Product 152,Toyz,2,671.26,06-08-2023 20:50,C004508,66,Female,Australia,SR012,0,1342.52
INV108390,P0141,Product 141,Beauty,7,62.99,25-09-2023 18:51,C004459,42,Female,India,SR019,0,440.93
INV148175,P0067,Product 67,HEALTH,9,445.36,07-10-2023 10:48,C003710,43,Male,USA,SR002,0,4008.24
INV122476,P0081,Product 81,TOYS,1,110.09,12-07-2023 10:03,C003134,38,Male,Uk,SR003,0,110.09
INV122478,P0001,Product 1,Toys,8,460.47,07-07-2023 05:00,,23,Male,Australia,SR011,0,3683.76
INV195681,P0133,Product 133,Grocery,2,843.8,27-08-2023 15:59,C001416,18,Female,Germany,SR020,0,1687.6
INV124715,P0039,Product 39  [refurbished],SPORTS,3,183.02,09-09-2023 10:42,C002305,23,Male,Untied States,SR010,0,549.06
INV177058,P0084,Product 84,Fashon,6,304.26,13-02-2023 06:23,C001422,41,Female,Germny,SR004,0,1825.56
INV161972,P0109,Product 109,TOYZ,9,$509.01,27-01-2023 04:51,C002728,44,male,Austalia,SR012,0,4581.09
INV122502,P0140,Product 140,beauty ,4,528.03,20-12-2023 13:14,C003233,56,Male,Uk,SR004,0,2112.12
INV112290,P0116,Product 116,Sports,6,512.25,14-03-2023 10:21,C003997,26,Male,India,SR017,0,3073.5
INV136017,P0196,Product 196,Beauty,9,685.24,23-04-2023 07:43,C000755,20,Female,Untied States,SR012,0,6167.16
INV14414,P0060,Product 60,beauty ,1,705.6,03-09-2023 13:57,C000640,45,Female,Austalia,SR003,0,705.6
INV105711,P0066,Product 66,Toys,8,$290.88,31-03-2023 12:54,C001226,45,Male,Inda,SR007,0,2327.04
INV119097,P0047,Product 47,Sports,9,850.66,45121,C001931,27,Male,Uk,SR020,0,7655.94
INV133389,P0119,Product 119,Fashion,9,87.47,22-12-2023 05:27,C000354,53,Female,India,SR014,0,787.23
INV163353,P0111,Product 111,Beauty,8,94.43,06-08-2023 03:35,C002074 ,,Male,Germny,SR001,0,755.44
INV109370,P0127,Product 127,Electronics,1,$349.66,"Jan 26, 2023 04:41 PM",,20,Male,Inda,SR002,0,$349.66 USD
INV193035,P0059,Product 59,home decor,7,541.07,14-04-2023 15:52,C003117,49,Male,Uk,SR008,0,3787.49
INV128297,P0082,Product 82,Health,8,283.96,25-12-2023 18:01,4245,64,Male,U S A,SR016,0,2271.68
INV116366,P0021,Product 21,beauty ,7,346.49,44991,C001934,29,F,Germany,SR020,0,2425.43
INV134735,P0037,Product 37,BEAUTY ,1,51.58,24-07-2023 23:19,266,57,Male,Inda,SR018,0,51.58
INV101171,P0052,Product 52,SPORTS ,2,887.35,"Jan 11, 2023 11:52 PM",C004597,36,Female,Austalia,SR008,Y,1774.7
INV132524,P0168,Product 168,electronisc,6,156.2,30-12-2023 17:51,C004363,25,Female,Germany,SR014,0,937.2
INV112189,P0167,Product 167,Grocery,3,88.75,20-05-2023 22:51,C002965,37,Male,Germany,SR007,0,266.25
INV149360,P0012,Product 12,Fashon,2,523.58,13-11-2023 13:26,4809,21,Female,Austalia,SR002,0,1047.16
INV141228,P0086,Product 86,Electronics,4 units,672.64,31-05-2023 04:54,C000455,33,Female,Inda,SR001,0,2690.56
INV192913,P0119,Product 119,Fashion,5 units,435.32,16-06-2023 10:40,C003709,36,Male,Untied States,SR012,1,2176.6
INV152805,P0196,Product 196,Beauty,3,619.59,24-09-2023 16:27,C001726,35,Male,India,SR008,0,1858.77
INV154698,P0183,Product 183,Automotive,6,672.07,04-03-2023 04:26,C000333,66,Female,Germny,SR006,0,4032.42
INV117293,P0111,Product 111,Beauty,4,702.73,08-08-2023 23:50,C003642,51,Female,Frnace,SR014,0,2810.92
INV171866,P0182,Product 182,Toys,1,$558.94,45040,C003398,52,Male,Germany,SR002,0,558.94
INV136886,P0044,Product 44,Fashion,4,511.74,09-03-2023 04:29,C003492,19,Male,Germany,SR012,0,2046.96
INV184501,P0075,Product 75,Home Decor,2,930.42,07-02-2023 08:27,C001580,52,Female,U S A,SR017,0,1860.84
INV172347,P0045,Product 45,Grocery,6,307.17,18-05-2023 06:18,C003321,65,Female,Canada,SR004,0,1843.02
INV191227,P0178,,Toys,5,$584.86,03-09-2023 22:18,C000860 ,59,Male,India,SR014,0,2924.3
INV188414,P0085,Product 85,Fashion,7,$70.54,17-09-2023 15:08,C000452,48,Female,USA,SR020,0,493.78
INV100554,P0096,Product 96,beauty ,9,299.36,10-10-2023 18:55,C001103,40,Male,Germny,SR013,0,2694.24
INV189720,P0091,Product 91,Automotive,8,426.88,13-10-2023 16:21,C002568,34,Male,France,SR007,0,3415.04
INV120409,P0177,Product 177,Home Decor,8,172.83,27-04-2023 06:40,C002361,55,Female,Germany,SR014,0,1382.64
INV114912,P0182,Product 182,Toys,9,592.06,08-06-2023 04:32,C004572,50,Male,USA,SR014,0,5328.54
INV111260,P0062,Product 62,Health,6,524.41,19-06-2023 11:00,C002772,56,Male,Uk,SR009,0,3146.46
INV142536,P0054,Product 54,beauty ,7,763.88,44944,C002572,19,Male,Frnace,SR004,0,5347.16
INV194777,P0061,Product 61,home decor,9,261.22,26-08-2023 13:18,,67,Female,Australia,SR017,0,2350.98
INV199360,P0018,Product 18,Toyz,6,136.89,18-12-2023 16:30,C002687,61,Male,Inda,SR004,0,$821.34 USD
INV135115,P0037,Product 37,beauty ,9,626.81,05-12-2023 04:10,C002180,27,Male,Canada,SR020,0,5641.29
INV150929,P0043,Product 43,Sports,-1,$499.25,23-08-2023 12:48,C004912,31,Male,Austalia,SR019,1,-499.25
INV125894,P0181,Product 181,Automotive,6,686.43,45152,C000951,40,Female,Untied States,SR016,0,4118.58
INV138538,P0187,Product 187,Home Decor,1,74.71,29-05-2023 12:17,C001580,52,Female,U S A,SR019,0,74.71
INV138787,P0029,Product 29,Sports,9,963.22,11-07-2023 08:05,C003980,,Female,Inda,SR003,0,8668.98
INV115956,P0088,Product 88,Beauty,8,334.58,18-09-2023 05:23,C001259,62,Male,Frnace,SR007,0,2676.64
INV118447,P0187,Product 187,Home Decor,4,261.29,"Jul 23, 2023 11:41 PM",C003447,29,Male,Untied States,SR018,0,1045.16
INV124640,P0090,Product 90,Fashon,-1,863.79,03-07-2023 09:17,C000955,60,Male,Untied States,SR002,1,-863.79
INV129949,P0033,Product 33,beauty ,8,$113.35,45261,C003929,35,Male,U S A,SR011,0,906.8
INV179710,P0085,Product 85,Fashion,9,560.02 USD,"Oct 25, 2023 09:47 AM",3694,64,Male,Canad,SR014,0,5040.18
INV198035,P0159,Product 159  [refurbished],Fashon,1,226.36,28-04-2023 11:15,C002276,53,Male,Canad,SR002,0,226.36
INV140546,P0120,Product 120,Books,7,156.36,04-09-2023 02:19,C000138,32,Female,Germny,SR008,0,1094.52
INV199878,P0045,,Grocery,6,7.31,24-02-2023 10:48,C000810,27,Female,Austalia,SR017,0,43.86
INV165488,P0037,Product 37,beauty ,1,$891.58,04-03-2023 10:22,C001579,62,Female,Germany,SR011,0,891.58
INV125739,P0177,Product 177,Home Decor,8,648.69,05-11-2023 22:29,C002270,55,Male,Inda,SR019,0,5189.52
INV168531,P0095,,Beauty,7,706.39,05-02-2023 02:15,C000149,66,Male,Austalia,SR015,0,4944.73
INV178316,P0186,Product 186,Books,8 units,410.51,"Jul 27, 2023 06:09 AM",C001732,28,Male,Germny,SR009,0,3284.08
INV144744,P0180,Product 180,Electronics,7,804.76,20-03-2023 06:48,484,45,Male,U S A,SR020,0,5633.32
INV161913,P0164,Product 164,Grocery,7,112.55,16-12-2023 00:53,C001813,28,Female,India,SR006,0,787.85
INV148606,P0014,Product 14,Fashion,3,234.42,11-08-2023 08:49,,66,Male,Canad,SR008,0,703.26
INV131311,P0180,Product 180,Electronics,4,378.43,14-08-2023 07:19,C004764,30,Female,Uk,SR008,0,1513.72
INV152137,P0164,Product 164  - damaged,Grocery ,5,$777.32,05-10-2023 03:36,C000326,66,Male,UK,SR004,0,3886.6
INV185249,P0013,Product 13,Grocery,6,834.82,17-01-2023 04:30,C004660,27,Female,Austalia,SR016,0,5008.92
INV134777,P0118,Product 118,Toys,6,960.15,05-01-2023 11:24,C000093,35,Male,Austalia,SR008,0,5760.9
INV111897,P0081,Product 81,Toys,5 units,747.98,10-08-2023 00:55,C000133 ,33,Male,U S A,SR018,0,3739.9
INV124480,P0183,Product 183,Automotive,6,892.32,25-10-2023 02:15,C003073,42,Fem,U S A,SR015,0,5353.92
INV114975,P0163,Product 163,Toyz,9,586.62,12-10-2023 07:33,C000449,66,Male,Untied States,SR011,N,5279.58
INV126249,P0044,Product 44,Fashion,7,544.16,44958,C003424,34,Female,Canad,SR013,0,3809.12
INV120462,P0055,Product 55,Automotive,4,636.89,23-01-2023 01:01,C002093,66,Male,U S A,SR006,0,2547.56
INV102401,P0004,Product 4,Automotive,2,127.88,45223,C004895,34,Female,Canada,SR010,0,255.76
INV185570,P0096,Product 96,Home decors,1,254.8,01-06-2023 05:33,,54,Male,U S A,SR020,0,254.8
INV178425,P0160,Product 160,Grocery,4,982.24,44960,C002929,61,Male,India,SR018,0,3928.96
INV158220,P0075,Product 75  - damaged,Home Decor,6,39.08,27-11-2023 02:26,C002936,45,Male,India,SR009,0,234.48
INV163514,P0092,Product 92,Home Decor,8,214.66,17-10-2023 19:38,,59,Male,UK,SR015,0,1717.28
INV106974,P0188,Product 188,Toys ,1,571.58,12-01-2023 18:25,C004605,25,Male,Frnace,SR006,0,571.58
INV139210,P0039,Product 39,SPORTS,9,315.97,24-05-2023 10:04,C002194,62,Male,Untied States,SR015,0,2843.73
INV133123,P0063,Product 63,Electronics,4,244.87,16-03-2023 16:48,C002714,39,female,Untied States,SR012,0,979.48
INV149057,P0082,Product 82,Health,8,972.59,45175,C003485,32,Male,India,SR019,0,7780.72
INV100963,P0082,Product 82,Health,2,935.56,05-01-2023 05:05,C000900,56,Female,Frnace,SR015,0,1871.12
INV180270,P0034,Product 34,TOYS,3,12.94,15-08-2023 06:05,C001463,52,Female,Australia,SR003,0,38.82
INV156799,P0031,Product 31,Health,2,379.32,45079,,59,Female,Frnace,SR016,0,758.64
INV150853,P0008,Product 8,Sports,6,845.64,12-03-2023 15:27,C004030,61,MALE,USA,SR017,0,5073.84
INV160772,P0048,Product 48,Fashon,4,296.17,15-02-2023 01:09,C003143,22,Male,Canada,SR010,0,1184.68
INV132666,P0016,Product 16,Electronics,7,58.89,45028,C004730,58,Male,U S A,SR020,0,412.23
INV161441,P0009,Product 9,Automotive,8,777.06,26-07-2023 02:13,C003686,34,Female,U S A,SR017,0,6216.48
INV144310,P0015,Product 15,Electronics,5,356.59,06-01-2023 07:41,C002519,39,Female,Uk,SR012,0,1782.95
INV180945,P0078,Product 78,Books,8,967.52,45132,C001341 ,69,Male,Untied States,SR001,0,7740.16
INV199907,P0075,Product 75,Home Decor,8,874.2,12-12-2023 12:41,C001246,64,Female,Untied States,SR007,0,6993.6
INV166387,P0086,Product 86,Electronics,8,925.49,14-07-2023 07:00,C000713,37,Male,France,SR013,0,7403.92
INV124057,P0183,Product 183,Automotive,4,353.14,21-08-2023 15:37,C004554,20,Male,USA,SR019,0,1412.56
INV111301,P0172,Product 172,Health,2,65.46,03-05-2023 11:48,C002969,24,Male,Inda,SR002,0,130.92
INV198672,P0030,Product 30,SPORTS,4,191.32,04-01-2023 07:14,C002100,,Female,Frnace,SR007,1,765.28
INV135159,P0106,Product 106,Books,2,788.02,06-06-2023 18:16,C004747,65,Male,Untied States,SR004,0,1576.04
INV124735,P0133,Product 133,Electronics,1,407.85,21-05-2023 20:02,C003307,58,Male,Uk,SR005,0,407.85
INV167420,P0087,Product 87,GROCERY,2,310.09,07-06-2023 14:27,C001943,18,Male,UK,SR015,0,620.18
INV108685,P0135,Product 135,Health,3,$402.81,25-06-2023 15:16,C002489,63,Male,Australia,SR008,0,1208.43
INV113542,P0127,Product 127,Electronics,4,428.69,07-06-2023 21:43,C002107,20,Male,Germny,SR016,0,1714.76
INV198445,P0173,Product 173,Grocery,4 units,559.92,27-11-2023 23:00,C002575,50,Male,Frnace,SR005,0,2239.68
INV178013,P0032,Product 32,Fashion,3,114.81,25-09-2023 23:24,C004766,20,Female,Germany,SR009,0,344.43
INV122366,P0139,Product 139,Fashon,1,651.27 USD,30-03-2023 06:55,C002950,60,Female,Untied States,SR015,0,651.27
INV127620,P0024,Product 24,Home Decor,7,774.35,09-05-2023 17:24,C001448,43,Female,U S A,SR009,0,5420.45
INV182141,P0141,Product 141,Health,8,663.95,45168,C003372,51,Female,Untied States,SR019,0,5311.6
INV167918,P0072,Product 72,TOYZ,2 units,379.04,06-08-2023 21:37,C002416,19,Fem,Canada,SR007,0,758.08
INV166125,P0150,Product 150,Toyz,5,669.43,10-12-2023 08:49,C004644,44,female,India,SR020,0,3347.15
INV179466,P0200,Product 200,Home Decor,8,631.64,44928,C000854,36,Female,Germny,SR003,0,5053.12
INV175038,P0082,Product 82,Health,4,945.9,17-01-2023 12:09,C002479,48,Female,Germany,SR002,0,"$3,783.60 USD"
INV170273,P0012,Product 12,Fashon,7,265.5,45220,C003437,63,Female,Untied States,SR008,0,1858.5
INV104244,P0191,Product 191,Toyz,9,$762.11,01-04-2023 04:44,C004737,66,Female,Uk,SR007,0,6858.99
INV141012,P0180,Product 180,Electronics,1,642.75,23-11-2023 14:49,C004184,31,Male,USA,SR005,0,642.75
INV173246,P0162,Product 162,electronisc ,5,133.55,12-02-2023 20:51,C001985,42,Female,Canada,SR004,0,667.75
INV153123,P0014,Product 14,Fashion,2,47.03,03-03-2023 23:17,C002143,53,Male,Australia,SR013,,94.06
INV140820,P0006,Product 6,electronisc,1,173.3,06-11-2023 08:11,C000986,40,Female,Frnace,SR007,1,173.3
INV193380,P0069,Product 69,Fashon,7,294.18,45047,C004057,43,Female,UK,SR018,0,2059.26
INV108631,P0002,Product 2,beauty ,3,594.28,31-01-2023 13:52,C003014,27,Female,U S A,SR001,0,1782.84
INV154370,P0028,Product 28,Toys,3,796.21,05-04-2023 00:23,C002168,35,Male,France,SR017,0,"$2,388.63 USD"
INV135195,P0087,Product 87,GROCERY,4,999.41,09-04-2023 08:46,C000099,63,Female,France,SR016,0,3997.64
INV179588,P0144,Product 144,Fashon,4 units,647.38,07-12-2023 18:19,C004625,20,Male,Austalia,SR008,0,2589.52
INV189090,P0051,Product 51,Sports,2,190.88,45200,C002040,31,Male,U S A,SR004,0,381.76
INV131825,P0048,Product 48,Fashon,7,309.04,27-12-2023 08:28,C001350 ,41,Female,UK,SR005,0,2163.28
INV141753,P0179,Product 179,Health,-4,472.83,04-11-2023 00:16,C004698,27,Female,Untied States,SR004,1,-1891.32
INV197478,P0061,Product 61,home decor,2,964.92,27-03-2023 17:41,C001324 ,43,Male,Australia,SR001,0,1929.84
INV13255,P0024,Product 24,Home Decor,1,613.97,15-08-2023 04:08,C001118,49,Male,UK,SR020,0,613.97
INV150380,P0010,Product 10,Home decors,-1,$439.75,09-09-2023 03:58,C001948,64,Female,UK,SR012,1,-439.75
INV187397,P0146,Product 146,Fashion,8,579.72,07-12-2023 09:12,C000594,,Female,India,SR005,0,4637.76
INV137781,P0035,Product 35,Fashon,8,471.24,08-11-2023 07:04,C001775,63,Male,Canad,SR020,0,3769.92
INV126973,P0078,Product 78,Books,9,164.82,01-02-2023 06:26,C002995,24,Male,Untied States,SR007,0,1483.38
INV167114,P0196,Product 196,Beauty,8,594.49,02-05-2023 20:34,C003516,58,Female,Canada,SR001,0,4755.92
INV116159,P0050,Product 50,Books,7,872.12,45080,C003916,61,Male,USA,SR002,0,6104.84
INV121654,P0005,Product 5,Toys,6,600.16,22-03-2023 18:11,C004101,62,Female,Frnace,SR011,0,3600.96
INV121554,P0083,Product 83,Automotive,-2,400.01,29-03-2023 19:44,C003947,105,Female,Germany,SR015,1,-800.02
INV195287,P0158,Product 158,FASHION ,7,973.83,24-12-2023 03:05,C003857,30,Male,Uk,SR020,0,6816.81
INV172421,P0160,Product 160 ***,Grocery,5,382.27,16-06-2023 14:30,C003462,64,Male,Germany,SR010,0,1911.35
INV103163,P0132,Product 132,Toys,4,355.68,"Feb 23, 2023 03:07 AM",C004861,50,Female,France,SR017,0,1422.72
INV144849,P0058,,GROCERY,5,914.87,16-06-2023 17:11,C001147,28,Female,Germany,SR004,0,4574.35
INV188973,P0032,Product 32,Fashion,5,638.47,"Aug 12, 2023 08:54 AM",C002154,21,Female,Austalia,SR011,0,3192.35
INV178582,P0155,Product 155,Beauty,7,645.39,18-09-2023 18:38,C004075,23,Male,UK,SR006,0,4517.73
INV115458,P0076,Product 76,Electronics,5,963.83,14-02-2023 02:05,C002037,36,Female,Inda,SR008,0,4819.15
INV116339,P0015,Product 15 ***,ELECTRONICS,4,980.27,05-04-2023 00:27,C001169,63,Female,USA,SR014,0,3921.08
INV196178,P0082,Product 82,Health,9,810.73,21-06-2023 15:15,C000171,69,Male,France,SR019,0,7296.57
INV111316,P0041,Product 41  [refurbished],Sports,2,894.2,05-03-2023 20:27,C000834,28,Male,Canad,SR018,0,1788.4
INV159455,P0031,Product 31,Health,3,763.96,20-01-2023 07:44,C003006,66,Female,Frnace,SR018,0,2291.88
INV121057,P0081,Product 81,Toys,6 units,$625.43,05-09-2023 06:08,,32,Female,Canad,SR017,0,3752.58
INV161318,P0162,Product 162,electronisc,1,801.99,26-09-2023 09:12,C000776,32,Male,USA,SR011,0,$801.99 USD
INV148762,P0021,Product 21,beauty ,7,554.92,24-07-2023 15:53,,31,female,Inda,SR004,0,3884.44
INV100200,P0149,Product 149,Beauty,9,826.7,45118,,27,Female,Germny,SR012,0,7440.3
INV179122,P0112,Product 112,Toys,3,227.03,19-11-2023 23:51,C004477,18,Male,Australia,SR012,0,681.09
INV131385,P0143,Product 143,Toyz,8,606.31,03-10-2023 22:16,C001322,34,Male,UK,SR017,0,4850.48
INV109357,P0182,Product 182,Toys,7,654.41,09-09-2023 04:32,C004276,54,Female,Untied States,SR014,0,4580.87
INV146277,P0107,Product 107,home decor,2,838.76,44969,C002878 ,22,Female,Untied States,SR017,0,1677.52
INV145472,P0084,Product 84,Fashon,1,728.29,23-02-2023 00:42,C003714,69,Female,Uk,SR008,0,728.29
INV163649,P0022,Product 22,beauty ,7,993.69,09-04-2023 02:04,C002087,36,Male,Uk,SR004,0,6955.83
INV162516,P0012,Product 12,Fashon,9,383,03-05-2023 16:49,C000495,42,Male,Australia,SR012,0,3447
INV130260,P0141,Product 141,Health,2,929.26,17-10-2023 03:52,C004567,22,Male,Australia,SR008,0,1858.52
INV192671,P0004,Product 4,AUTOMOTIVE,9,318,19-03-2023 17:27,C000279,40,Female,Uk,SR016,0,2862
INV183901,P0027,Product 27,Health,2,528.31,23-09-2023 11:13,C000413,20,Female,Canada,SR002,0,1056.62
INV192509,P0178,Product 178,Toys,2,391.62,01-02-2023 20:24,C003613,32,Male,U S A,SR017,0,783.24
INV137692,P0141,Product 141,Health,4,684.8,25-10-2023 18:31,C003566,18,Female,India,SR016,0,2739.2
INV166025,P0110,Product 110,Sports,5 units,694.03,16-06-2023 10:42,C004011,24,Male,UK,SR006,0,3470.15
INV124430,P0025,Product 25,Beauty,9,588.97,14-12-2023 09:20,C000834,28,Male,USA,SR011,0,5300.73
INV139651,P0009,Product 9,AUTOMOTIVE,9,654.08,28-04-2023 05:58,C002508,67,female,India,SR008,0,5886.72
INV137432,P0034,Product 34,Toys,6,224.52,"Sep 27, 2023 08:41 PM",C004604,58,Male,Austalia,SR001,0,1347.12
INV105409,P0040,Product 40,Toyz,5 units,971.49,13-05-2023 22:13,C004013,35,Male,Germny,SR007,0,4857.45
INV116118,P0081,Product 81 ###,Toys,1 units,235.02,31-08-2023 20:20,C000075,63,Female,France,SR020,0,235.02
INV199032,P0102,Product 102,Toys,4,633.96,26-05-2023 22:25,C002369,62,,India,SR013,1,2535.84
INV190905,P0082,Product 82,Health ,5,947.87,45049,C004489,37,Male,Frnace,SR006,0,4739.35
INV153043,P0052,Product 52,SPORTS,5,348.11,45033,,22,Male,Austalia,SR020,0,1740.55
INV124481,P0176,Product 176,Sports,7 units,160.39,"Aug 08, 2023 10:06 AM",C003340,57,Female,U S A,SR020,0,1122.73
INV128385,P0135,Product 135,Health,-4,180.48,45021,C000680,31,Female,Germny,SR016,1,-721.92
INV176099,P0006,Product 6,electronisc,3,594.89,08-01-2023 01:24,C000420,25,Female,USA,SR004,,1784.67
INV141232,P0102,Product 102,Toys,6,284.22,21-08-2023 20:00,C001835,39,Male,India,SR015,0,1705.32
INV117242,P0079,Product 79,Beauty,3,620.32,26-12-2023 06:10,C002897,68,Male,Australia,SR008,0,1860.96
INV109616,P0148,Product 148,Toyz,6,271.14,45103,C004571,23,Male,Germany,SR009,0,1626.84
INV127076,P0195,Product 195,Fashon,7,101.99,08-10-2023 03:28,C003786,57,MALE,U S A,SR013,0,713.93
INV173231,P0071,Product 71,electronisc,1,602.39,45011,C003618,59,Female,Inda,SR006,0,602.39
INV117382,P0036,Product 36,Automotive,6,898.99,20-04-2023 14:29,C004493,66,Female,Canada,SR011,,5393.94
INV108161,P0036,Product 36,Automotive,5,270.74 USD,16-12-2023 12:55,C001727,63,Male,Untied States,SR018,0,1353.7
INV149602,P0074,Product 74,Home Decor,4,512.85,17-06-2023 12:22,,56,Female,Germny,SR018,0,2051.4
INV121996,P0182,Product 182,Toys,6 units,875.08,22-07-2023 17:18,C003383,34,Female,Austalia,SR018,0,5250.48
INV144945,P0195,Product 195,Fashon,-4,520.32,17-01-2023 22:56,C004078,49,Female,Germny,SR001,1,-2081.28
INV114532,P0021,Product 21,beauty ,7,273.39,13-11-2023 06:30,C003484,68,Female,Austalia,SR003,0,1913.73
INV199265,P0054,Product 54,beauty ,9,465.51,25-01-2023 09:36,,64,Female,Austalia,SR010,0,4189.59
INV107124,P0102,Product 102,Toys,-1,310.29,15-04-2023 22:38,,64,Female,Germany,SR003,1,-310.29
INV122763,P0147,Product 147,Home Decor,9,186.39,04-04-2023 01:54,C003454,22,Female,Frnace,SR014,0,1677.51
INV106621,P0118,Product 118,Toys ,8,154.05,31-12-2023 23:00,,50,Female,Uk,SR011,0,1232.4
INV170898,P0012,Product 12 ###,Fashon,3,809.37,"Oct 12, 2023 01:41 PM",C004313,35,Male,Untied States,SR016,0,2428.11
INV197875,P0174,Product 174,GROCERY,3 units,641.78,16-01-2023 06:31,C003854,105,female,Canad,SR012,0,1925.34
INV17893,P0003,Product 3,electronisc,9,612.82,31-05-2023 13:16,C001661,38,Male,UK,SR008,0,5515.38
INV122546,P0060,Product 60,Home decors,3,557.75,14-07-2023 09:30,C000812,19,Male,France,SR009,0,1673.25
INV135321,P0031,Product 31,Health,1,68.21,03-06-2023 10:22,C002947,26,Female,Uk,SR002,0,68.21
INV170914,P0185,Product 185,electronisc,9,456.8,01-04-2023 13:27,3176,47,M,UK,SR009,0,4111.2
INV101353,P0014,Product 14,Fashion,9,$114.86,30-03-2023 22:24,C002164,33,Male,UK,SR005,0,1033.74
INV117681,P0130,Product 130,Electronics,7,613.75,13-01-2023 19:39,C003748,66,Male,Canada,SR017,0,4296.25
INV171772,P0198,Product 198,Health,5,55.18,15-06-2023 01:11,C000559 ,67,Male,France,SR018,0,275.9
INV109491,P0024,Product 24,Home Decor,4,281.88,"Nov 30, 2023 10:02 PM",C000638,22,Female,USA,SR017,0,1127.52
INV103494,P0014,Product 14,Fashion,1,99.98,05-06-2023 16:01,C000079 ,54,male,France,SR007,0,99.98
INV129637,P0054,,beauty ,1,308.27,17-05-2023 16:55,C001467,41,Female,Canad,SR011,0,308.27
INV153988,P0060,Product 60,beauty ,9,608.18,09-03-2023 12:22,C000593,32,Female,USA,SR003,0,5473.62
INV124947,P0073,Product 73,AUTOMOTIVE,2,$692.19,09-07-2023 18:58,C004423,40,Female,Germany,SR007,0,1384.38
INV15301,P0175,Product 175,Home Decor,7,559.59,"Mar 31, 2023 05:01 AM",C001300,48,Male,France,SR003,0,3917.13
INV168799,P0001,Product 1,TOYS,8 units,969.66,10-08-2023 17:57,C003584,22,,Frnace,SR002,Y,7757.28
INV101389,P0119,Product 119,Fashion,2,71.7,14-11-2023 03:31,C000084,48,,Canad,SR005,0,143.4
INV178761,P0167,Product 167,Grocery,5,$733.85,21-09-2023 00:26,C002598,54,Male,USA,SR020,0,3669.25
INV164093,P0177,Product 177,Home Decor,7,245.35,25-10-2023 06:07,C004439,38,Male,Frnace,SR002,0,1717.45
INV120849,P0041,Product 41,Sports,9,133.8,17-04-2023 21:49,C001354,51,Male,France,SR002,0,1204.2
INV169131,P0163,Product 163,Toyz,9,338.09 USD,18-03-2023 22:19,C000610,19,Female,Uk,SR008,0,3042.81
INV115688,P0010,Product 10,Home Decor,3,647.15,08-05-2023 09:26,C003177,43,Male,India,SR001,0,1941.45
INV137331,P0135,Product 135,Health,9,633.38,15-10-2023 08:37,C003761,67,Fem,USA,SR010,0,5700.42
INV189508,P0009,Product 9,Automotive,1,144.27,25-04-2023 02:17,C004883,46,Female,Frnace,SR007,0,144.27
INV183900,P0106,Product 106,Books,4,248.55,01-05-2023 06:30,C004784,50,male,India,SR002,0,$994.20 USD
INV171798,P0023,Product 23,Fashon,8,444.56,28-11-2023 05:10,C000034,31,Male,France,SR017,0,3556.48
INV119862,P0001,Product 1,Toys,3,794.25,11-10-2023 16:42,C003738,24,Male,Australia,SR005,Y,2382.75
INV136592,P0067,Product 67,Health,6,885.8,26-12-2023 14:12,,60,Female,Australia,SR017,0,5314.8
INV136776,P0099,Product 99,Electronics,7 units,710.35,"Dec 03, 2023 08:17 AM",C001501,,Male,France,SR013,0,4972.45
INV131095,P0032,Product 32,Fashion ,3,895.08,27-03-2023 15:34,C004754,28,Female,Australia,SR017,0,2685.24
INV103186,P0200,Product 200,Home Decor,5,704.99,05-11-2023 12:32,C000558,20,Female,Frnace,SR012,0,3524.95
INV112480,P0090,Product 90,Fashon,9,96.74,30-06-2023 11:18,C000515,,Female,Frnace,SR004,0,870.66
INV170155,P0146,Product 146,Fashion,2,681.15,22-04-2023 03:28,C000379,30,Male,Canada,SR015,0,"$1,362.30 USD"
INV179920,P0073,Product 73,Automotive,7 units,861.52,08-11-2023 20:55,C004642,55,Male,U S A,SR007,0,6030.64
INV123376,P0101,Product 101,SPORTS,4,450.43,19-12-2023 21:06,C002797,54,Female,UK,SR020,0,1801.72
INV193065,P0200,Product 200,HOME DECOR,1,169.53,13-04-2023 20:28,C002001,67,Female,Austalia,SR010,0,169.53
INV190812,P0017,Product 17 ***,Fashon,6,870.56,04-04-2023 19:10,C001912,42,Male,U S A,SR019,0,5223.36
INV199960,P0124,Product 124,Fashon,1,159.89,09-10-2023 20:31,C000645,18,Female,Australia,SR005,0,159.89
INV117865,P0116,Product 116,Sports,7,945.2,03-07-2023 08:43,C003444,25,Male,UK,SR018,0,6616.4
INV137600,P0127,Product 127,Electronics,9,684.63,05-03-2023 06:09,C004593,32,Fem,Canada,SR020,0,6161.67
INV106148,P0172,Product 172,Health,6,629.57,11-05-2023 19:44,C001575,57,Male,Canad,SR005,0,3777.42
INV129882,P0102,Product 102,Toys,3,597.71,22-08-2023 23:58,C001745,29,Female,Germany,SR014,0,1793.13
INV10835,P0187,Product 187,Home Decor,4,$172.75,24-09-2023 01:36,C003029,41,Female,Austalia,SR020,0,691
INV193743,P0145,Product 145,Toys,7 units,488.52,18-11-2023 13:35,C004909,49,Male,Inda,SR020,0,"$3,419.64 USD"
INV123050,P0150,Product 150,Toyz,9,721.01,17-06-2023 21:00,C002848 ,65,Male,France,SR015,0,6489.09
INV159381,P0032,Product 32,Fashion,8,154.07,18-09-2023 06:45,C004021,57,Male,Austalia,SR015,0,1232.56
INV104213,P0171,Product 171,Electronics ,5,433.96,45072,C004050,29,Female,Uk,SR005,0,2169.8
INV164522,P0005,Product 5,Toys,6 units,441.45,45248,C003766,60,Female,Inda,SR016,0,2648.7
INV124247,P0077,Product 77  [refurbished],Beauty,4,945.97,07-09-2023 20:03,C003674 ,52,Male,Inda,SR017,0,3783.88
INV189817,P0018,Product 18,Toyz,3,44.66,22-12-2023 02:02,C000413,20,Female,USA,SR001,0,133.98
INV130703,P0073,Product 73,Automotive,8,725.17,23-01-2023 23:27,C003498 ,35,male,UK,SR014,0,5801.36
INV161209,P0132,Product 132,Toys,3,235.65,20-03-2023 01:08,C002837,63,Male,U S A,SR016,0,706.95
INV180192,P0143,Product 143,Toyz,5,444.99,45121,C001478,54,Fem,Austalia,SR017,0,2224.95
INV107138,P0107,Product 107,Home decors,8,786.83,14-05-2023 11:01,4924,64,Female,Uk,SR013,0,6294.64
INV143697,P0117,Product 117,home decor,8,377.82,18-08-2023 15:48,C002543 ,34,Male,Canad,SR012,0,3022.56
INV153387,P0174,Product 174,GROCERY,-4,705.91,06-11-2023 03:21,C003092,,Male,Inda,SR013,1,-2823.64
INV100079,P0109,Product 109,Toyz,8,$695.56,45113,C004889,63,Female,Frnace,SR018,N,5564.48
INV181523,P0199,Product 199,Health,9,884.83,01-03-2023 20:24,1052,30,Female,USA,SR017,0,7963.47
INV114973,P0057,Product 57,Automotive,3 units,31.82,15-06-2023 09:17,C000816,37,Female,Germny,SR012,0,95.46
INV177287,P0148,Product 148,Toyz,-3,726.31,24-02-2023 20:31,C003395,52,Male,Canad,SR018,1,-2178.93
INV118812,P0177,Product 177 ###,Home Decor,7,832.33,07-12-2023 18:56,C000649,43,Female,Frnace,SR017,0,5826.31
INV191183,P0088,Product 88,Beauty,5,701.1,45169,C000946,27,Female,Canad,SR002,0,3505.5
INV199856,P0040,Product 40,Toyz,6,$212.59,01-09-2023 19:11,C004827,38,Male,India,SR018,0,1275.54
INV150220,P0144,Product 144,Fashon,6,225.05,01-12-2023 06:54,C001585,24,Female,India,SR004,0,1350.3
INV146692,P0006,Product 6,electronisc,2,772.69,18-03-2023 15:41,C002329,33,Male,Canad,SR005,0,1545.38
INV194233,P0082,Product 82,Health,3,690.07,14-06-2023 12:13,C001441,46,Male,UK,SR010,0,2070.21
INV127034,P0121,Product 121,home decor,3,604.93,44999,C002860,62,Female,Germny,SR007,0,1814.79
INV114115,P0081,Product 81,Toys,4,900.75,07-02-2023 00:12,C001915,52,Female,Germany,SR009,0,3603
INV187796,P0151,Product 151,Toyz,6,459.24,28-12-2023 15:57,C003909,40,Female,Austalia,SR011,0,2755.44
INV132945,P0086,Product 86,Electronics,7,44.49,02-06-2023 11:55,C003925,51,Male,Canada,SR002,0,311.43
INV168486,P0100,Product 100,Beauty,1,699.56,01-10-2023 15:32,C001035,45,Female,Uk,SR009,0,699.56
INV141273,P0181,Product 181,Automotive,5,683.54,45094,C004298,47,Male,UK,SR009,0,3417.7
INV167673,P0181,Product 181,Automotive,9 units,467.27,24-10-2023 18:03,C000886,23,Female,Canada,SR003,0,4205.43
INV175513,P0045,Product 45,Grocery,1,$614.77,45003,C001733,62,Female,Germany,SR003,0,614.77
INV164269,P0185,Product 185,electronisc,2,362.35,24-10-2023 00:54,C004607,46,Female,Germny,SR005,0,724.7
INV160130,P0069,Product 69,Fashon ,8,242.5,15-01-2023 08:36,1329,32,Female,Untied States,SR015,0,1940
INV196037,P0180,Product 180,Electronics,3,231.77,15-08-2023 09:12,C004184,31,Male,Austalia,SR010,0,695.31
INV120641,P0171,Product 171 (,Electronics,8,440.54,45272,C001433,30,Male,Inda,SR012,0,3524.32
INV109132,P0005,Product 5,Toys,9,339.82,"Aug 07, 2023 03:29 PM",C002424 ,27,Female,Austalia,SR012,0,3058.38
INV154027,P0064,Product 64,home decor,4,694.61,12-08-2023 10:38,C002820,21,Female,Frnace,SR009,0,2778.44
INV139152,P0120,Product 120,Books,6,648.14,15-07-2023 05:16,C001485,26,Female,UK,SR012,0,3888.84
INV171403,P0100,Product 100,Beauty,1,597.63,01-08-2023 04:40,C002375,26,Male,U S A,SR017,0,597.63
INV184712,P0161,Product 161,SPORTS,2,885.59,18-11-2023 02:36,C000104,39,Male,India,SR011,0,1771.18
INV166112,P0065,Product 65,Electronics,4,863.41,07-04-2023 04:31,C000237,27,Male,Canada,SR006,0,3453.64
INV170211,P0129,Product 129,home decor,9,848.79,"Apr 28, 2023 02:23 AM",C000609,,MALE,Inda,SR009,0,7639.11
INV103797,P0185,Product 185,electronisc,3,162.61,13-06-2023 16:46,C002152 ,51,Male,UK,SR016,0,487.83
INV138548,P0139,Product 139,Fashon,6 units,609.18,28-09-2023 23:14,C004640,,Male,UK,SR003,0,3655.08
INV170334,P0102,,TOYS,2,269.58,01-04-2023 09:13,C002955,21,Female,Untied States,SR002,0,539.16
INV128220,P0150,Product 150,Toyz,6,199.23,45035,C000878,64,Male,India,SR004,0,1195.38
INV138810,P0079,Product 79,Toys,3,961.6,04-11-2023 23:08,,40,Male,Germny,SR012,0,2884.8
INV111228,P0122,Product 122,Grocery,9,632.91,04-11-2023 04:07,C001485,26,Female,Untied States,SR008,0,5696.19
INV173294,P0082,Product 82,HEALTH,5,845.97,11-04-2023 03:42,C004738,40,Male,Frnace,SR013,0,4229.85
INV134150,P0020,Product 20,GROCERY,1,139.69,07-05-2023 10:39,C004261,53,Male,USA,SR020,0,139.69
INV169995,P0142,Product 142,Toyz,4,717.89,07-09-2023 20:24,C002495,21,Female,Inda,SR020,0,2871.56
INV138765,P0117,Product 117,home decor,-1,983.26,07-05-2023 19:25,C004524,66,Male,Inda,SR016,,-983.26
INV156567,P0172,Product 172,Health,9,801.37,14-12-2023 16:24,C000160 ,,Male,U S A,SR012,0,7212.33
INV105006,P0058,Product 58,GROCERY,6 units,977.15,26-08-2023 21:03,C004201,65,Female,Canada,SR009,0,5862.9
INV199949,P0134,Product 134,Automotive,9,847.31,44979,2774,44,Male,Austalia,SR017,0,7625.79
INV104086,P0005,Product 5,Toys,5,723.55,20-12-2023 07:55,C001577 ,51,Male,Germny,SR019,0,3617.75
INV103854,P0079,Product 79,Toys ,1,190.29,01-09-2023 04:11,C000878,64,Male,Canada,SR018,0,190.29
INV193967,P0105,Product 105,beauty ,7,816.06,25-03-2023 10:33,C000482,37,Female,Canada,SR013,0,5712.42
INV111806,P0128,Product 128,Electronics,6,646.04,01-02-2023 14:21,C003116,54,Female,Germny,SR005,0,3876.24
INV186788,P0016,Product 16 (,Fashon,6,935.76,44940,C004367,65,Male,Austalia,SR001,0,5614.56
INV148022,P0143,Product 143 ###,Toyz,7,924.12,24-12-2023 08:55,C000861,42,Female,UK,SR010,0,6468.84
INV148387,P0004,Product 4,Automotive,3,539.18,25-12-2023 18:31,C004423,40,Female,UK,SR008,0,1617.54
INV112942,P0013,Product 13,Grocery,1,670.78,45166,C000742,50,Male,UK,SR005,0,670.78
INV152621,P0042,Product 42,Automotive,6,526.45,45251,C004248,60,Male,Australia,SR016,0,3158.7
INV188173,P0081,Product 81,Toys,2,106.11,45212,C003368,39,Male,Frnace,SR008,0,212.22
INV159439,P0176,Product 176,Sports ,1,229.26,16-10-2023 23:12,C003416,59,Female,Uk,SR020,0,229.26
INV150553,P0097,Product 97,SPORTS,2,351.3,22-12-2023 03:51,C000150,69,Female,Untied States,SR014,0,702.6
INV175524,P0144,Product 144,Fashon,4,920.65,18-04-2023 03:19,C001637,21,Male,Inda,SR020,0,3682.6
INV178643,P0075,Product 75,Home Decor,3,897.47,13-02-2023 09:25,C002589,40,Male,Canada,SR005,0,2692.41
INV136878,P0114,Product 114,beauty ,9,685.96,28-10-2023 23:49,,62,Male,Uk,SR020,0,6173.64
INV139344,P0064,Product 64,home decor ,5,688.75,28-05-2023 00:48,C002659,29,Female,Germany,SR008,0,3443.75
INV135792,P0010,Product 10,Fashon,7,$164.19,28-03-2023 00:02,C003933,36,Female,Germany,SR013,0,1149.33
INV160314,P0170,Product 170,GROCERY,5,672.3,14-01-2023 10:49,C000822,28,Male,Inda,SR011,0,3361.5
INV150953,P0188,Product 188,TOYS,4 units,232.39,22-03-2023 23:02,C004766,20,Female,Germany,SR003,0,929.56
INV133671,P0165,Product 165,Beauty,3,372.93,22-10-2023 08:27,C002485,52,Male,UK,SR015,0,1118.79
INV174361,P0195,Product 195,Fashon,4,943.79,05-05-2023 02:59,C001912,42,Male,Australia,SR009,Y,"$3,775.16 USD"
INV136461,P0136,Product 136,Beauty,9,324.16,20-06-2023 13:29,C000701,54,Male,Uk,SR018,0,2917.44
INV141084,P0067,Product 67,Health ,9,79.3,44965,C002933,45,Female,U S A,SR017,0,713.7
INV154758,P0107,Product 107,home decor,5,892.08,11-05-2023 13:56,C001753,50,Male,France,SR017,0,4460.4
INV139372,P0018,Product 18,Toyz,8 units,$766.40,08-04-2023 15:56,C000722,53,Male,Australia,SR006,0,6131.2
INV120096,P0115,Product 115,electronisc ,8,944.69,04-07-2023 12:16,C000171,69,Male,USA,SR015,0,7557.52
INV160927,P0093,Product 93,Electronics,8 units,390.09,22-08-2023 05:41,C004323,27,Male,UK,SR016,0,3120.72
INV177094,P0158,Product 158,Fashion,8,718.41,30-08-2023 05:37,C001234,43,Female,Germany,SR005,0,5747.28
INV180366,P0131,Product 131,Home Decor,4,763.53,15-11-2023 02:49,C003853,18,Male,Canad,SR020,0,3054.12
INV160458,P0114,Product 114,beauty ,7,787.86,45205,C003838,19,Fem,Canada,SR004,0,5515.02
INV113075,P0030,Product 30  - damaged,SPORTS,7,945.08,44964,C002369,62,Male,Australia,SR015,0,6615.56
INV176758,P0171,Product 171,Electronics,6,430.96,24-01-2023 03:42,C000919,64,Male,Canad,SR020,0,2585.76
INV129327,P0161,,Sports,5,20.21,45198,C000072,45,Male,USA,SR008,0,101.05
INV192361,P0001,Product 1,Toys,4,557.51,09-07-2023 15:56,C001309,35,Female,Canad,SR013,0,2230.04
INV181884,P0076,Product 76,Electronics,9,736.78,44975,C004193,46,Male,France,SR013,0,6631.02
INV174960,P0054,Product 54,beauty ,4,252.55,45151,C001479,51,Male,Germny,SR008,0,1010.2
INV110113,P0128,Product 128,Electronics,6,879.62,06-04-2023 05:54,C000001,36,Male,India,SR015,0,5277.72
INV174106,P0010,Product 10,Home Decor,2,774.46,05-12-2023 13:14,C002082,18,Male,Austalia,SR005,0,1548.92
INV129561,P0116,Product 116,Sports,4,435.92,11-09-2023 07:57,C000306,52,Female,Frnace,SR016,0,1743.68
INV178114,P0126,Product 126,Toys,6,409.38,12-01-2023 16:40,C001507,54,Female,Inda,SR017,0,2456.28
INV148059,P0061,Product 61,home decor,7,950.36,23-09-2023 06:20,C003155,46,Male,Canad,SR006,0,6652.52
INV168347,P0169,Product 169,GROCERY,2,733.94,25-02-2023 12:56,C000717,20,Male,Inda,SR019,0,1467.88
INV115921,P0008,,Sports,4,88.59,"Jun 28, 2023 05:11 PM",C001251,53,Female,India,SR010,0,354.36
INV151916,P0159,Product 159 (,FASHON,1,640.03,22-09-2023 01:51,,66,Male,Australia,SR012,0,640.03
INV156753,P0022,Product 22,BEAUTY ,5,491.01,12-03-2023 19:59,C004657,23,Male,Germany,SR019,0,2455.05
INV181134,P0028,Product 28,Toys,6,358.49,23-09-2023 21:40,C003800,25,Female,Frnace,SR014,0,2150.94
INV126881,P0187,Product 187,Home Decor,3,849.49,04-10-2023 21:59,3920,18,Female,Germany,SR002,0,2548.47
INV124157,P0009,Product 9,Automotive,3,986.41,18-12-2023 17:29,C002059,28,Male,Untied States,SR009,0,2959.23
INV103346,P0049,Product 49,Fashion,7,14.98,23-08-2023 18:02,C003477,64,Male,USA,SR015,0,104.86
INV129703,P0002,Product 2,beauty ,5,991.92,12-03-2023 14:19,C004177,200,Female,France,SR013,0,4959.6
INV183472,P0062,Product 62,Health,5,39.74,45215,C002501,56,Male,Germny,SR006,0,198.7
INV173601,P0021,Product 21,beauty ,8,924.99,23-02-2023 23:01,4372,44,Male,Austalia,SR001,0,7399.92
INV189615,P0097,Product 97,SPORTS,3,483.83,10-08-2023 16:17,C001835,39,Male,Untied States,SR003,0,1451.49
INV112934,P0072,,Toyz,1,403.37,24-10-2023 02:55,C002353,39,Female,Australia,SR007,0,403.37
INV167026,P0038,Product 38,HOME DECOR,5,$298.90,45080,C000820,34,Male,India,SR001,0,1494.5
INV152683,P0027,Product 27,Health,1,505.58,02-09-2023 00:51,,33,Female,Australia,SR010,0,505.58
INV189161,P0145,Product 145,Toys,6,196.46,23-04-2023 08:57,C002691,66,Male,USA,SR020,0,1178.76
INV182258,P0191,Product 191,Toyz,4,680.01,13-01-2023 15:19,C001674,52,Female,Germny,SR013,0,2720.04
INV140173,P0112,Product 112 ***,Toys,5,912.32,04-07-2023 03:37,C003725,28,Male,Canad,SR004,0,4561.6
INV179549,P0125,Product 125,electronisc,4 units,598.27,06-10-2023 20:37,C003338,40,Female,Inda,SR017,0,2393.08
INV119465,P0103,Product 103 ###,Health,5,319.14,04-12-2023 04:20,C003474,35,Female,Germany,SR012,0,1595.7
INV198227,P0142,Product 142,TOYZ,4,773.67,02-02-2023 11:49,C004553,31,Female,Germny,SR017,0,3094.68
INV163370,P0086,Product 86,Electronics,7,65.28,20-07-2023 04:38,C001106,54,Male,France,SR003,0,456.96
INV119135,P0150,Product 150,Toyz,2,966.46,24-04-2023 16:41,C003460,47,Male,USA,SR008,0,1932.92
INV156237,P0079,Product 79,Toys,3,576.1,09-12-2023 06:02,C002359,33,Female,Canad,SR017,0,1728.3
INV101645,P0026,Product 26,Toys,5,292.9,12-06-2023 17:05,C002718,39,Male,Inda,SR004,0,1464.5
INV154966,P0174,Product 174,GROCERY,1 units,970.95,17-10-2023 18:36,C001020,60,Male,India,SR019,0,$970.95 USD
INV163098,P0176,Product 176,SPORTS,4,896.14,10-01-2023 13:37,C003437,63,Female,Untied States,SR008,0,3584.56
INV197304,P0028,Product 28,Toys,9,951.65,07-02-2023 01:32,C000243,21,Male,India,SR013,0,8564.85
INV164273,P0011,Product 11,Beauty,2,171.28,30-03-2023 13:06,C004462,55,Male,UK,SR008,0,342.56
INV150534,P0092,Product 92 (,Home Decor,8,$874.70,28-10-2023 08:25,1248,200,Male,Australia,SR020,0,6997.6
INV188633,P0051,Product 51,Sports,8,25.74,27-12-2023 14:12,C003251,52,Male,Uk,SR003,0,205.92
INV159832,P0177,Product 177,Electronics,3,229.36,28-06-2023 17:31,C000196,18,Female,Inda,SR017,0,688.08
INV138756,P0080,Product 80,Health,2,561.9,06-05-2023 13:52,C003009 ,23,Female,Canada,SR002,0,1123.8
INV128987,P0026,Product 26,Toys,4,$915.75,45153,C000819,26,Male,Germany,SR013,0,"$3,663.00 USD"
INV120135,P0072,Product 72,Toyz,8,31.68,45128,C000993,53,Female,Canad,SR019,0,253.44
INV164655,P0004,Product 4,Automotive,1,738.91,11-07-2023 13:23,C003308,33,Male,UK,SR018,0,738.91
INV166451,P0152,Product 152,Toyz,7,$619.08,14-12-2023 00:58,C000430,55,Female,Australia,SR005,0,4333.56
INV127245,P0051,Product 51,Sports,6,495.8,23-12-2023 12:02,C002268,21,,Germny,SR020,0,2974.8
INV148270,P0011,Product 11,Fashion,9,768.21,25-07-2023 05:39,C003127,26,Male,Australia,SR019,0,6913.89
INV108929,P0075,Product 75,Home Decor,4,$211.55,14-12-2023 16:11,C001185,60,Female,Germny,SR016,0,846.2
INV136670,P0051,Product 51,Sports,6,833.2,23-12-2023 21:14,C000657,26,Female,Uk,SR004,0,4999.2
INV124063,P0197,Product 197,Beauty,4,218.3,27-05-2023 18:14,C004612,22,Female,Canad,SR014,Y,873.2
INV179522,P0170,Product 170,GROCERY,6,$874.15,09-05-2023 04:41,C001318,49,Male,Canada,SR013,0,5244.9
INV141593,P0116,Product 116,Sports,4,311.48,06-02-2023 03:55,C003861,42,Female,Canad,SR011,0,1245.92
INV191081,P0190,Product 190,GROCERY,3,780,21-04-2023 16:35,C000936,68,F,France,SR002,0,2340
INV157903,P0069,Product 69,Fashon,3,135.48,08-10-2023 16:48,C003209,57,Female,Canad,SR007,0,406.44
INV199118,P0160,Product 160,Grocery,6,410.56,"May 22, 2023 03:12 AM",C000820,34,Male,Frnace,SR013,0,2463.36
INV190813,P0014,Product 14,Fashion,3,343.79,"Aug 13, 2023 12:46 PM",C003033,27,Male,Australia,SR013,0,1031.37
INV184204,P0028,Product 28,Toys,3,285.78,30-11-2023 14:58,C002708,63,Female,Germny,SR006,0,857.34
INV126818,P0176,Product 176,Sports,2,266.17,05-07-2023 08:04,,46,male,Frnace,SR006,0,532.34
INV144199,P0125,Product 125,electronisc,6,627.46,12-01-2023 05:08,306,200,Female,France,SR020,0,3764.76
INV140590,P0135,Product 135,HEALTH,9,584.56,07-11-2023 01:24,C000097,20,Male,Inda,SR008,0,5261.04
INV130839,P0142,Product 142,Toyz,8,674.02,17-06-2023 03:45,C000349,52,Male,India,SR005,0,5392.16
INV122671,P0153,Product 153,Fashion,4,689.7,14-08-2023 11:55,C003219 ,20,Female,UK,SR003,0,2758.8
INV139476,P0096,Product 96,beauty ,8,262.79,02-09-2023 18:34,C000658,,Female,Germny,SR008,0,2102.32
INV105270,P0141,Product 141,Health,6,822.14,"Mar 30, 2023 02:27 AM",C004157,64,Female,Canada,SR009,0,4932.84
INV160405,P0137,Product 137,Electronics,2,887.33,22-06-2023 21:02,C003702,37,Female,Frnace,SR016,0,1774.66
INV165909,P0123,Product 123,Fashon,1,125.8,45173,C001839,20,Female,UK,SR018,0,125.8
INV151349,P0036,Product 36,Automotive,4,914.69,13-12-2023 17:25,C002711,61,Male,France,SR015,0,3658.76
INV104739,P0049,Product 49,Fashion,3,574.71,44956,C003085,58,Female,Canad,SR003,0,1724.13
INV187340,P0195,Product 195,Fashon,2,190.85,03-05-2023 03:36,C001366,46,Male,Untied States,SR018,0,381.7
INV158578,P0130,Product 130,Health,6,582.76,26-09-2023 00:08,C003978,52,Female,USA,SR005,0,3496.56
INV193717,P0014,Product 14,Fashion,1,227.23 USD,28-10-2023 17:59,C002901,37,Male,Inda,SR016,0,227.23
INV152460,P0195,Product 195,Fashon,7,23.78,45229,C004652,19,Male,Untied States,SR004,0,166.46
INV104142,P0004,Product 4,Automotive,8,945.64,45184,C001421,66,Female,Inda,SR018,0,7565.12
INV181509,P0022,Product 22,beauty ,7,689.78,10-06-2023 22:20,C002381,43,Male,UK,SR008,0,4828.46
INV101594,P0102,Product 102,Toys,9,353.68,10-03-2023 17:49,C002941,48,Male,Inda,SR004,0,3183.12
INV178808,P0030,Product 30,SPORTS,6,196.92,44988,C003689,36,Male,Canada,SR006,0,1181.52
INV186168,P0165,Product 165,Beauty,6,620.35,02-10-2023 05:29,C001845,32,M,Germany,SR016,0,3722.1
INV175566,P0073,Product 73,Automotive ,5 units,789.7,44980,3402,66,Female,Germny,SR006,0,3948.5
INV196454,P0037,Product 37,beauty ,7,605.98,02-12-2023 00:59,C002043,58,Female,Germny,SR016,0,4241.86
INV119067,P0061,Product 61,home decor,2,$65.70,45012,,59,Male,Canad,SR013,0,131.4
INV161170,P0107,Product 107,home decor,1,133.52,"Sep 15, 2023 08:21 AM",C001363,32,,Austalia,SR005,0,133.52
INV130448,P0036,Product 36,Automotive,2,41.76,15-06-2023 14:53,C000424,20,Male,India,SR018,0,83.52
INV182393,P0121,Product 121,home decor ,8 units,754.82,14-02-2023 20:16,C000629,49,Female,Austalia,SR008,0,6038.56
INV147927,P0183,Product 183,AUTOMOTIVE,1,767.1,27-10-2023 05:52,C004628,42,Male,UK,SR017,0,767.1
INV151308,P0031,Product 31,Health,-2,798.3,11-01-2023 07:56,C002626,60,Female,Uk,SR019,1,-1596.6
INV134289,P0178,Product 178,Toys,-2,$403.03,03-07-2023 10:25,C004008,26,Male,Germany,SR007,1,-806.06
INV123805,P0142,Product 142,Toyz,7 units,796.12,11-04-2023 01:59,C002167,47,Male,Australia,SR014,0,5572.84
INV115897,P0047,Product 47,Sports,9,205.07,09-04-2023 01:57,C000590 ,55,Female,USA,SR014,0,1845.63
INV132404,P0064,Product 64,home decor,5,340.84,21-11-2023 09:54,C000107 ,44,Female,Germany,SR018,0,1704.2
INV105961,P0048,Product 48,Fashon ,1,397.27,03-03-2023 10:10,C002571,18,Female,Germny,SR019,0,397.27
INV140350,P0176,Product 176,Sports,3,916.02,20-11-2023 01:38,C001903,64,Male,UK,SR019,0,2748.06
INV158054,P0067,Product 67,Health,1,16.91,28-11-2023 10:39,C002709,24,male,Germany,SR003,0,16.91
INV104839,P0193,Product 193,Electronics,7,979,19-12-2023 06:14,C003081,27,Female,Untied States,SR013,0,6853
INV135895,P0148,Product 148,Toyz ,1,220.24,24-09-2023 05:29,C003102,24,,Untied States,SR004,0,220.24
INV167317,P0114,Product 114,beauty ,5,638.59,20-07-2023 07:58,C000518,58,Male,UK,SR012,0,3192.95
INV151191,P0064,Product 64,home decor,1,313.03,16-04-2023 03:44,C004710,27,Female,Inda,SR013,0,313.03
INV169144,P0126,Product 126 ***,Toys,5,341.61,18-06-2023 03:41,C004413,21,Female,Untied States,SR013,0,1708.05
INV169314,P0059,Product 59,home decor,8,66.11,09-08-2023 11:17,C000292,67,Female,Canada,SR012,0,528.88
INV199022,P0033,Product 33,beauty ,5,486.31,07-10-2023 09:25,C000404,,Female,UK,SR010,0,2431.55
INV169395,P0200,Product 200,Home Decor,3,472.32,03-06-2023 16:37,C000377,24,male,UK,SR001,0,1416.96
INV122213,P0170,Product 170,GROCERY,-1,800.2,28-11-2023 05:55,C002803,41,Female,USA,SR015,1,-800.2
INV183418,P0081,Product 81,Toys,6 units,$913.50,14-02-2023 10:15,C000023,35,Male,Germny,SR020,0,5481
INV191810,P0145,Product 145,Toys,2,69.03,23-10-2023 19:54,,44,Female,India,SR013,0,138.06
INV157399,P0102,Product 102,TOYS,9,749.28,45049,C003321,65,Female,Germany,SR003,0,6743.52
INV143534,P0118,Product 118 ***,Toys,8,132.89,02-10-2023 13:15,C003941,40,Female,Germny,SR001,0,1063.12
INV150487,P0160,Product 160,Grocery,4,201.09,16-03-2023 17:47,C002057,48,Male,France,SR006,0,804.36
INV16048,P0100,Product 100,BEAUTY,9,736.13,"Jan 08, 2023 05:46 AM",C004371,63,Male,Untied States,SR005,N,6625.17
INV177919,P0069,Product 69,Electronics,2,237.9,01-04-2023 19:34,,,Female,Canada,SR007,0,475.8
INV116897,P0122,Product 122,Grocery,1,322.87,16-04-2023 03:36,C004429,44,Male,Inda,SR011,0,322.87
INV151673,P0191,Product 191,Toyz,5 units,42.31,02-12-2023 16:16,C002503,46,Male,Inda,SR017,,211.55
INV151407,P0181,Product 181,Automotive,4,908.85,15-04-2023 09:05,C000584,47,Female,Inda,SR012,0,3635.4
INV128240,P0037,Product 37,beauty ,7,190.02,11-03-2023 08:20,C003984 ,61,Male,Australia,SR017,0,1330.14
INV105228,P0002,Product 2,beauty ,2,$253.55,05-02-2023 07:06,C002349,47,Male,Frnace,SR009,0,507.1
INV149634,P0031,Product 31,Health,8,885.74,26-01-2023 19:12,C004169,28,Female,Austalia,SR019,0,7085.92
INV199029,P0027,Product 27,Health,8,355.16,45250,C003057,45,Female,Frnace,SR008,0,2841.28
INV153419,P0193,Product 193,Electronics,6,781.23,31-08-2023 18:48,C002218,41,Male,Frnace,SR006,0,4687.38
INV139524,P0096,Product 96,beauty ,9,717.37,03-05-2023 00:44,C002928 ,41,Female,Uk,SR019,0,6456.33
INV189030,P0103,Product 103,Health,6,280.94,15-07-2023 11:59,C001980,37,Female,Frnace,SR017,0,1685.64
INV152357,P0005,Product 5,Toys,7,256.37,23-03-2023 19:56,C003751,25,Female,Inda,SR017,0,1794.59
INV132770,P0110,Product 110,Sports,6,848.41,06-08-2023 08:33,C003539,26,Female,Canad,SR012,0,5090.46
INV165756,P0062,Product 62,Health,4,950.47,15-03-2023 14:49,C004618,37,Male,USA,SR017,0,3801.88
INV129149,P0141,Product 141,Health,8,235.14,10-01-2023 03:19,,31,Female,Inda,SR018,0,1881.12
INV137930,P0102,Product 102,Toys,1,239.67,06-11-2023 02:11,C003031,57,Male,Uk,SR016,0,239.67
INV123684,P0007,Product 7,electronisc,5,909.53,10-02-2023 23:24,C000954,,Female,Austalia,SR012,0,4547.65
INV118745,P0110,Product 110,Sports,6,666.66,26-04-2023 03:45,C002970,38,Male,UK,SR015,0,3999.96
INV132543,P0119,Product 119,Fashion,4,32.9,21-05-2023 22:33,,40,,Untied States,SR007,0,131.6
INV160561,P0180,Product 180,Electronics,9 units,498.23,13-08-2023 14:26,C004292,46,Male,Germany,SR008,0,4484.07
INV165477,P0181,Product 181 ***,Automotive,8,452.8,19-12-2023 00:13,C004545,61,Female,Untied States,SR015,0,3622.4
INV103915,P0038,Product 38,Home Decor,8,452.88,13-04-2023 04:17,C002388,32,Female,USA,SR002,0,3623.04
INV142746,P0036,Product 36,Automotive,9,6.17,21-10-2023 03:16,C003164,19,Female,France,SR005,0,55.53
INV133891,P0132,Product 132,Toys,5,300.51,23-09-2023 16:27,C000386,22,female,Canad,SR020,0,1502.55
INV109685,P0080,Product 80,Health,1,47.28,05-05-2023 11:42,C003088,38,Female,Uk,SR009,0,47.28
INV184630,P0154,Product 154,Fashion,1,707.89,05-03-2023 03:32,C000282,25,Male,Canad,SR010,0,707.89
INV145179,P0063,Product 63,beauty ,-1,580.2,08-09-2023 05:48,C003266,36,,India,SR015,1,-580.2
INV190472,P0086,Product 86,Electronics,5,505.63,07-12-2023 00:45,C004278,46,Female,USA,SR011,0,2528.15
INV165642,P0158,Product 158 ###,Fashion,-1,243.64,18-03-2023 12:05,C004136,43,Male,Inda,SR020,1,-243.64
INV111184,P0086,Product 86,Electronics,6,726.22,24-07-2023 07:18,C002297,25,Male,Uk,SR010,0,4357.32
INV164915,P0113,Product 113,home decor,1,615.92,26-10-2023 00:13,C003178,65,Female,UK,SR003,0,615.92
INV188002,P0109,Product 109,Toyz,1,265.22,02-03-2023 07:34,C002236 ,50,Female,Germny,SR020,0,265.22
INV139827,P0180,Product 180,Electronics,3,831.89,10-01-2023 19:16,C003853,18,Male,Uk,SR019,0,2495.67
INV168350,P0077,Product 77,Beauty,3,824.22,30-01-2023 13:20,C000851,38,Female,Canada,SR010,0,2472.66
INV190587,P0199,Product 199,Health,2,169.01,11-02-2023 15:02,C001526,105,Female,Inda,SR005,0,$338.02 USD
INV168955,P0130,Product 130,Health,7,902.13,01-09-2023 15:13,C001003,27,Female,UK,SR017,0,6314.91
INV108454,P0156,Product 156,Electronics,6,768,14-06-2023 12:25,C003087,54,Female,USA,SR012,0,4608
INV152333,P0159,Product 159,Fashon,9,437.18,25-06-2023 23:17,C004806,24,Fem,Frnace,SR015,0,3934.62
INV179511,P0030,Product 30,SPORTS,5,785.5,44965,C000660,39,Male,Germany,SR006,0,3927.5
INV128755,P0065,Product 65,Electronics,1,348.98,30-05-2023 21:24,C004420,58,Male,USA,SR018,0,348.98
INV132325,P0190,Product 190,GROCERY,3,202.25,28-09-2023 00:32,C003523,43,Male,India,SR010,0,606.75
INV119505,P0112,Product 112,Toys,9,318.79,45093,C000011,66,Female,Germny,SR010,0,2869.11
INV124079,P0027,Product 27,Health,9,856.22,17-08-2023 05:44,C001715,39,Female,India,SR016,0,7705.98
INV128361,P0035,Product 35,Fashon,5,742.8,24-07-2023 07:33,C001309,35,Female,Germny,SR011,0,3714
INV125690,P0129,Product 129,home decor,5,443.5,27-12-2023 20:38,,36,Male,USA,SR011,0,2217.5
INV191056,P0084,Product 84,Fashon,2 units,623.41,14-04-2023 12:09,C004233,60,Male,Canada,SR009,0,1246.82
INV151742,P0114,Product 114,beauty ,8,$858.49,29-09-2023 03:11,C003418,58,Female,U S A,SR001,0,6867.92
INV135057,P0095,Product 95,Beauty,9,205.61,10-11-2023 17:39,C001466,34,Female,Inda,SR019,0,1850.49
INV171684,P0141,Product 141  - damaged,Health,9,495.94,11-09-2023 05:19,,53,Fem,USA,SR017,0,4463.46
INV119044,P0001,Product 1,Toys,9,902.48,45209,C003554,65,Male,Canada,SR019,0,8122.32
INV117851,P0159,Product 159,Fashon,9,989.77,"Dec 23, 2023 07:50 PM",C004328,18,Male,Inda,SR020,0,8907.93
INV101725,P0148,Product 148,Toyz,7,78.49,25-06-2023 03:34,C003766,60,Female,Canad,SR010,0,549.43
INV169527,P0102,Product 102,Toys,3,846.01,06-12-2023 02:32,C003447,29,Male,Untied States,SR020,0,"$2,538.03 USD"
INV176326,P0062,Product 62,Health,9,780.33,45091,C003105,62,Male,Inda,SR008,0,7022.97
INV137743,P0165,Product 165,Beauty,7,211.42,12-02-2023 05:12,C004422,30,Fem,U S A,SR019,0,1479.94
INV178247,P0022,Product 22  - damaged,beauty ,4,109.82,24-12-2023 00:47,C002426,19,Male,Austalia,SR012,0,439.28
INV122806,P0184,,Electronics,1,412.4,19-02-2023 13:11,C000199,22,Male,India,SR011,,412.4
INV145458,P0186,Product 186,Books,1,347.26,28-11-2023 09:53,C004842,59,Male,Germany,SR008,0,347.26
INV145186,P0098,Product 98,Home Decor,2,181.9,13-09-2023 01:47,C004469,58,Female,Canada,SR014,0,363.8
INV169709,P0167,Product 167,Home decors,4,400.76,"Aug 10, 2023 05:15 AM",C002463,49,Female,Frnace,SR019,0,1603.04
INV165670,P0110,Product 110,SPORTS,5,646.59,29-10-2023 18:54,C003099,23,Male,Canada,SR014,0,3232.95
INV136960,P0048,Product 48,Fashon,2,699.02,02-08-2023 12:41,C003507,19,Male,India,SR015,0,1398.04
INV169682,P0193,Product 193 ***,Electronics,2,763.16,06-03-2023 11:17,C001680,32,Female,Canada,SR020,0,1526.32
INV101321,P0174,Product 174,GROCERY,4,295.84,27-05-2023 17:39,C001585,24,Female,Canad,SR003,0,1183.36
INV167658,P0056,Product 56,SPORTS,3,112.16,31-01-2023 14:32,4375,52,Female,Austalia,SR008,0,336.48
INV177536,P0112,Product 112,Toys,2,237.85,24-03-2023 01:17,C002151 ,36,Female,U S A,SR020,0,475.7
INV171840,P0011,Product 11,Fashion,6,940.23,02-01-2023 14:11,C001439,25,Male,Canad,SR001,0,5641.38
INV135113,P0149,Product 149,Beauty,9,634.62,20-07-2023 10:04,C004086,60,MALE,Canad,SR001,0,5711.58
INV183908,P0074,Product 74,Home Decor,4,589.78,45178,2780,69,Male,Canad,SR019,0,2359.12
INV137947,P0140,Product 140,beauty ,1 units,527.58,26-01-2023 08:15,C004403,57,Male,U S A,SR020,0,527.58
INV139107,P0044,Product 44,Fashion,4 units,$544.93,01-08-2023 11:17,C002107,20,Male,Untied States,SR003,0,2179.72
INV112063,P0050,Product 50,Books,5,666.7,45213,C001518,46,Male,U S A,SR007,0,3333.5
INV179090,P0105,Product 105,beauty ,6,258.88,12-02-2023 05:45,C000168,64,Male,Australia,SR001,0,1553.28
INV110342,P0052,Product 52,SPORTS,4,997.79,02-08-2023 04:55,C004511,,Male,Austalia,SR017,0,3991.16
INV193902,P0041,Product 41,Sports,1,747.26,28-12-2023 00:47,C003972,34,,India,SR009,0,747.26
INV118639,P0008,Product 8,Sports,6 units,184.84,"Sep 26, 2023 12:49 PM",C002873,28,Female,Austalia,SR002,0,1109.04
INV160124,P0127,Product 127,ELECTRONICS,3,768.55,08-11-2023 17:19,C001739,28,Male,Australia,SR003,0,2305.65
INV132011,P0168,Product 168,electronisc,2,626.65,18-06-2023 08:05,C002979,20,Female,UK,SR020,,1253.3
INV142221,P0143,Product 143,Toyz,8 units,281.23,"Jun 11, 2023 01:27 AM",C003505,23,Male,Frnace,SR006,0,2249.84
INV142870,P0054,Product 54,beauty ,7,761.98,06-10-2023 12:13,C002035,50,Male,India,SR006,0,5333.86
INV15124,P0025,Product 25,Beauty,2,267.92,45225,C002966,41,Female,UK,SR017,0,535.84
INV157282,P0156,Product 156,Electronics,6,144.21,12-08-2023 13:59,C003387,44,Male,Germany,SR019,0,865.26
INV132651,P0066,Product 66,Toys,2,371.17,13-05-2023 11:37,C000175,59,Male,Untied States,SR001,0,742.34
INV190841,P0041,Product 41,Sports,6,559.42,18-10-2023 20:34,C003827,36,Male,U S A,SR019,0,3356.52
INV131750,P0034,Product 34,Toys,8,933.57,02-11-2023 10:28,C000865,56,Female,U S A,SR007,0,7468.56
INV103774,P0009,Product 9,Automotive,2,575.66,45140,C004680,38,Female,Untied States,SR002,0,1151.32
INV193399,P0009,Product 9,Automotive,9,831.77,"Apr 27, 2023 06:34 AM",C003433,63,Male,U S A,SR018,0,7485.93
INV166164,P0096,Product 96,beauty ,8,628.48,25-09-2023 15:22,,40,Female,Australia,SR011,0,5027.84
INV124713,P0077,Product 77,Beauty,2,403.96,45271,,39,Female,UK,SR014,0,807.92
INV193583,P0142,Product 142,Toyz,9,547.61,05-08-2023 04:20,C001948,64,Female,Inda,SR014,0,4928.49
INV189927,P0106,Product 106,Books,8,161.36,44987,C004333,58,Female,Canada,SR011,0,1290.88
INV193751,P0172,Product 172,Health,1,728.37,22-12-2023 22:37,C001694,69,Male,India,SR004,0,$728.37 USD
INV159153,P0050,Product 50,Books,8,918.22,12-11-2023 18:20,C000304,52,Male,Canada,SR017,0,7345.76
INV193747,P0061,Product 61,home decor,9,754.94,28-09-2023 01:02,C003482,50,Female,Canada,SR003,0,6794.46
INV160995,P0144,Product 144,FASHON,8,616.15,21-09-2023 13:08,C003265,65,Male,Canada,SR012,0,4929.2
INV109492,P0034,Product 34,Toys,3,6.91,22-01-2023 00:30,C003914,23,Female,India,SR013,0,20.73
INV194814,P0159,Product 159,Fashon,3,660.84,07-06-2023 11:14,C000117,56,Male,USA,SR001,0,1982.52
INV169289,P0186,Product 186,Books,1,359.97,27-12-2023 03:17,C002454 ,49,Male,Germany,SR006,0,359.97
INV158611,P0027,Product 27,Health,3,930.21,27-12-2023 03:32,C001019,34,Female,U S A,SR017,0,2790.63
INV167669,P0019,Product 19,Books,3,969.43,"Nov 10, 2023 05:52 PM",C001705,47,Female,USA,SR012,0,2908.29
INV175785,P0008,Product 8,Sports,8,253.92,30-06-2023 13:46,C000591,50,Fem,France,SR017,0,2031.36
INV120834,P0136,Product 136,Beauty,7,884.55,03-11-2023 18:20,C003703,58,Female,Germany,SR011,0,6191.85
INV174651,P0152,Product 152,Toyz,6 units,72.96,10-01-2023 11:50,C001912,42,Male,Untied States,SR018,0,437.76
INV188451,P0190,Product 190,GROCERY,1,$773.49,45010,C004192,23,Male,Frnace,SR014,1,773.49
INV149898,P0066,Product 66,TOYS,5,636.58,13-05-2023 05:44,C002848,65,Male,Canada,SR008,0,3182.9
INV197366,P0008,Product 8,Sports,2,253.31,28-02-2023 01:15,C001295,29,Male,Frnace,SR017,0,506.62
INV131069,P0170,Product 170,GROCERY,9,559.65,24-05-2023 01:18,C002773,44,M,U S A,SR007,0,5036.85
INV166945,P0098,Product 98,Home Decor,5,441.88,45069,C001699,41,Male,Canada,SR011,0,2209.4
INV153429,P0199,Product 199,Health,7,901.8,15-01-2023 00:41,C001022,68,Female,Untied States,SR011,0,6312.6
INV124172,P0152,Product 152,Toyz,7,503.13,20-06-2023 04:01,C000817,18,Female,Germany,SR003,,3521.91
INV189844,P0111,Product 111,Beauty,6 units,737.07,26-05-2023 06:20,C000454,20,Female,Untied States,SR015,0,4422.42
INV187804,P0060,Product 60,beauty ,3,958.79,45104,C001229,60,Female,Australia,SR012,0,2876.37
INV151363,P0040,Product 40,Toyz,6,878.62,31-12-2023 22:34,C004257,61,Female,Germny,SR018,0,5271.72
INV189571,P0019,Product 19,Books,4,57.9,23-09-2023 07:26,C004501,105,Male,USA,SR018,0,231.6
INV130899,P0095,Product 95 ###,Beauty,2,600.4,15-06-2023 22:50,C000062,64,Male,Frnace,SR013,0,1200.8
INV113350,P0179,Product 179,Health,6,413.76,20-11-2023 19:47,C000890,68,Female,Uk,SR007,0,2482.56
INV145781,P0167,Product 167,Grocery,3,209.83,09-08-2023 10:43,C004556,33,Female,Germany,SR013,0,629.49
INV102861,P0154,Product 154,FASHION ,9,848.03,19-01-2023 08:53,C001476,21,Female,Uk,SR011,0,7632.27
INV14743,P0051,Product 51,Sports,3,236.03,04-05-2023 06:18,C004648,36,Male,U S A,SR017,0,708.09
INV141939,P0087,Product 87,GROCERY,7 units,329.25,"Dec 17, 2023 01:05 AM",C004043,200,Fem,Canada,SR013,,"$2,304.75 USD"
INV177960,P0179,Product 179,Health,7,432.72,25-04-2023 05:03,,30,Male,Inda,SR001,0,3029.04
INV163226,P0055,Product 55,Automotive,3,357.61,17-04-2023 09:37,C000902,53,Female,UK,SR005,0,1072.83
INV106731,P0188,Product 188,Toys,4,$77.08,02-01-2023 11:52,C004622,66,Male,UK,SR008,0,308.32
INV144236,P0076,,Electronics,6,812.95,28-04-2023 11:37,C000059,47,Female,Germny,SR015,0,4877.7
INV157092,P0098,Product 98,Home Decor,7,$974.88,45042,C000601,27,Female,Australia,SR003,0,6824.16
INV185768,P0166,Product 166,Fashion,-1,831.29,20-11-2023 15:57,C003827,36,Male,Canad,SR007,1,-831.29
INV139214,P0066,Product 66,Toys,5,89.04,07-06-2023 19:33,C000427,66,Male,Inda,SR016,0,445.2
INV102185,P0126,Product 126,Toys,4,$470.64,45156,C000428,42,Male,UK,SR002,0,1882.56
INV17164,P0159,Product 159 ***,Fashon,3,799.8,06-07-2023 07:04,C004710,27,Female,UK,SR002,0,2399.4
INV138877,P0105,Product 105,beauty ,3,146.47,45237,4470,41,Male,Uk,SR004,0,439.41
INV142871,P0139,Product 139,Fashon,5,$910.48,45229,C004758,65,Male,UK,SR012,0,4552.4
INV133607,P0176,Product 176,Sports,5,279.14,29-06-2023 02:40,C003382 ,35,Female,Untied States,SR016,0,1395.7
INV111367,P0130,Product 130,Health,5,435.75,14-11-2023 11:37,C002351,37,Female,Untied States,SR015,0,2178.75
INV180126,P0180,Product 180,Electronics,1,940.88,11-11-2023 21:02,C002786,34,Male,Canad,SR006,0,940.88
INV121040,P0178,Product 178,Toys,5,612.79,45196,C002318,39,Female,Canad,SR019,0,3063.95
INV100306,P0186,Product 186,Books,5,53.23,22-04-2023 06:44,C002247,28,Male,U S A,SR007,0,266.15
INV112185,P0130,Product 130,Health,3,934.22,45220,C002279,50,Female,Germany,SR011,0,2802.66
INV190591,P0020,Product 20,GROCERY,5 units,39.93,30-08-2023 02:03,C003439,18,Male,Inda,SR009,0,199.65
INV129540,P0196,Product 196,Beauty,9 units,598.23,45002,C004713,67,Female,Canad,SR012,0,5384.07
INV148136,P0142,Product 142,Toyz,8,526.4,23-07-2023 15:55,C003604,43,,Inda,SR010,0,4211.2
INV124307,P0103,Product 103,HEALTH,8,94.45,07-09-2023 09:02,C000674,64,Male,India,SR017,0,755.6
INV146064,P0033,Product 33,beauty ,1 units,61.38,16-12-2023 01:06,C000276,68,Female,Frnace,SR017,0,61.38
INV176836,P0005,Product 5,Toys,5,$794.24,03-07-2023 00:35,C002115,46,Female,India,SR001,0,3971.2
INV174989,P0175,Product 175,Home Decor,1,744.33,22-04-2023 22:11,415,30,Male,Canada,SR001,0,744.33
INV103650,P0039,Product 39,SPORTS,3,479.44,12-11-2023 14:45,3458,63,Male,Austalia,SR002,0,1438.32
INV121347,P0007,Product 7,electronisc,6,147.58,06-05-2023 09:09,C003967,36,Male,India,SR001,0,885.48
INV160305,P0030,Product 30,SPORTS,-4,429.48,22-09-2023 16:44,C001924,64,Female,Frnace,SR012,1,-1717.92
INV163404,P0052,Product 52,SPORTS,9,459.79,29-11-2023 19:24,C000989,54,Female,France,SR005,0,4138.11
INV178773,P0095,Product 95,Beauty,7,8.73,09-09-2023 11:40,C000179,36,Female,France,SR019,0,61.11
INV125930,P0036,Product 36,Automotive,9,166.57,23-09-2023 12:26,,39,Female,Germany,SR005,0,1499.13
INV145657,P0144,Product 144,Fashon,9,421.07,22-06-2023 22:45,C001222,62,Female,Inda,SR016,0,3789.63
INV174966,P0169,Product 169,GROCERY,7,842.06,04-11-2023 22:55,C003557,50,Male,USA,SR017,0,5894.42
INV171488,P0187,Product 187,Home Decor,9,758.44,18-07-2023 02:58,C002694,49,Male,Inda,SR007,0,6825.96
INV198106,P0112,Product 112,Toys,6,579.1,30-05-2023 10:23,C004284,53,Female,Germany,SR009,0,3474.6
INV147655,P0110,Product 110,Sports,7,$591.36,05-11-2023 17:56,397,34,Male,USA,SR018,0,4139.52
INV182313,P0024,Product 24,Home Decor,8,966.62,44947,C001315,62,Female,Untied States,SR001,0,7732.96
INV140802,P0147,Product 147,HOME DECOR,8,556.98,45282,C003078,68,Female,India,SR004,0,4455.84
INV114529,P0038,Product 38,Home Decor,9,328.03,17-02-2023 01:09,C002706,63,Male,Frnace,SR009,0,"$2,952.27 USD"
INV160743,P0049,Product 49,Fashion,7,349.17,05-07-2023 00:28,C002128,65,Female,UK,SR015,,2444.19
INV190399,P0087,Product 87,GROCERY,1,640.46,01-05-2023 02:47,C003483,5,Female,Frnace,SR002,0,640.46
INV192057,P0003,Product 3,electronisc,6 units,841.50 USD,27-10-2023 12:05,C004075,23,Male,Austalia,SR009,0,5049
INV150812,P0048,Product 48,Fashon,7,763.33,01-03-2023 02:06,C002439,58,Female,Canad,SR018,0,5343.31
INV189582,P0117,Product 117,home decor,3 units,$445.37,07-11-2023 08:48,C000121,52,Female,Canada,SR013,0,1336.11
INV121634,P0179,Product 179,Health,4,722.1,45007,C003304,58,Female,Australia,SR006,0,2888.4
INV106600,P0058,Product 58,GROCERY,2,146.34,02-12-2023 15:33,451,32,Male,Germny,SR008,0,292.68
INV132705,P0004,Product 4,Automotive,2,27.51,26-08-2023 01:05,C002879,69,MALE,Germany,SR014,0,55.02
INV121917,P0096,Product 96,beauty ,2,453.13,20-01-2023 05:57,C000593,32,,India,SR009,0,906.26
INV10898,P0191,Product 191,Toyz ,2,50.71,11-11-2023 15:18,C000927,22,F,Canada,SR015,0,101.42
INV114864,P0006,Product 6,electronisc,6,158.77,13-04-2023 15:46,C000576,68,Male,Frnace,SR014,0,952.62
INV151634,P0011,Product 11,FASHION,4,666.93,17-05-2023 01:03,C002097,,Male,Inda,SR019,0,2667.72
INV170782,P0052,Product 52,SPORTS,9,902.06,44947,C003542,,Female,Germany,SR005,0,8118.54
INV197056,P0036,Product 36,Automotive,7,42.32,06-01-2023 00:44,C004849,62,Female,UK,SR008,0,296.24
INV154465,P0069,Product 69,Fashon,5,830.59,26-11-2023 22:21,C002026,64,Female,India,SR003,1,4152.95
INV199111,P0060,Product 60,beauty ,2,484.45,07-01-2023 20:45,C002546,28,Female,France,SR014,0,968.9
INV167836,P0026,Product 26,TOYS,-2,748.57,06-11-2023 01:27,C004293,24,Male,France,SR002,1,-1497.14
INV171309,P0199,Product 199,Health,1,481.01,06-10-2023 04:34,C002077,41,Female,Inda,SR002,0,481.01
INV103585,P0057,Product 57,Automotive,7,724.2,30-01-2023 13:46,C000749,47,Male,Australia,SR012,0,5069.4
INV171902,P0114,Product 114,beauty ,4,355.47,29-10-2023 15:34,C003812,31,MALE,Australia,SR003,0,1421.88
INV121569,P0083,Product 83,Automotive,5,452.54,01-04-2023 09:38,C004464,18,Female,Germny,SR015,0,2262.7
INV122694,P0115,Product 115,electronisc,5,833.25,45034,C000234,51,Female,Inda,SR006,0,4166.25
INV177912,P0114,Product 114,beauty ,4,289.45,45181,C002642,42,Male,India,SR002,0,1157.8
INV145587,P0168,Product 168,electronisc,6,106.55,28-11-2023 12:52,C003151,43,Male,UK,SR013,0,639.3
INV151978,P0096,Product 96,beauty ,9,73.96,15-04-2023 14:59,C004386,41,Female,India,SR014,0,665.64
INV133857,P0060,Product 60,beauty ,2,783.77,06-10-2023 01:22,C000973,25,Female,USA,SR019,0,1567.54
INV114820,P0106,Product 106,BOOKS,7,555.67,05-03-2023 10:18,C004098,40,Male,Austalia,SR016,0,3889.69
INV180137,P0181,Product 181,Automotive,3,8.95,02-04-2023 23:47,C003038,24,,Untied States,SR005,0,26.85
INV102622,P0177,Product 177 (,HOME DECOR,1,760,25-05-2023 03:01,C001761,50,Female,France,SR014,0,760
INV193964,P0046,Product 46 ***,Books,1,736.96,30-10-2023 20:08,,30,Female,India,SR015,0,736.96
INV164866,P0019,Product 19,Books,4,885.74,07-03-2023 22:00,3667,30,Female,Untied States,SR018,0,3542.96
INV183523,P0069,Product 69,Fashon,7,205.44,27-07-2023 23:19,C002957,50,Male,Austalia,SR013,0,1438.08
INV121682,P0144,Product 144,Fashon,7,851.8,22-12-2023 06:42,C000344,69,Male,Germany,SR018,0,5962.6
INV103925,P0102,Product 102,Toys,8,158.28,25-06-2023 10:37,C004464,18,Female,USA,SR005,0,1266.24
INV193976,P0182,Product 182,Toys,2,473.34,45150,C001619,69,Male,UK,SR015,0,946.68
INV175228,P0186,Product 186,Books,-3,877.01,09-07-2023 22:58,C003414,38,Female,Austalia,SR015,1,-2631.03
INV156694,P0013,Product 13,Grocery,5,158.96,18-09-2023 05:11,C004937,27,Female,Canad,SR013,0,794.8
INV108741,P0002,Product 2,beauty ,5,820.1,09-12-2023 17:25,C004104,57,MALE,Austalia,SR002,0,4100.5
INV131267,P0122,Product 122,Grocery,7,620.93,28-04-2023 16:41,C001212,44,Male,Frnace,SR005,0,4346.51
INV161306,P0037,Product 37,BEAUTY ,3,766.13,45037,C002603,60,Male,Germny,SR020,Y,2298.39
INV170800,P0178,Product 178,TOYS,1,854.94,05-12-2023 21:10,4594,40,Male,Canada,SR014,0,854.94
INV130806,P0123,Product 123,Fashon,2,83.46,28-08-2023 13:00,C003562,54,Female,India,SR015,0,166.92
INV171713,P0157,Product 157 ###,Electronics,8,572.95,25-11-2023 08:49,C004845,38,Male,France,SR008,0,4583.6
INV142689,P0164,Product 164,Grocery,4,$532.86,45061,,53,Male,Canad,SR008,N,2131.44
INV184774,P0129,Product 129,home decor,1,315.24,22-04-2023 11:29,,38,M,USA,SR015,0,315.24
INV169065,P0096,Product 96,beauty ,2,411.48,08-05-2023 16:18,C003500,26,Female,Canada,SR003,0,822.96
INV115287,P0086,Product 86,Electronics,5,645.33,22-01-2023 21:58,C004848,42,MALE,Germny,SR010,0,3226.65
INV158399,P0128,Product 128,Electronics,4,237.25,11-03-2023 21:08,C004816,67,Female,Uk,SR010,0,949
INV185135,P0036,Product 36,Automotive,9,12.93,11-05-2023 11:49,C001497,200,Female,France,SR020,0,116.37
INV151698,P0102,Product 102  - damaged,Toys,3,645.78,12-06-2023 04:56,C004650 ,52,Female,Germny,SR011,0,1937.34
INV115319,P0066,Product 66,Toys,6,283.7,25-09-2023 09:29,C003172,39,Female,USA,SR006,0,1702.2
INV193455,P0007,Product 7,electronisc,7,392.45,04-12-2023 03:16,C003680,54,Female,Untied States,SR014,0,2747.15
INV125931,P0058,Product 58,GROCERY,3,37.81,06-11-2023 04:48,C003190,35,Male,Australia,SR010,0,113.43
INV143259,P0033,Product 33,beauty ,2,873.75,04-10-2023 00:35,2892,36,Male,Frnace,SR010,0,1747.5
INV168287,P0080,Product 80,Health,-4,446.66,14-01-2023 13:12,C001748,32,Female,U S A,SR009,1,-1786.64
INV167298,P0064,Product 64,home decor,8,93.29,07-10-2023 15:50,C001027,23,Female,France,SR019,0,746.32
INV114937,P0046,Product 46,Books,4,478.6,15-01-2023 13:27,C003509,55,Female,Australia,SR015,0,1914.4
INV198584,P0133,Product 133,Grocery ,4,28.09,21-11-2023 07:26,C001934,29,Female,Canad,SR012,0,112.36
INV146733,P0078,Product 78,Books,3,249.33,20-07-2023 01:48,C004409,20,Male,Untied States,SR020,0,747.99
INV157270,P0185,Product 185,electronisc,6,992.25,19-02-2023 04:13,1125,38,,Germany,SR009,0,5953.5
INV189788,P0062,Product 62,Health,2,741,21-04-2023 09:08,C004830,20,Female,Uk,SR002,0,1482
INV194901,P0130,Product 130,Health,7,894.84,25-05-2023 04:30,C000190,51,Female,USA,SR002,0,6263.88
INV155776,P0101,Product 101,SPORTS,7,402.25,10-03-2023 22:24,C001974,50,Female,Germny,SR012,0,2815.75
INV135243,P0009,Product 9,Automotive,7,828.03,45056,,25,Male,France,SR011,0,5796.21
INV107150,P0165,,BEAUTY,1,655.63,22-09-2023 17:16,C000609,23,Female,UK,SR002,0,655.63
INV135939,P0008,Product 8,Sports,5 units,510.53,25-08-2023 00:31,C002855 ,69,Male,Austalia,SR020,0,2552.65
INV185415,P0109,Product 109,Toyz,7,801.96,45159,C001532,57,Female,UK,SR001,0,5613.72
INV143654,P0179,Product 179,Health,8 units,564.27,13-05-2023 22:22,C004136,43,Male,Canad,SR008,0,4514.16
INV174259,P0046,Product 46,Books,7 units,976.9,17-09-2023 05:37,C003438 ,62,Female,Canada,SR011,0,6838.3
INV165679,P0186,Product 186,Books,4,698.94,28-01-2023 10:35,C004443,48,Female,Germany,SR020,0,2795.76
INV127316,P0144,Product 144,Fashon,3,222.02,45257,C001616,29,Female,UK,SR020,0,666.06
INV158180,P0001,Product 1,Toys,3,888.01,20-09-2023 09:11,C002074,62,Male,Germny,SR009,0,2664.03
INV172707,P0079,Product 79,Toys,5,577.76,30-12-2023 01:06,C003847,40,Male,Austalia,SR013,0,2888.8
INV119151,P0153,,Fashion,7,813.03,17-12-2023 16:48,C001403,18,Female,Untied States,SR016,0,5691.21
INV100052,P0101,Product 101,SPORTS,9,143.12,20-03-2023 16:32,C000793,64,Male,France,SR010,0,1288.08
INV138998,P0082,Product 82,Health,4,318.49,16-12-2023 08:16,C003643,62,Female,Inda,SR013,N,1273.96
INV130805,P0066,Product 66,Toys,3,858.21,29-03-2023 21:37,C002811,38,Male,Untied States,SR011,0,2574.63
INV179088,P0028,Product 28,Toys,1,814.67,05-08-2023 00:37,C000630,20,Male,Germny,SR010,0,814.67
INV134761,P0026,Product 26,Toys,2,$518.14,09-02-2023 05:53,C001587,58,Female,U S A,SR009,0,1036.28
INV179011,P0008,Product 8,SPORTS,6,796.16,23-07-2023 10:28,,30,Fem,Germny,SR018,0,4776.96
INV127544,P0047,Product 47,Sports,3,626.3,22-10-2023 21:57,C002026 ,64,Female,India,SR009,0,1878.9
INV116689,P0100,Product 100,Beauty,2,319.75,08-01-2023 20:39,C001057,49,Female,Austalia,SR001,0,639.5
INV171154,P0027,Product 27,Health,7,37.43,20-10-2023 11:39,C003276,24,Female,USA,SR002,0,262.01
INV147681,P0146,Product 146,FASHION,7,306.15,18-06-2023 11:25,C004473,32,Male,U S A,SR013,0,2143.05
INV196919,P0029,Product 29,Sports,6,96.65,04-11-2023 17:57,C004057,43,Female,Germny,SR005,0,579.9
INV102466,P0018,Product 18,Toyz,7,746.97,45188,C002226,53,Female,USA,SR015,0,5228.79
INV169951,P0168,Product 168,electronisc ,1,33.95,26-02-2023 21:16,C003976,,Female,Germny,SR009,0,33.95
INV123979,P0021,Product 21,beauty ,7 units,114.49,08-09-2023 07:37,C000926,25,Male,Uk,SR014,0,801.43
INV120914,P0100,Product 100,Beauty,9,826.1,22-09-2023 11:31,C002499,34,Female,Uk,SR017,0,7434.9
INV146572,P0053,Product 53,GROCERY,7,441.63,05-03-2023 14:00,C000669,25,,UK,SR012,0,3091.41
INV179743,P0040,Product 40,Toyz,1,$342.72,02-10-2023 02:10,C003919,28,Male,UK,SR015,0,342.72
INV142426,P0038,Product 38,Home Decor,2,303.63,26-08-2023 20:34,C001393,61,Male,Germany,SR018,0,607.26
INV126334,P0145,Product 145,Toys,8,969.81,21-02-2023 01:02,C002921,48,Female,U S A,SR010,0,7758.48
INV111924,P0146,Product 146,Fashion,3,683.91,28-03-2023 03:26,,38,Male,India,SR001,0,2051.73
INV160649,P0150,Product 150,Toyz,8,361.05,20-12-2023 04:46,C003765,39,Male,Canada,SR018,0,2888.4
INV19804,P0148,Product 148,Toyz,7,534.28,21-11-2023 22:04,C000067,21,Male,USA,SR018,0,3739.96
INV168958,P0160,Product 160,Grocery,3,712.34,18-01-2023 20:05,C000399,42,Female,Untied States,SR012,0,2137.02
INV132384,P0059,Product 59,home decor,3,36.98,45033,C003790,20,Female,Frnace,SR019,0,110.94
INV196952,P0196,Product 196,Beauty,1,951.1,22-01-2023 13:48,C003650,49,Female,Germany,SR004,0,951.1
INV143107,P0037,Product 37,beauty ,6,709.89,03-04-2023 01:16,,24,Male,Frnace,SR015,0,4259.34
INV102515,P0043,Product 43,Sports,9,697.34,19-04-2023 20:13,C003752,36,Male,India,SR016,0,6276.06
INV127926,P0013,Product 13,Grocery,5,648.76,45063,C000454,20,,Frnace,SR003,0,3243.8
INV184259,P0004,Product 4,Automotive,6,824.69,23-03-2023 15:31,C000632,46,Female,Frnace,SR007,0,4948.14
INV193769,P0037,Product 37,beauty ,9,537.52,10-07-2023 04:34,C001036,67,Male,France,SR005,0,4837.68
INV185815,P0071,Product 71,electronisc,7,$38.28,06-04-2023 05:58,C002559,69,Male,Uk,SR012,0,267.96
INV116565,P0111,Product 111,Beauty,6,943.04,17-12-2023 04:45,C004601,41,Male,Frnace,SR018,0,5658.24
INV120597,P0076,Product 76,Electronics,5,718.75,"Mar 30, 2023 05:51 AM",C001880,62,M,Germany,SR006,0,"$3,593.75 USD"
INV118888,P0191,Product 191,Toyz,9,947.37,06-11-2023 21:07,C001376,19,Female,France,SR014,0,8526.33
INV191913,P0103,Product 103,Health,3,973.27,24-12-2023 13:42,C000108,59,Male,Canada,SR019,0,2919.81
INV159867,P0003,Product 3,ELECTRONISC,5,794.94,12-07-2023 20:04,C003187,58,Female,Untied States,SR015,0,3974.7
INV193295,P0022,Product 22,beauty ,1,405.73,21-08-2023 02:43,C003131,33,Female,Germny,SR001,0,$405.73 USD
INV123947,P0118,Product 118,Toys,1,411.88,18-01-2023 16:43,C002466,19,Male,Canad,SR018,0,411.88
INV168480,P0039,Product 39,SPORTS,2,919.74,45266,C002125,53,Female,Austalia,SR018,0,1839.48
INV178394,P0090,,FASHON ,3,629.24,18-01-2023 20:53,C002795,23,Male,UK,SR007,0,1887.72
INV120918,P0104,Product 104,beauty ,5,269.04,19-02-2023 11:18,C002321,22,Male,U S A,SR020,0,"$1,345.20 USD"
INV178984,P0119,Product 119,Fashion,8,722.45,44991,C003088,38,Female,Austalia,SR004,0,5779.6
INV186624,P0182,Product 182,Toys,2,123.67,18-12-2023 13:03,3301,45,Female,U S A,SR010,0,247.34
INV158733,P0148,Product 148,Toyz,4 units,44.45,44991,C002817,37,Female,UK,SR018,0,177.8
INV153080,P0021,Product 21,beauty ,5,559.34,24-01-2023 19:17,C002181 ,56,Female,Untied States,SR018,0,2796.7
INV145057,P0089,Product 89,Home Decor,9 units,$747.65,09-09-2023 03:34,C004744,63,Female,Inda,SR005,0,6728.85
INV160900,P0027,Product 27,Health,1,790.17,01-05-2023 16:46,C000483,30,Male,UK,SR016,N,790.17
INV120725,P0193,Product 193,Electronics,1,278.48,31-08-2023 19:30,C000138,32,Female,France,SR017,0,278.48
INV182364,P0126,Product 126,Toys,2,378.62,10-03-2023 06:53,C003647,20,Male,UK,SR009,0,757.24
INV199432,P0200,Product 200,Home Decor,3,177.47,15-02-2023 03:03,C000892,59,Female,Canad,SR004,0,532.41
INV168720,P0189,Product 189,GROCERY,8,603.52,08-05-2023 12:19,C000091 ,50,Male,UK,SR019,0,4828.16
INV137505,P0112,Product 112  - damaged,Toys,6,830.54,03-08-2023 17:37,C002487,26,Female,U S A,SR012,0,4983.24
INV115612,P0075,Product 75,Home Decor,8,454.6,24-11-2023 04:59,C000933,19,Female,Germany,SR012,0,3636.8
INV188927,P0174,Product 174,GROCERY ,2,363.28,45006,C002618,28,Female,USA,SR017,0,726.56
INV175003,P0015,Product 15,Electronics,7,467.71,08-09-2023 14:18,C004221,36,Male,France,SR014,0,3273.97
INV139475,P0135,Product 135,Health,1,648.12,03-11-2023 02:30,C004447,51,Female,Germny,SR019,0,648.12
INV127969,P0006,Product 6,electronisc,4,358.88,21-10-2023 16:20,C002506,55,Female,Frnace,SR020,0,1435.52
INV199363,P0021,Product 21,beauty ,4 units,951.24,20-09-2023 04:08,C000534,27,Female,Germany,SR018,0,3804.96
INV151071,P0063,Product 63,beauty ,8,715.72,20-06-2023 12:19,C003790,20,Female,Canada,SR005,0,5725.76
INV113297,P0064,Product 64,home decor,8,281.76,45166,C003190,35,Male,UK,SR002,0,2254.08
INV166654,P0159,Product 159,Fashon,4,671.84,22-05-2023 11:53,C004303,44,Male,Untied States,SR010,,2687.36
INV128707,P0006,Product 6,electronisc,3,118.97,01-08-2023 22:56,C000722,53,Male,Germny,SR009,0,356.91
INV160760,P0049,Product 49,Fashion,4,$34.71,26-12-2023 01:47,C002785,29,Female,USA,SR019,0,138.84
INV144377,P0094,Product 94,HOME DECOR,5,58.27,22-06-2023 03:34,C002472,36,Male,U S A,SR016,0,291.35
INV189957,P0003,Product 3,electronisc,5,554.93,04-06-2023 14:08,C003810 ,51,Female,UK,SR018,0,2774.65
INV114323,P0018,Product 18,Toyz,5 units,998.64,08-03-2023 11:53,C002817,37,M,Uk,SR005,0,4993.2
INV149384,P0051,Product 51,Sports,5,900.74,07-03-2023 07:19,C004831,62,Male,UK,SR011,0,4503.7
INV182748,P0185,Product 185,electronisc,-3,593.45,26-01-2023 02:31,C000763,23,Male,Inda,SR003,1,-1780.35
INV104295,P0079,Product 79,Toys,2,105.49,05-09-2023 20:01,C003090,26,Male,Untied States,SR002,0,210.98
INV123851,P0042,Product 42,Automotive,1,519.97,05-03-2023 04:55,C002045,45,Female,India,SR020,0,519.97
INV167610,P0046,Product 46 ###,Books,6,847.68 USD,29-08-2023 10:13,C000333,66,Female,India,SR009,0,5086.08
INV144027,P0093,Product 93,Electronics,1,539.01,28-09-2023 00:49,C002112,19,Male,Germny,SR006,0,539.01
INV197155,P0027,Product 27,Health ,6,601.5,14-08-2023 18:58,C004739 ,64,Female,Germny,SR016,0,3609
INV193651,P0181,Product 181,Beauty,3,958.48,16-12-2023 02:47,C001206,55,Male,Germany,SR007,0,2875.44
INV112933,P0014,Product 14,Fashion,7,218.31,09-11-2023 17:33,C002385,52,Fem,U S A,SR015,0,1528.17
INV152486,P0045,Product 45,Grocery,8,$603.47,16-12-2023 00:34,,50,Male,Uk,SR015,0,4827.76
INV169483,P0198,Product 198,Health,4,728.97,45233,C003356,37,Female,Australia,SR016,0,2915.88
INV179639,P0007,Product 7,electronisc,3 units,308.02,20-05-2023 18:04,C000820,34,Male,Inda,SR002,0,924.06
INV168047,P0017,Product 17,Fashon,6,859.21,"Jul 25, 2023 12:18 AM",C003086,53,male,Canad,SR011,0,5155.26
INV108737,P0164,Product 164,Grocery,7,469.71,09-03-2023 09:28,C003925,51,Male,Inda,SR009,0,3287.97
INV196036,P0005,Product 5,Toys,6,660.18,27-07-2023 10:24,C000828,48,Male,Germany,SR019,0,3961.08
INV111203,P0148,Product 148,Toyz,7,143.39,14-06-2023 10:46,2292,22,female,Austalia,SR013,0,1003.73
INV148843,P0103,Product 103,Health,8,$189.97,26-05-2023 23:57,C002502,105,Male,Untied States,SR006,0,1519.76
INV122675,P0148,Product 148,Toyz,6,886.51,05-05-2023 17:07,C004604,58,Male,Canada,SR016,0,5319.06
INV148188,P0002,Product 2,beauty ,2,174.43,24-05-2023 23:10,C001128,65,Male,U S A,SR016,0,348.86
INV149663,P0050,Product 50,Books,6,350.69,03-05-2023 08:50,C002460,35,,U S A,SR007,0,2104.14
INV192466,P0164,,Grocery,5,5.56,45065,C001667,36,Female,India,SR002,0,27.8
INV167633,P0029,Product 29,SPORTS,6,339.92,16-10-2023 15:00,C000770,23,Male,Germany,SR002,0,2039.52
INV196441,P0079,Product 79,Toys,7,37.72,25-07-2023 22:23,C003208,52,Male,Frnace,SR009,0,264.04
INV137907,P0040,Product 40,Toyz,7,743.64,28-09-2023 03:53,C004018,61,Male,USA,SR014,0,5205.48
INV124356,P0142,Product 142,Toyz,1 units,361.82,"Apr 24, 2023 01:38 PM",C003229,31,Male,Frnace,SR020,0,361.82
INV169610,P0113,Product 113,home decor ,6,859,09-06-2023 20:06,C000422,56,Female,U S A,SR005,0,5154
INV151985,P0061,Product 61,home decor,7,275.37,"Feb 24, 2023 10:00 PM",C002915,41,Female,Austalia,SR011,0,1927.59
INV183863,P0004,Product 4,Automotive,3,300.6,25-08-2023 23:16,C001910,23,Female,USA,SR019,0,901.8
INV106561,P0090,Product 90,Fashon,8,437.35,45149,C001905,56,Female,Canada,SR019,0,3498.8
INV192965,P0004,Product 4,Automotive,6,156.59,"Jan 17, 2023 08:44 AM",C003512,47,Female,Australia,SR001,Y,939.54
INV196380,P0064,Product 64,home decor,9,946.33,24-02-2023 15:05,C002969,24,Male,India,SR017,0,8516.97
INV120199,P0200,Product 200  [refurbished],Home Decor,8,554.82,06-03-2023 04:47,C003736,64,Female,Canad,SR020,0,4438.56
INV105931,P0126,Product 126,Toys,1,$971.63,45271,C002869,32,Male,Germany,SR003,0,971.63
INV158836,P0197,Product 197,Beauty,9,173.37,13-02-2023 09:25,C004689,66,Male,Uk,SR015,0,1560.33
INV137458,P0107,Product 107,home decor,7,565.44,11-02-2023 03:51,C002026,64,Female,Inda,SR020,0,3958.08
INV181549,P0005,Product 5,Toys,6 units,941.87,45183,C000261,54,Male,Canada,SR019,0,5651.22
INV169141,P0016,Product 16  [refurbished],Fashon,2,47.42,09-01-2023 15:59,C003104,20,Female,India,SR010,0,94.84
INV177051,P0085,Product 85,Fashion,3,551.08,45134,C003647,20,,Germany,SR001,0,1653.24
INV129732,P0073,,Automotive,3,759.54,09-07-2023 12:23,C002102,31,,U S A,SR020,N,2278.62
INV190888,P0103,Product 103,Health,2,53.79,10-03-2023 18:48,C001635,51,Female,Canad,SR006,0,107.58
INV129189,P0040,Product 40,Toyz,9,667.45,45150,C004809,21,,France,SR008,0,6007.05
INV139551,P0179,Product 179,Health,9,417.91,18-05-2023 07:55,C002199,,Female,USA,SR004,0,3761.19
INV136164,P0184,Product 184,Electronics,6,696.74,15-01-2023 13:39,C002706,63,Male,Germany,SR011,0,4180.44
INV170181,P0114,Product 114,beauty ,3,677.61,02-02-2023 22:32,C001033,39,Female,Austalia,SR003,0,2032.83
INV133281,P0113,Product 113,home decor,1,820.17,23-01-2023 01:06,C000040,20,Male,Canada,SR013,0,820.17
INV133496,P0097,Product 97,SPORTS,1,123.45,45000,C003110,57,Male,Canad,SR001,0,123.45
INV178887,P0176,Product 176,Sports,8,617.09,"Apr 22, 2023 05:58 PM",C001979,59,Female,India,SR014,0,4936.72
INV199466,P0193,Product 193,Electronics,2,486.37,03-12-2023 08:20,C001113,51,Male,Uk,SR003,0,972.74
INV145783,P0138,Product 138,Books,8,737.33,03-11-2023 06:42,C001104,25,Male,Frnace,SR004,0,5898.64
INV175799,P0038,Product 38,Home Decor,6,695.84,13-08-2023 05:20,C003296 ,31,Female,Germny,SR014,0,4175.04
INV152449,P0166,Product 166,FASHION,7,453.83,04-05-2023 01:54,C004054,60,Female,Frnace,SR019,0,3176.81
INV164442,P0154,Product 154,Fashion,2,687.32,19-11-2023 23:32,C001879,20,,France,SR001,0,1374.64
INV168828,P0117,Product 117,home decor,2,291.38,14-09-2023 21:45,C003552,57,Female,USA,SR014,0,582.76
INV135274,P0070,Product 70,Automotive,8,330.86,16-10-2023 10:01,C002599,25,Male,U S A,SR017,0,2646.88
INV180694,P0061,,home decor,3,539.53,45181,C004749,57,Male,Germny,SR010,0,1618.59
INV140517,P0093,Product 93,Electronics,2,581.83,26-09-2023 14:17,,,Female,Untied States,SR003,0,1163.66
INV134714,P0104,Product 104,beauty ,5,378.42,01-02-2023 21:13,C000741,54,Male,Austalia,SR012,0,1892.1
INV191073,P0200,Product 200,Home Decor,3,436.74,29-08-2023 21:51,C004086,60,Male,Uk,SR013,0,1310.22
INV175805,P0069,Product 69,FASHON,1,875.57,08-12-2023 16:43,C002537,38,Male,Untied States,SR006,0,875.57
INV132068,P0128,Product 128,Electronics,2,728.96,45064,C003393,62,M,Inda,SR017,0,1457.92
INV106729,P0037,Product 37,BEAUTY ,4,702.34,45079,C000057,200,Male,UK,SR019,0,2809.36
INV131427,P0138,Product 138,Books,5,$249.53,45142,C001106,54,Male,Canad,SR019,0,1247.65
INV128699,P0009,Product 9,Automotive,3,558.53,20-01-2023 21:56,C000726,64,Female,Germany,SR007,0,1675.59
INV102133,P0105,Product 105 ***,Beauty,6,144.43,45002,C002387 ,60,Female,India,SR008,0,866.58
INV124359,P0012,Product 12  - damaged,FASHON,6,976.93,"Jun 26, 2023 07:22 PM",C001497,105,Female,India,SR014,0,5861.58
INV191490,P0053,Product 53,GROCERY,7,633.43,45195,,35,Female,Germny,SR002,0,4434.01
INV167832,P0048,Product 48,Fashon,7,$637.26,04-12-2023 21:14,C002245,24,Male,Canad,SR004,0,4460.82
INV142325,P0028,Product 28,Toys,3,65.53,21-05-2023 05:29,,24,Female,India,SR014,0,196.59
INV185034,P0092,Product 92  - damaged,Home Decor,5,65.82,15-07-2023 20:40,,53,Female,Germany,SR016,0,329.1
INV174305,P0179,Product 179 ***,Health,4,224.59,12-08-2023 08:33,C003167,61,Female,Canad,SR014,0,898.36
INV176976,P0040,Product 40,TOYZ,9,745.28,08-02-2023 17:05,C002496 ,21,Female,Inda,SR015,0,6707.52
INV186218,P0071,Product 71,electronisc,4,859.22,13-12-2023 17:20,C001964,26,Female,Untied States,SR006,0,3436.88
INV167343,P0037,Product 37,beauty ,6,968.47,30-05-2023 13:27,C001458,26,Male,UK,SR002,0,5810.82
INV170896,P0102,Product 102,Toys,2,948.81,22-01-2023 19:50,C000295,46,Female,Canad,SR006,0,1897.62
INV169099,P0049,Product 49,Fashion,6 units,141.17,06-07-2023 02:33,C002094,52,Male,Untied States,SR005,0,847.02
INV170644,P0137,Product 137,Electronics,3 units,578.32,22-03-2023 23:07,C002147,,Male,Australia,SR010,0,1734.96
INV104567,P0060,Product 60,BEAUTY ,1 units,958.54,05-12-2023 07:10,C001723,38,Female,U S A,SR012,0,$958.54 USD
INV135036,P0058,Product 58,GROCERY,2,357.91,"May 14, 2023 05:41 AM",C004745 ,22,Female,USA,SR010,0,715.82
INV168582,P0067,Product 67,Health,2 units,105.73,21-11-2023 02:51,C004915,68,Female,Inda,SR010,0,211.46
INV149624,P0122,Product 122,Grocery,6,176.85,11-10-2023 08:43,,39,Female,Canad,SR001,0,1061.1
INV11336,P0167,Product 167,Grocery,4,904.84,"Jan 13, 2023 08:44 PM",C001418,32,Female,U S A,SR015,0,3619.36
INV134816,P0086,Product 86,ELECTRONICS,5,284.34,17-05-2023 00:09,C001246,64,Female,Frnace,SR016,0,1421.7
INV119717,P0043,Product 43,Sports ,5,874.56,22-01-2023 03:17,C001157,47,Male,Uk,SR011,0,4372.8
INV141789,P0123,Product 123,Fashon,6,921.47,28-05-2023 10:12,C002618,28,Female,Austalia,SR010,0,5528.82
INV120354,P0187,Product 187,Home Decor,8,363.58,20-09-2023 02:07,C003301 ,45,Female,Inda,SR011,0,2908.64
INV178296,P0115,Product 115,electronisc,-3,930.8,25-09-2023 03:50,C002517,24,Male,Germany,SR015,1,-2792.4
INV196278,P0035,Product 35,Fashon,9,607.35,27-04-2023 23:41,C001087,27,Female,UK,SR001,0,5466.15
INV163921,P0149,Product 149,Beauty,1,33.88,"Feb 25, 2023 05:14 AM",C001149,19,Male,Australia,SR015,0,33.88
INV128170,P0060,Product 60,beauty ,7,888.92,20-09-2023 09:12,C003399,200,Male,Untied States,SR018,0,6222.44
INV140726,P0135,Product 135,Health,2,609.47,45138,C003673,,Female,Canada,SR010,0,1218.94
INV192836,P0171,Product 171,Electronics,5,285.86,45104,C003991,30,Female,Germany,SR008,0,"$1,429.30 USD"
INV137830,P0031,Product 31,Health,4,66.15,19-05-2023 10:09,C000700,42,Male,Frnace,SR017,0,264.6
INV108194,P0084,Product 84,Fashon,9,86.61,10-08-2023 22:23,3504,37,Female,Uk,SR012,0,779.49
INV105836,P0004,Product 4,Automotive,5,415.94,06-02-2023 21:59,C000530,20,Male,Austalia,SR020,0,2079.7
INV178290,P0162,Product 162,electronisc,8,449.09,45065,C004061,45,MALE,Inda,SR020,0,3592.72
INV152816,P0031,Product 31,Health,6,886.74,04-06-2023 07:50,C000473,45,Female,Untied States,SR009,0,5320.44
INV139108,P0028,Product 28,Toys,2,478.76,02-08-2023 06:48,C004251,37,Female,Canad,SR017,0,957.52
INV108398,P0046,Product 46,Books,9,147.67,03-10-2023 09:22,C002341,45,Female,Germany,SR011,0,1329.03
INV198742,P0192,Product 192,Fashion,6 units,699.73,16-04-2023 20:27,C001606,34,Female,Austalia,SR009,0,4198.38
INV167680,P0186,Product 186,Books,4,921.35,23-01-2023 22:00,C002739,54,Female,Untied States,SR015,0,3685.4
INV171024,P0188,Product 188,Toys,3,345.28,07-10-2023 13:09,C001751,45,Female,USA,SR003,0,1035.84
INV132799,P0022,Product 22,BEAUTY ,8,442.15,21-10-2023 09:22,C004799,35,male,Uk,SR019,0,3537.2
INV132862,P0091,Product 91  [refurbished],Automotive,9,601.09,14-05-2023 11:03,C004745,22,Female,U S A,SR018,0,5409.81
INV125851,P0135,Product 135,Health,6,637.85,27-09-2023 06:50,C002620,32,Female,U S A,SR012,0,3827.1
INV153608,P0057,Product 57,Automotive,2,613.03,19-12-2023 03:11,C004980,33,Female,Inda,SR016,0,1226.06
INV109071,P0081,Product 81,Toys,1,789.12,11-06-2023 12:10,C001876,68,Female,Frnace,SR008,0,789.12
INV164002,P0171,Product 171,Electronics,8,78.23,09-08-2023 16:12,C000911,9,Female,Canad,SR011,0,625.84
INV133772,P0134,Product 134,Automotive,5,828.63,07-02-2023 03:15,C004638,56,Female,Germany,SR001,0,4143.15
INV159326,P0010,Product 10,Home Decor,8,430.69,24-02-2023 11:43,C001930,33,female,Australia,SR004,0,3445.52
INV107241,P0094,Product 94,Home Decor,4,293.02,06-06-2023 19:40,C003196,22,Female,Canada,SR006,0,1172.08
INV102279,P0130,Product 130,Health,1,516.31,"Jan 17, 2023 03:41 PM",C002544,52,Female,Inda,SR001,0,516.31
INV108941,P0124,Product 124,Fashon,7 units,913.83,27-04-2023 19:44,,42,Male,Germny,SR020,0,6396.81
INV156748,P0065,Product 65,Electronics,1,24.46,44999,C001604,200,Male,Canad,SR016,1,24.46
INV109766,P0098,Product 98,Home Decor ,9,453.93,03-10-2023 13:20,C003668,64,Male,Germny,SR006,0,4085.37
INV138966,P0041,Product 41,Sports,3,422.85,24-11-2023 06:02,C001118,49,Male,Canad,SR007,0,1268.55
INV189530,P0036,Product 36,Automotive,7,145.54,45273,C003813,21,Male,France,SR020,0,1018.78
INV127547,P0174,Product 174,GROCERY,6,121.58,18-01-2023 20:43,C003963,47,Female,Austalia,SR017,0,729.48
INV175886,P0035,Product 35,FASHON,7,925.08,45283,C004259,54,female,Canad,SR017,0,6475.56
INV154132,P0054,Product 54,beauty ,9,817.41,19-09-2023 15:44,,33,Male,Australia,SR006,0,7356.69
INV169365,P0150,Product 150,Toyz,1,294.13,20-11-2023 10:02,C001270,42,Female,UK,SR018,0,294.13
INV151258,P0190,Product 190,GROCERY,4,383.04,29-10-2023 15:09,C001828,49,Female,Untied States,SR015,0,1532.16
INV119342,P0191,Product 191,Toyz,2,793.99,15-09-2023 00:04,C003028,29,Female,U S A,SR015,0,1587.98
INV111893,P0153,Product 153,Fashion,3,802.02,15-10-2023 13:18,C000272,29,Female,Inda,SR020,0,2406.06
INV151144,P0097,Product 97,SPORTS ,8,977.35,45229,C004423,40,Female,India,SR009,0,7818.8
INV105883,P0119,Product 119,Fashion,3,45.46,45133,C004431,31,Female,Uk,SR019,0,136.38
INV179123,P0117,Product 117,home decor,4 units,647.75,19-02-2023 07:50,1943,18,Male,Untied States,SR004,0,2591
INV122865,P0037,Product 37,beauty ,8,313.79,21-04-2023 23:41,C003363,21,Female,Canad,SR007,0,2510.32
INV168621,P0140,Product 140,beauty ,9,157.29,06-10-2023 20:19,C002719,45,Male,Austalia,SR013,0,1415.61
INV184606,P0093,Product 93,Electronics,3,347.06,18-03-2023 14:12,C000097,20,Male,France,SR019,0,1041.18
INV162466,P0026,Product 26,Toys,2,420.94,03-02-2023 04:58,C000008,41,Female,Untied States,SR007,0,841.88
INV184338,P0006,Product 6,electronisc,1,91.27,18-05-2023 07:58,C001076 ,67,Female,Germny,SR001,0,91.27
INV117747,P0047,Product 47,Sports ,2,390.24,24-11-2023 19:25,C001957,32,Male,USA,SR011,0,780.48
INV188223,P0171,Product 171,ELECTRONICS,6,777.26,06-09-2023 08:43,C001575,57,Male,Untied States,SR006,0,4663.56
INV180142,P0011,Product 11,FASHION,3,841.34,07-02-2023 02:46,C001202,51,Female,Inda,SR017,0,2524.02
INV167825,P0075,Product 75,Home Decor,2,437.77,15-11-2023 02:34,C001050,18,Male,Inda,SR015,0,875.54
INV124696,P0128,Product 128,Electronics,2,669.98,09-07-2023 03:11,C003961,64,Male,Canad,SR005,0,1339.96
INV146102,P0099,Product 99,Electronics,2,963.48,18-03-2023 08:52,C002796,36,Male,Untied States,SR006,0,1926.96
INV160170,P0120,Product 120,Books,4,335.36,03-12-2023 21:46,C004532,57,Female,Austalia,SR007,0,1341.44
INV106879,P0066,Product 66,Toys,7,969.09,44984,C002600,30,male,Germany,SR005,0,6783.63
INV156574,P0044,Product 44,Fashion,4,55.99,07-03-2023 20:04,C002768,42,Female,Germny,SR011,0,223.96
INV125707,P0104,Product 104,Beauty,4,313.33,"Oct 15, 2023 12:45 PM",C003208,52,Male,Canad,SR008,0,1253.32
INV100404,P0138,Product 138,Books,2,578.27,20-09-2023 12:14,C002658,53,Male,Australia,SR008,0,1156.54
INV145741,P0081,Product 81,Toys,7,16.84,23-08-2023 09:04,C001210,39,Male,Australia,SR009,0,117.88
INV123427,P0041,Product 41,Sports,7 units,303.82,14-01-2023 07:17,C001414,42,Female,Untied States,SR013,0,2126.74
INV188381,P0167,Product 167,Grocery,1,140.1,27-09-2023 04:13,C003177,43,MALE,Germny,SR005,0,140.1
INV110861,P0170,Product 170  - damaged,GROCERY,7,11.19,22-06-2023 01:08,C002692,38,Female,Canad,SR001,0,78.33
INV160582,P0192,Product 192,Fashion,5,746.62,06-11-2023 01:28,C004732 ,67,Female,Canada,SR004,0,3733.1
INV122413,P0136,Product 136,BEAUTY,8,678.31,11-05-2023 04:57,,28,Male,India,SR016,0,5426.48
